{"type": "FeatureCollection", "features": [{"type": "Feature", "properties": {"district": "Arganzuela", "color": [31, 119, 180]}, "geometry": {"type": "Polygon", "coordinates": [[[-3.677565, 40.391484], [-3.678288, 40.390909], [-3.678718, 40.3905], [-3.679149, 40.389993], [-3.682708, 40.384608], [-3.682853, 40.384445], [-3.683083, 40.384267], [-3.683111, 40.384245], [-3.683386, 40.384094], [-3.683824, 40.383904], [-3.684192, 40.383818], [-3.684311, 40.38379], [-3.684864, 40.3837], [-3.687022, 40.383351], [-3.687293, 40.383276], [-3.688236, 40.383017], [-3.688544, 40.38292], [-3.688645, 40.382888], [-3.688686, 40.382872], [-3.688898, 40.382791], [-3.689163, 40.382696], [-3.68933, 40.382637], [-3.690122, 40.382202], [-3.69231, 40.384153], [-3.695619, 40.386983], [-3.69809, 40.389096], [-3.699557, 40.390646], [-3.702393, 40.393645], [-3.703377, 40.394453], [-3.704399, 40.395085], [-3.704641, 40.395234], [-3.707344, 40.395895], [-3.708229, 40.396109], [-3.708786, 40.396277], [-3.709698, 40.396552], [-3.710294, 40.396801], [-3.710804, 40.397014], [-3.711387, 40.397331], [-3.712165, 40.397891], [-3.712737, 40.398356], [-3.713184, 40.398744], [-3.713448, 40.398959], [-3.714053, 40.399346], [-3.714899, 40.399668], [-3.715901, 40.399919], [-3.71642, 40.399985], [-3.716774, 40.399997], [-3.717074, 40.399981], [-3.71731, 40.399959], [-3.718963, 40.399833], [-3.719007, 40.39983], [-3.719316, 40.399835], [-3.719735, 40.399895], [-3.71999, 40.399949], [-3.720355, 40.400086], [-3.721131, 40.400511], [-3.721708, 40.400945], [-3.721835, 40.40115], [-3.721949, 40.401333], [-3.722219, 40.401963], [-3.722252, 40.402074], [-3.722398, 40.402566], [-3.722581, 40.403805], [-3.722658, 40.404183], [-3.722721, 40.404545], [-3.722743, 40.405218], [-3.722649, 40.405826], [-3.722367, 40.406743], [-3.722261, 40.40705], [-3.722219, 40.407174], [-3.721823, 40.408505], [-3.722611, 40.411379], [-3.722765, 40.411714], [-3.722871, 40.411907], [-3.7229, 40.411973], [-3.722918, 40.412013], [-3.722925, 40.412366], [-3.722925, 40.412376], [-3.722954, 40.413989], [-3.720495, 40.413952], [-3.719638, 40.41394], [-3.719432, 40.413935], [-3.718539, 40.413914], [-3.716939, 40.413916], [-3.717852, 40.412078], [-3.718338, 40.411113], [-3.71677, 40.408698], [-3.715232, 40.408082], [-3.713693, 40.407444], [-3.712048, 40.406744], [-3.711678, 40.406664], [-3.711283, 40.406562], [-3.709914, 40.40633], [-3.709538, 40.406277], [-3.708403, 40.406069], [-3.706507, 40.405678], [-3.703886, 40.405197], [-3.702972, 40.405063], [-3.702552, 40.405068], [-3.700984, 40.405501], [-3.700081, 40.405734], [-3.699377, 40.405928], [-3.697943, 40.406328], [-3.697875, 40.406347], [-3.695411, 40.406997], [-3.695289, 40.406952], [-3.694105, 40.407273], [-3.693966, 40.407294], [-3.693903, 40.407285], [-3.693849, 40.407256], [-3.693677, 40.407127], [-3.693227, 40.406986], [-3.693202, 40.407196], [-3.693162, 40.407345], [-3.69301, 40.40757], [-3.692969, 40.407618], [-3.692969, 40.407619], [-3.692835, 40.407775], [-3.692561, 40.408003], [-3.691855, 40.408436], [-3.691507, 40.40815], [-3.691397, 40.40811], [-3.691178, 40.407986], [-3.690824, 40.407755], [-3.690251, 40.40733], [-3.690213, 40.407356], [-3.689878, 40.40712], [-3.689162, 40.406721], [-3.688869, 40.406541], [-3.688616, 40.406385], [-3.687788, 40.40563], [-3.686696, 40.404635], [-3.684666, 40.403228], [-3.684636, 40.403216], [-3.682599, 40.40239], [-3.682522, 40.402358], [-3.682512, 40.402357], [-3.682462, 40.40235], [-3.682368, 40.402351], [-3.682293, 40.40237], [-3.682075, 40.402269], [-3.681214, 40.401868], [-3.680611, 40.401587], [-3.680076, 40.401338], [-3.679634, 40.401057], [-3.679602, 40.401036], [-3.679042, 40.400798], [-3.676796, 40.398954], [-3.676295, 40.398666], [-3.67595, 40.398408], [-3.675699, 40.398218], [-3.675052, 40.397538], [-3.674955, 40.397388], [-3.674431, 40.396573], [-3.673521, 40.394317], [-3.67352, 40.394314], [-3.674541, 40.393749], [-3.675257, 40.393263], [-3.676431, 40.39232], [-3.677565, 40.391484]]]}}, {"type": "Feature", "properties": {"district": "Barajas", "color": [174, 199, 232]}, "geometry": {"type": "Polygon", "coordinates": [[[-3.59325, 40.450048], [-3.59329, 40.450049], [-3.595591, 40.450118], [-3.597093, 40.450163], [-3.599597, 40.450168], [-3.601023, 40.450124], [-3.603392, 40.449888], [-3.60362, 40.451134], [-3.6037, 40.451544], [-3.603786, 40.451872], [-3.603889, 40.452172], [-3.604028, 40.452479], [-3.604137, 40.452687], [-3.604296, 40.452928], [-3.604454, 40.453147], [-3.60466, 40.453374], [-3.605435, 40.452759], [-3.605708, 40.452977], [-3.606184, 40.453275], [-3.606628, 40.453499], [-3.607715, 40.453884], [-3.608976, 40.45422], [-3.612337, 40.455287], [-3.613897, 40.456154], [-3.617391, 40.458149], [-3.620251, 40.45974], [-3.620927, 40.460142], [-3.621514, 40.460584], [-3.622174, 40.461215], [-3.622745, 40.461793], [-3.623579, 40.462637], [-3.62762, 40.468143], [-3.627939, 40.468473], [-3.62442, 40.468705], [-3.624403, 40.468873], [-3.624387, 40.469042], [-3.624985, 40.472667], [-3.625415, 40.472822], [-3.625588, 40.472884], [-3.626592, 40.475145], [-3.626545, 40.475155], [-3.626184, 40.475234], [-3.626107, 40.47525], [-3.62593, 40.475289], [-3.625504, 40.475462], [-3.625159, 40.475603], [-3.624651, 40.475869], [-3.623803, 40.476313], [-3.622971, 40.476734], [-3.62296, 40.47674], [-3.622666, 40.476939], [-3.622374, 40.477137], [-3.621935, 40.477476], [-3.621891, 40.477541], [-3.621791, 40.477689], [-3.621608, 40.477956], [-3.62139, 40.478295], [-3.620953, 40.478776], [-3.620767, 40.47886], [-3.620594, 40.478939], [-3.620348, 40.479052], [-3.620329, 40.47906], [-3.619953, 40.479182], [-3.619775, 40.479239], [-3.619264, 40.479404], [-3.618899, 40.479571], [-3.618654, 40.479683], [-3.618457, 40.479773], [-3.618315, 40.479883], [-3.617774, 40.480302], [-3.617652, 40.480397], [-3.617217, 40.48113], [-3.616819, 40.48192], [-3.616724, 40.482039], [-3.616484, 40.482339], [-3.616346, 40.482513], [-3.616319, 40.482597], [-3.616299, 40.482659], [-3.616238, 40.482851], [-3.616067, 40.483193], [-3.615992, 40.48334], [-3.615912, 40.4835], [-3.615219, 40.484151], [-3.615047, 40.484244], [-3.614859, 40.484346], [-3.614852, 40.48435], [-3.614848, 40.484397], [-3.614842, 40.484465], [-3.614819, 40.484743], [-3.614918, 40.485053], [-3.615008, 40.485333], [-3.614944, 40.485442], [-3.614609, 40.48601], [-3.614514, 40.486218], [-3.614285, 40.486718], [-3.614248, 40.4868], [-3.614111, 40.487242], [-3.61389, 40.487955], [-3.613686, 40.488034], [-3.613303, 40.488183], [-3.613047, 40.488381], [-3.612825, 40.48861], [-3.612416, 40.489032], [-3.61228, 40.489173], [-3.611954, 40.489282], [-3.611811, 40.48933], [-3.611509, 40.48943], [-3.61004, 40.489973], [-3.609382, 40.490144], [-3.60915, 40.490204], [-3.608496, 40.490374], [-3.606584, 40.490806], [-3.606302, 40.490863], [-3.606152, 40.490894], [-3.605411, 40.491043], [-3.605297, 40.491066], [-3.605103, 40.491179], [-3.604418, 40.491577], [-3.603999, 40.491785], [-3.602987, 40.492288], [-3.602913, 40.492354], [-3.601525, 40.493589], [-3.601061, 40.493578], [-3.600908, 40.493574], [-3.600594, 40.493567], [-3.600567, 40.493566], [-3.599827, 40.49392], [-3.599894, 40.493982], [-3.599932, 40.494017], [-3.600078, 40.494152], [-3.600318, 40.494556], [-3.600342, 40.494597], [-3.600416, 40.494722], [-3.600613, 40.495059], [-3.600664, 40.495633], [-3.600675, 40.495758], [-3.600685, 40.49688], [-3.600721, 40.496942], [-3.600788, 40.497057], [-3.600796, 40.497069], [-3.600882, 40.497218], [-3.601443, 40.497851], [-3.601836, 40.498399], [-3.602019, 40.499091], [-3.602026, 40.499117], [-3.602066, 40.499267], [-3.602295, 40.500049], [-3.60255, 40.500589], [-3.602584, 40.50066], [-3.602634, 40.500767], [-3.602819, 40.500981], [-3.603055, 40.501252], [-3.603119, 40.501459], [-3.603185, 40.501667], [-3.602804, 40.501447], [-3.602399, 40.501278], [-3.602252, 40.50127], [-3.602209, 40.501303], [-3.602152, 40.501435], [-3.602097, 40.501476], [-3.601944, 40.501476], [-3.601841, 40.50146], [-3.601736, 40.501445], [-3.601615, 40.501487], [-3.601476, 40.501621], [-3.601442, 40.501648], [-3.601391, 40.501688], [-3.601243, 40.501724], [-3.601043, 40.501695], [-3.600854, 40.501655], [-3.600683, 40.501665], [-3.600682, 40.501665], [-3.600508, 40.501708], [-3.60048, 40.501715], [-3.600286, 40.50178], [-3.60019, 40.501794], [-3.600016, 40.501748], [-3.600015, 40.501747], [-3.599932, 40.501712], [-3.59986, 40.501681], [-3.599818, 40.501636], [-3.599736, 40.50163], [-3.599632, 40.501676], [-3.59948, 40.501706], [-3.599386, 40.501685], [-3.59922, 40.501604], [-3.599013, 40.501503], [-3.59886, 40.501423], [-3.598848, 40.501424], [-3.598684, 40.501429], [-3.598654, 40.501422], [-3.598624, 40.501415], [-3.59847, 40.501339], [-3.598294, 40.501291], [-3.598005, 40.501254], [-3.597597, 40.501241], [-3.597257, 40.501213], [-3.59693, 40.501206], [-3.596748, 40.501186], [-3.596536, 40.501185], [-3.596318, 40.501189], [-3.596189, 40.501205], [-3.596165, 40.501212], [-3.595901, 40.50129], [-3.595738, 40.501322], [-3.595481, 40.501321], [-3.595239, 40.501289], [-3.59494, 40.501199], [-3.594818, 40.501173], [-3.594703, 40.501194], [-3.594502, 40.501227], [-3.594323, 40.501231], [-3.594221, 40.501269], [-3.594218, 40.501271], [-3.594153, 40.501355], [-3.594062, 40.501404], [-3.593845, 40.501454], [-3.593701, 40.501464], [-3.593496, 40.501439], [-3.593449, 40.501434], [-3.593381, 40.501424], [-3.593326, 40.501415], [-3.593321, 40.501415], [-3.593289, 40.501401], [-3.593231, 40.501536], [-3.58912, 40.504515], [-3.587946, 40.504958], [-3.58683, 40.505379], [-3.584716, 40.50672], [-3.583305, 40.508073], [-3.582946, 40.508417], [-3.582904, 40.508457], [-3.577951, 40.510371], [-3.57588, 40.510414], [-3.572048, 40.512405], [-3.571055, 40.512354], [-3.567287, 40.512164], [-3.564996, 40.512056], [-3.561755, 40.511157], [-3.561668, 40.510687], [-3.558383, 40.511256], [-3.554259, 40.511336], [-3.555129, 40.508567], [-3.554947, 40.505459], [-3.555213, 40.503154], [-3.555227, 40.503144], [-3.553406, 40.50246], [-3.553581, 40.502101], [-3.553551, 40.501614], [-3.553436, 40.501125], [-3.553378, 40.500557], [-3.553305, 40.499993], [-3.553032, 40.499554], [-3.552759, 40.499276], [-3.552408, 40.499007], [-3.552001, 40.498756], [-3.551794, 40.498613], [-3.550626, 40.497941], [-3.550053, 40.497659], [-3.549548, 40.497521], [-3.549535, 40.497518], [-3.549528, 40.497516], [-3.548922, 40.497323], [-3.548263, 40.497129], [-3.54812, 40.49709], [-3.547927, 40.497037], [-3.54723, 40.496847], [-3.545672, 40.496245], [-3.544647, 40.495848], [-3.544164, 40.495678], [-3.543318, 40.49513], [-3.542477, 40.494602], [-3.542108, 40.494181], [-3.541703, 40.493804], [-3.541792, 40.492767], [-3.541719, 40.492446], [-3.541609, 40.49217], [-3.5415, 40.491991], [-3.541261, 40.491601], [-3.541216, 40.491183], [-3.541215, 40.491172], [-3.541224, 40.491115], [-3.541259, 40.490903], [-3.541281, 40.49067], [-3.541288, 40.490547], [-3.541298, 40.490352], [-3.541225, 40.489958], [-3.541164, 40.489659], [-3.541119, 40.489309], [-3.541106, 40.488966], [-3.541044, 40.488717], [-3.540949, 40.488525], [-3.540825, 40.48842], [-3.54048, 40.488315], [-3.53987, 40.488096], [-3.539266, 40.487791], [-3.539265, 40.487791], [-3.538902, 40.487612], [-3.538562, 40.487435], [-3.538377, 40.487339], [-3.538271, 40.487284], [-3.538231, 40.487259], [-3.537864, 40.48703], [-3.537661, 40.486901], [-3.537499, 40.486797], [-3.537135, 40.486636], [-3.536933, 40.486388], [-3.536835, 40.486242], [-3.536824, 40.486224], [-3.537018, 40.485929], [-3.53714, 40.485594], [-3.537191, 40.485483], [-3.537208, 40.485444], [-3.537239, 40.485155], [-3.537248, 40.48507], [-3.537218, 40.484879], [-3.537243, 40.484859], [-3.537299, 40.484812], [-3.537309, 40.484664], [-3.537283, 40.484393], [-3.537208, 40.484188], [-3.537075, 40.483914], [-3.536943, 40.483664], [-3.536803, 40.483489], [-3.536477, 40.48308], [-3.536331, 40.482898], [-3.536238, 40.482782], [-3.536223, 40.482765], [-3.535942, 40.482432], [-3.5359, 40.482356], [-3.535886, 40.48233], [-3.535715, 40.482017], [-3.535711, 40.482004], [-3.535614, 40.481687], [-3.535561, 40.4816], [-3.53537, 40.481292], [-3.535214, 40.481067], [-3.53512, 40.480932], [-3.535019, 40.480591], [-3.534905, 40.480272], [-3.534914, 40.480232], [-3.534956, 40.480058], [-3.534986, 40.47993], [-3.535012, 40.479707], [-3.535012, 40.479706], [-3.535038, 40.479397], [-3.534933, 40.479296], [-3.534836, 40.479007], [-3.534744, 40.478731], [-3.534793, 40.478398], [-3.534761, 40.478001], [-3.534723, 40.477756], [-3.534757, 40.477468], [-3.534765, 40.477257], [-3.534768, 40.477158], [-3.534725, 40.476977], [-3.534724, 40.476807], [-3.534722, 40.476798], [-3.534666, 40.476583], [-3.534547, 40.476492], [-3.53443, 40.476051], [-3.534461, 40.475429], [-3.534468, 40.475012], [-3.534453, 40.474872], [-3.534379, 40.474185], [-3.534364, 40.473725], [-3.534355, 40.473452], [-3.534382, 40.473238], [-3.534406, 40.473051], [-3.53431, 40.472764], [-3.534258, 40.472608], [-3.533948, 40.472001], [-3.533325, 40.471438], [-3.532654, 40.471381], [-3.531712, 40.471316], [-3.531173, 40.471292], [-3.53084, 40.471282], [-3.530438, 40.47115], [-3.529882, 40.470942], [-3.52885, 40.470765], [-3.527643, 40.470549], [-3.526951, 40.470425], [-3.526021, 40.469982], [-3.525488, 40.46952], [-3.525398, 40.469442], [-3.525384, 40.469427], [-3.524929, 40.468964], [-3.524865, 40.468352], [-3.525021, 40.467439], [-3.525162, 40.466968], [-3.525468, 40.466732], [-3.52565, 40.466599], [-3.525774, 40.466509], [-3.525812, 40.466452], [-3.525812, 40.466451], [-3.525988, 40.46619], [-3.526096, 40.466024], [-3.526366, 40.465898], [-3.526458, 40.46584], [-3.526564, 40.465773], [-3.526744, 40.465551], [-3.526752, 40.465541], [-3.526887, 40.46537], [-3.526887, 40.465369], [-3.526868, 40.465246], [-3.526885, 40.465052], [-3.527046, 40.464872], [-3.527443, 40.464732], [-3.527678, 40.46462], [-3.527847, 40.464456], [-3.527893, 40.464412], [-3.528324, 40.463926], [-3.528337, 40.463913], [-3.528522, 40.463731], [-3.52869, 40.463589], [-3.528879, 40.463121], [-3.528934, 40.462936], [-3.529002, 40.462706], [-3.529085, 40.462447], [-3.529179, 40.462152], [-3.529446, 40.461348], [-3.529549, 40.460865], [-3.529544, 40.460242], [-3.529506, 40.460069], [-3.529432, 40.459731], [-3.529245, 40.458999], [-3.529134, 40.458696], [-3.529027, 40.458377], [-3.528653, 40.458055], [-3.528021, 40.457539], [-3.527409, 40.457042], [-3.527024, 40.45668], [-3.526726, 40.456279], [-3.52649, 40.455795], [-3.526612, 40.455582], [-3.526792, 40.455429], [-3.52699, 40.455359], [-3.527126, 40.455339], [-3.52746, 40.455288], [-3.527604, 40.455164], [-3.527622, 40.455149], [-3.528018, 40.454926], [-3.528362, 40.454855], [-3.528632, 40.454744], [-3.52884, 40.454597], [-3.528848, 40.454591], [-3.529372, 40.454478], [-3.530097, 40.45453], [-3.530149, 40.454538], [-3.530513, 40.454597], [-3.530514, 40.454597], [-3.53053, 40.454598], [-3.530677, 40.45461], [-3.531221, 40.454842], [-3.531583, 40.454841], [-3.532279, 40.454616], [-3.532793, 40.454434], [-3.532954, 40.454222], [-3.533403, 40.453782], [-3.533722, 40.453449], [-3.533762, 40.453407], [-3.534384, 40.45267], [-3.534519, 40.452486], [-3.534568, 40.452273], [-3.534492, 40.451914], [-3.534254, 40.451579], [-3.534243, 40.451557], [-3.534133, 40.451352], [-3.534071, 40.451234], [-3.533978, 40.451], [-3.533723, 40.450752], [-3.533598, 40.450532], [-3.533558, 40.450462], [-3.533519, 40.450117], [-3.533473, 40.449975], [-3.533352, 40.449606], [-3.53315, 40.449261], [-3.533072, 40.448984], [-3.533057, 40.44893], [-3.533039, 40.448644], [-3.533036, 40.448598], [-3.532908, 40.448336], [-3.532867, 40.448267], [-3.532669, 40.447936], [-3.53254, 40.447605], [-3.532452, 40.447434], [-3.532448, 40.447426], [-3.53212, 40.447095], [-3.531684, 40.446996], [-3.533091, 40.446644], [-3.533657, 40.446573], [-3.533955, 40.446558], [-3.534195, 40.446559], [-3.534421, 40.446571], [-3.534708, 40.446606], [-3.535023, 40.446668], [-3.535325, 40.446739], [-3.536453, 40.447051], [-3.537041, 40.447192], [-3.537619, 40.447306], [-3.539683, 40.447557], [-3.542721, 40.447896], [-3.547319, 40.448426], [-3.550935, 40.448821], [-3.55346, 40.449115], [-3.555617, 40.449335], [-3.557636, 40.449467], [-3.561488, 40.449582], [-3.573623, 40.449761], [-3.582325, 40.449889], [-3.587451, 40.449964], [-3.593247, 40.450049], [-3.59325, 40.450048]]]}}, {"type": "Feature", "properties": {"district": "Carabanchel", "color": [255, 127, 14]}, "geometry": {"type": "Polygon", "coordinates": [[[-3.720437, 40.367873], [-3.720717, 40.366442], [-3.720891, 40.365548], [-3.72346, 40.365372], [-3.727115, 40.364542], [-3.730557, 40.363345], [-3.734127, 40.362551], [-3.738556, 40.361547], [-3.743384, 40.36047], [-3.746675, 40.359778], [-3.750365, 40.358959], [-3.754416, 40.357987], [-3.75443, 40.357984], [-3.756732, 40.357476], [-3.757707, 40.357261], [-3.761519, 40.357941], [-3.766248, 40.358766], [-3.771149, 40.359863], [-3.771201, 40.359858], [-3.771624, 40.359825], [-3.770744, 40.360547], [-3.770525, 40.360621], [-3.768961, 40.362048], [-3.76672, 40.364093], [-3.763683, 40.365778], [-3.761806, 40.366896], [-3.762159, 40.36749], [-3.762909, 40.368786], [-3.762943, 40.369022], [-3.762247, 40.372623], [-3.761845, 40.374436], [-3.760016, 40.374885], [-3.75889, 40.37523], [-3.757877, 40.37554], [-3.757931, 40.375831], [-3.757911, 40.375919], [-3.757862, 40.37614], [-3.757814, 40.376313], [-3.757751, 40.376538], [-3.757582, 40.376909], [-3.757422, 40.377174], [-3.757242, 40.377474], [-3.756772, 40.377996], [-3.75595, 40.378552], [-3.756401, 40.379595], [-3.756834, 40.380451], [-3.757435, 40.381463], [-3.757877, 40.382205], [-3.758366, 40.382819], [-3.758853, 40.38323], [-3.759306, 40.38363], [-3.75865, 40.384109], [-3.755632, 40.383648], [-3.754783, 40.383592], [-3.75359, 40.383532], [-3.753037, 40.383548], [-3.751708, 40.384107], [-3.751587, 40.384157], [-3.749547, 40.385325], [-3.749516, 40.385344], [-3.746868, 40.386947], [-3.746185, 40.387361], [-3.745352, 40.387865], [-3.745132, 40.387917], [-3.744899, 40.387972], [-3.744736, 40.388011], [-3.744432, 40.388653], [-3.743814, 40.389962], [-3.743571, 40.390408], [-3.743274, 40.390752], [-3.742848, 40.391354], [-3.74225, 40.391899], [-3.740879, 40.393001], [-3.74084, 40.393031], [-3.739761, 40.393857], [-3.739165, 40.394294], [-3.73915, 40.394304], [-3.738978, 40.39443], [-3.738706, 40.394716], [-3.738631, 40.394795], [-3.738566, 40.394893], [-3.738431, 40.395095], [-3.738321, 40.39526], [-3.737865, 40.395945], [-3.737595, 40.396226], [-3.737509, 40.396316], [-3.737114, 40.396727], [-3.734764, 40.398541], [-3.734115, 40.399028], [-3.733506, 40.399484], [-3.732125, 40.40052], [-3.730903, 40.401437], [-3.730314, 40.401884], [-3.730309, 40.401888], [-3.729592, 40.402432], [-3.728618, 40.402889], [-3.728327, 40.403191], [-3.728157, 40.403368], [-3.727791, 40.403691], [-3.727587, 40.40387], [-3.727077, 40.404135], [-3.726819, 40.404342], [-3.72663, 40.404494], [-3.726338, 40.404829], [-3.726187, 40.404952], [-3.725999, 40.405104], [-3.725657, 40.405319], [-3.72552, 40.405404], [-3.72518, 40.405495], [-3.725071, 40.405524], [-3.724651, 40.405493], [-3.724771, 40.405038], [-3.724764, 40.404544], [-3.7236, 40.404551], [-3.722721, 40.404545], [-3.722658, 40.404183], [-3.722581, 40.403805], [-3.722398, 40.402566], [-3.722252, 40.402074], [-3.722219, 40.401963], [-3.721949, 40.401333], [-3.721835, 40.40115], [-3.721708, 40.400945], [-3.721131, 40.400511], [-3.720355, 40.400086], [-3.71999, 40.399949], [-3.719735, 40.399895], [-3.719316, 40.399835], [-3.719007, 40.39983], [-3.718963, 40.399833], [-3.71731, 40.399959], [-3.717074, 40.399981], [-3.716774, 40.399997], [-3.71642, 40.399985], [-3.715901, 40.399919], [-3.714899, 40.399668], [-3.714053, 40.399346], [-3.713448, 40.398959], [-3.713184, 40.398744], [-3.712737, 40.398356], [-3.712165, 40.397891], [-3.711387, 40.397331], [-3.710804, 40.397014], [-3.710294, 40.396801], [-3.709698, 40.396552], [-3.708786, 40.396277], [-3.708229, 40.396109], [-3.707344, 40.395895], [-3.704641, 40.395234], [-3.7063, 40.393264], [-3.706777, 40.39275], [-3.707229, 40.392289], [-3.707536, 40.392019], [-3.707937, 40.391704], [-3.708133, 40.391578], [-3.708279, 40.391487], [-3.70845, 40.391399], [-3.708688, 40.39128], [-3.708778, 40.391235], [-3.708795, 40.391227], [-3.709007, 40.391136], [-3.709105, 40.391093], [-3.709484, 40.390948], [-3.710248, 40.390645], [-3.711883, 40.389995], [-3.712009, 40.389946], [-3.712879, 40.389525], [-3.713012, 40.389429], [-3.713357, 40.389183], [-3.713683, 40.388911], [-3.713897, 40.388713], [-3.714232, 40.388403], [-3.714596, 40.388045], [-3.715023, 40.387646], [-3.715429, 40.387267], [-3.716391, 40.386368], [-3.716871, 40.385921], [-3.717556, 40.385281], [-3.718216, 40.383314], [-3.718352, 40.382891], [-3.718728, 40.38154], [-3.71896, 40.380393], [-3.719035, 40.379653], [-3.719367, 40.376396], [-3.719712, 40.374148], [-3.719764, 40.373809], [-3.720194, 40.370691], [-3.720437, 40.367873]]]}}, {"type": "Feature", "properties": {"district": "Centro", "color": [255, 187, 120]}, "geometry": {"type": "Polygon", "coordinates": [[[-3.691855, 40.408436], [-3.692561, 40.408003], [-3.692835, 40.407775], [-3.692969, 40.407619], [-3.692969, 40.407618], [-3.69301, 40.40757], [-3.693162, 40.407345], [-3.693202, 40.407196], [-3.693227, 40.406986], [-3.693677, 40.407127], [-3.693849, 40.407256], [-3.693903, 40.407285], [-3.693966, 40.407294], [-3.694105, 40.407273], [-3.695289, 40.406952], [-3.695411, 40.406997], [-3.697875, 40.406347], [-3.697943, 40.406328], [-3.699377, 40.405928], [-3.700081, 40.405734], [-3.700984, 40.405501], [-3.702552, 40.405068], [-3.702972, 40.405063], [-3.703886, 40.405197], [-3.706507, 40.405678], [-3.708403, 40.406069], [-3.709538, 40.406277], [-3.709914, 40.40633], [-3.711283, 40.406562], [-3.711678, 40.406664], [-3.712048, 40.406744], [-3.713693, 40.407444], [-3.715232, 40.408082], [-3.71677, 40.408698], [-3.718338, 40.411113], [-3.717852, 40.412078], [-3.716939, 40.413916], [-3.718539, 40.413914], [-3.719432, 40.413935], [-3.719638, 40.41394], [-3.720495, 40.413952], [-3.722954, 40.413989], [-3.72285, 40.415332], [-3.722379, 40.417175], [-3.722161, 40.418036], [-3.722053, 40.41846], [-3.721843, 40.41858], [-3.72151, 40.418771], [-3.721067, 40.419119], [-3.720699, 40.419469], [-3.7204, 40.419895], [-3.720298, 40.420068], [-3.720195, 40.420245], [-3.720189, 40.420255], [-3.718061, 40.420325], [-3.716802, 40.420342], [-3.715979, 40.420353], [-3.715505, 40.420403], [-3.715504, 40.420403], [-3.713896, 40.421478], [-3.713382, 40.421822], [-3.713332, 40.421905], [-3.713175, 40.422058], [-3.713043, 40.422187], [-3.711722, 40.422964], [-3.711163, 40.423292], [-3.710917, 40.423422], [-3.710894, 40.423434], [-3.711708, 40.424304], [-3.712457, 40.42536], [-3.713174, 40.426407], [-3.713897, 40.427463], [-3.714132, 40.427784], [-3.714528, 40.428321], [-3.715596, 40.429774], [-3.716196, 40.430603], [-3.716228, 40.430648], [-3.714633, 40.430468], [-3.713523, 40.430361], [-3.711862, 40.430194], [-3.710504, 40.430055], [-3.708828, 40.429881], [-3.708133, 40.429808], [-3.70813, 40.429807], [-3.707717, 40.429764], [-3.707497, 40.429748], [-3.707413, 40.429742], [-3.705806, 40.429606], [-3.703645, 40.429241], [-3.702406, 40.429059], [-3.701947, 40.428975], [-3.699411, 40.428426], [-3.697129, 40.427941], [-3.695762, 40.427642], [-3.695122, 40.427344], [-3.693836, 40.426725], [-3.691393, 40.425486], [-3.690455, 40.425262], [-3.691219, 40.423123], [-3.693089, 40.419335], [-3.692972, 40.418881], [-3.693166, 40.418477], [-3.693481, 40.416942], [-3.693604, 40.416345], [-3.693639, 40.415882], [-3.693441, 40.415135], [-3.693202, 40.414034], [-3.692897, 40.412637], [-3.69265, 40.411468], [-3.692366, 40.410201], [-3.692218, 40.409707], [-3.69194, 40.409082], [-3.692025, 40.408697], [-3.691855, 40.408436]]]}}, {"type": "Feature", "properties": {"district": "Chamartín", "color": [44, 160, 44]}, "geometry": {"type": "Polygon", "coordinates": [[[-3.681771, 40.437589], [-3.683116, 40.437652], [-3.684194, 40.437703], [-3.685194, 40.43775], [-3.686258, 40.4378], [-3.690702, 40.43795], [-3.691116, 40.439214], [-3.691786, 40.441259], [-3.691222, 40.44619], [-3.691157, 40.44747], [-3.690645, 40.452126], [-3.690216, 40.456121], [-3.689969, 40.459025], [-3.689835, 40.460578], [-3.689713, 40.461987], [-3.689589, 40.463418], [-3.689344, 40.466038], [-3.689066, 40.46714], [-3.68855, 40.469028], [-3.688309, 40.469913], [-3.687948, 40.471243], [-3.687546, 40.472659], [-3.687122, 40.474152], [-3.687096, 40.474248], [-3.686399, 40.476689], [-3.685761, 40.478852], [-3.685557, 40.47972], [-3.68532, 40.480523], [-3.685221, 40.480859], [-3.685199, 40.481001], [-3.685175, 40.481156], [-3.685129, 40.481346], [-3.685108, 40.481431], [-3.685079, 40.481697], [-3.6851, 40.481945], [-3.685111, 40.481986], [-3.685152, 40.48215], [-3.685228, 40.482293], [-3.685097, 40.482286], [-3.684867, 40.482274], [-3.684826, 40.482276], [-3.684717, 40.482282], [-3.684527, 40.482291], [-3.684254, 40.482333], [-3.683943, 40.4824], [-3.683621, 40.482485], [-3.683329, 40.482579], [-3.682156, 40.482984], [-3.681909, 40.483053], [-3.681427, 40.483189], [-3.681156, 40.483265], [-3.680941, 40.483325], [-3.680798, 40.483364], [-3.680473, 40.483452], [-3.680225, 40.483511], [-3.680065, 40.483549], [-3.679356, 40.483707], [-3.678994, 40.483772], [-3.678679, 40.483819], [-3.678522, 40.483841], [-3.678351, 40.483861], [-3.678294, 40.483868], [-3.678174, 40.483879], [-3.678028, 40.483893], [-3.678002, 40.483894], [-3.677777, 40.48391], [-3.677395, 40.483931], [-3.677343, 40.483933], [-3.677286, 40.483936], [-3.676639, 40.483964], [-3.676363, 40.483974], [-3.675916, 40.48399], [-3.674948, 40.484011], [-3.674468, 40.484024], [-3.673461, 40.484056], [-3.673525, 40.483418], [-3.673616, 40.482705], [-3.673682, 40.482191], [-3.67371, 40.482052], [-3.67388, 40.4812], [-3.674078, 40.480238], [-3.674167, 40.47976], [-3.6742, 40.479566], [-3.674232, 40.479373], [-3.674359, 40.478734], [-3.674391, 40.478358], [-3.674438, 40.477785], [-3.674433, 40.477205], [-3.674389, 40.476605], [-3.674367, 40.476418], [-3.674367, 40.476416], [-3.674333, 40.476112], [-3.674226, 40.475581], [-3.674182, 40.475448], [-3.674083, 40.475146], [-3.673743, 40.474133], [-3.673565, 40.473747], [-3.673248, 40.473062], [-3.671999, 40.471422], [-3.671106, 40.470249], [-3.668407, 40.466704], [-3.668228, 40.46636], [-3.667721, 40.465381], [-3.664937, 40.46003], [-3.664851, 40.459825], [-3.664355, 40.458535], [-3.663806, 40.456816], [-3.663419, 40.455083], [-3.663301, 40.454303], [-3.663128, 40.453162], [-3.662897, 40.451726], [-3.66284, 40.451371], [-3.662582, 40.450145], [-3.662337, 40.449107], [-3.662293, 40.448953], [-3.662155, 40.448472], [-3.661884, 40.447678], [-3.661688, 40.446985], [-3.661476, 40.446383], [-3.661195, 40.445671], [-3.660602, 40.444606], [-3.662666, 40.443894], [-3.664269, 40.443311], [-3.664303, 40.443299], [-3.665276, 40.442842], [-3.666115, 40.442374], [-3.666818, 40.441958], [-3.668449, 40.441005], [-3.66903, 40.440607], [-3.669937, 40.440058], [-3.670445, 40.439812], [-3.671041, 40.439575], [-3.671659, 40.439355], [-3.672318, 40.4392], [-3.673277, 40.439061], [-3.673384, 40.439045], [-3.674559, 40.438834], [-3.674933, 40.43875], [-3.675299, 40.438599], [-3.676957, 40.437624], [-3.677425, 40.437413], [-3.677633, 40.437419], [-3.679094, 40.437463], [-3.680507, 40.437529], [-3.681771, 40.437589]]]}}, {"type": "Feature", "properties": {"district": "Chamberí", "color": [152, 223, 138]}, "geometry": {"type": "Polygon", "coordinates": [[[-3.691393, 40.425486], [-3.693836, 40.426725], [-3.695122, 40.427344], [-3.695762, 40.427642], [-3.697129, 40.427941], [-3.699411, 40.428426], [-3.701947, 40.428975], [-3.702406, 40.429059], [-3.703645, 40.429241], [-3.705806, 40.429606], [-3.707413, 40.429742], [-3.707497, 40.429748], [-3.707717, 40.429764], [-3.70813, 40.429807], [-3.708133, 40.429808], [-3.708828, 40.429881], [-3.710504, 40.430055], [-3.711862, 40.430194], [-3.713523, 40.430361], [-3.714633, 40.430468], [-3.716228, 40.430648], [-3.716993, 40.43168], [-3.71717, 40.431922], [-3.71748, 40.432346], [-3.717609, 40.432521], [-3.717959, 40.432998], [-3.717613, 40.433092], [-3.71727, 40.4331], [-3.717233, 40.433101], [-3.718406, 40.434778], [-3.718271, 40.435542], [-3.718123, 40.436371], [-3.718075, 40.436639], [-3.717634, 40.439233], [-3.717608, 40.439431], [-3.7176, 40.439499], [-3.717596, 40.439637], [-3.717617, 40.439856], [-3.71764, 40.439937], [-3.717652, 40.439979], [-3.717883, 40.44043], [-3.718158, 40.440968], [-3.719165, 40.44285], [-3.719589, 40.443465], [-3.719789, 40.443756], [-3.719926, 40.444943], [-3.719921, 40.444993], [-3.719916, 40.445034], [-3.719886, 40.445094], [-3.719855, 40.445141], [-3.719781, 40.44521], [-3.719583, 40.445395], [-3.718988, 40.44594], [-3.718191, 40.446669], [-3.718, 40.446696], [-3.717668, 40.446727], [-3.717437, 40.446714], [-3.71727, 40.44668], [-3.717122, 40.446631], [-3.71571, 40.446094], [-3.71552, 40.446019], [-3.714751, 40.445772], [-3.712289, 40.446396], [-3.710446, 40.446863], [-3.709209, 40.447134], [-3.708307, 40.44709], [-3.706775, 40.446996], [-3.706089, 40.446954], [-3.703887, 40.446822], [-3.700943, 40.446653], [-3.700326, 40.446617], [-3.699343, 40.446562], [-3.698678, 40.446525], [-3.697119, 40.446446], [-3.69558, 40.4464], [-3.695057, 40.446384], [-3.691222, 40.44619], [-3.691786, 40.441259], [-3.691116, 40.439214], [-3.690702, 40.43795], [-3.689387, 40.4361], [-3.688778, 40.435204], [-3.688758, 40.435174], [-3.688413, 40.433054], [-3.688455, 40.432904], [-3.689037, 40.43062], [-3.68935, 40.429387], [-3.68971, 40.427999], [-3.690065, 40.426626], [-3.690455, 40.425262], [-3.691393, 40.425486]]]}}, {"type": "Feature", "properties": {"district": "Ciudad Lineal", "color": [214, 39, 40]}, "geometry": {"type": "Polygon", "coordinates": [[[-3.629034, 40.414823], [-3.629937, 40.415011], [-3.630669, 40.415112], [-3.631449, 40.415186], [-3.631897, 40.415193], [-3.6319, 40.415193], [-3.632487, 40.415201], [-3.633437, 40.415147], [-3.633805, 40.415126], [-3.634504, 40.415022], [-3.634906, 40.414961], [-3.637533, 40.414592], [-3.639087, 40.414459], [-3.640947, 40.414423], [-3.642885, 40.414513], [-3.644109, 40.414648], [-3.645418, 40.414856], [-3.646085, 40.414982], [-3.646472, 40.415055], [-3.64772, 40.415367], [-3.650134, 40.416092], [-3.654013, 40.417454], [-3.656292, 40.41805], [-3.658695, 40.418674], [-3.659152, 40.421462], [-3.65954, 40.423829], [-3.659652, 40.424511], [-3.660112, 40.426938], [-3.660589, 40.429458], [-3.66081, 40.431422], [-3.660193, 40.433939], [-3.660018, 40.434656], [-3.659904, 40.435119], [-3.659826, 40.435585], [-3.659715, 40.436244], [-3.65969, 40.436389], [-3.659602, 40.43692], [-3.659591, 40.436982], [-3.659399, 40.438273], [-3.659301, 40.438931], [-3.659288, 40.439243], [-3.659231, 40.440503], [-3.659239, 40.440681], [-3.659245, 40.440829], [-3.659311, 40.44174], [-3.659354, 40.442137], [-3.659485, 40.442624], [-3.659752, 40.443284], [-3.660121, 40.443944], [-3.660602, 40.444606], [-3.661195, 40.445671], [-3.661476, 40.446383], [-3.661688, 40.446985], [-3.661884, 40.447678], [-3.662155, 40.448472], [-3.662293, 40.448953], [-3.662337, 40.449107], [-3.662582, 40.450145], [-3.66284, 40.451371], [-3.662897, 40.451726], [-3.663128, 40.453162], [-3.663301, 40.454303], [-3.663419, 40.455083], [-3.663806, 40.456816], [-3.664355, 40.458535], [-3.664851, 40.459825], [-3.664937, 40.46003], [-3.667721, 40.465381], [-3.668228, 40.46636], [-3.668407, 40.466704], [-3.671106, 40.470249], [-3.671999, 40.471422], [-3.673248, 40.473062], [-3.673565, 40.473747], [-3.673743, 40.474133], [-3.674083, 40.475146], [-3.674182, 40.475448], [-3.674226, 40.475581], [-3.674333, 40.476112], [-3.674367, 40.476416], [-3.674367, 40.476418], [-3.674389, 40.476605], [-3.674433, 40.477205], [-3.674438, 40.477785], [-3.674391, 40.478358], [-3.674359, 40.478734], [-3.674232, 40.479373], [-3.6742, 40.479566], [-3.674167, 40.47976], [-3.674078, 40.480238], [-3.67388, 40.4812], [-3.67371, 40.482052], [-3.673682, 40.482191], [-3.673616, 40.482705], [-3.673525, 40.483418], [-3.673461, 40.484056], [-3.671345, 40.484132], [-3.671087, 40.484145], [-3.670268, 40.484183], [-3.669046, 40.484179], [-3.667211, 40.484101], [-3.666267, 40.483991], [-3.666118, 40.483974], [-3.664724, 40.483768], [-3.664696, 40.483764], [-3.664004, 40.483662], [-3.663728, 40.483618], [-3.659347, 40.482911], [-3.659587, 40.482795], [-3.661006, 40.482109], [-3.66118, 40.482007], [-3.663422, 40.479842], [-3.664876, 40.478367], [-3.665228, 40.477956], [-3.665525, 40.477475], [-3.665527, 40.477473], [-3.665642, 40.477147], [-3.665675, 40.477051], [-3.665759, 40.47679], [-3.665732, 40.476362], [-3.665556, 40.475345], [-3.665439, 40.474819], [-3.665434, 40.474801], [-3.665425, 40.474766], [-3.665158, 40.473804], [-3.664643, 40.47195], [-3.66345, 40.467478], [-3.662937, 40.465672], [-3.662487, 40.464063], [-3.662042, 40.463374], [-3.660431, 40.46225], [-3.660337, 40.462186], [-3.656284, 40.459431], [-3.65625, 40.459343], [-3.655873, 40.458902], [-3.655454, 40.458369], [-3.655146, 40.45801], [-3.654207, 40.456918], [-3.652868, 40.455444], [-3.651307, 40.453705], [-3.650081, 40.45208], [-3.649995, 40.452041], [-3.64993, 40.451955], [-3.649665, 40.4516], [-3.649664, 40.451599], [-3.649326, 40.451146], [-3.648116, 40.449453], [-3.647442, 40.44857], [-3.646474, 40.447689], [-3.644905, 40.446911], [-3.643122, 40.446073], [-3.640472, 40.444786], [-3.640225, 40.444627], [-3.640013, 40.444458], [-3.639719, 40.44421], [-3.639448, 40.443944], [-3.639165, 40.443678], [-3.638988, 40.443438], [-3.638359, 40.442592], [-3.637523, 40.441418], [-3.637315, 40.441127], [-3.63659, 40.440126], [-3.635468, 40.438577], [-3.638029, 40.437887], [-3.636571, 40.435869], [-3.63569, 40.434648], [-3.635171, 40.433958], [-3.634858, 40.433523], [-3.634443, 40.432945], [-3.63392, 40.432227], [-3.633838, 40.432116], [-3.633704, 40.431927], [-3.633072, 40.431042], [-3.632363, 40.430068], [-3.632107, 40.429716], [-3.632024, 40.429602], [-3.631645, 40.429083], [-3.631274, 40.428566], [-3.630702, 40.427769], [-3.630066, 40.426884], [-3.629521, 40.426176], [-3.629402, 40.425994], [-3.628409, 40.424483], [-3.627415, 40.423249], [-3.6266, 40.422117], [-3.626165, 40.421514], [-3.625403, 40.420456], [-3.624569, 40.419323], [-3.624459, 40.419159], [-3.6243, 40.418954], [-3.624173, 40.418766], [-3.624113, 40.418674], [-3.623849, 40.41823], [-3.622825, 40.416869], [-3.62232, 40.416147], [-3.622101, 40.415846], [-3.621887, 40.415525], [-3.62162, 40.415156], [-3.62136, 40.414781], [-3.620362, 40.413083], [-3.621373, 40.41306], [-3.621812, 40.413067], [-3.62216, 40.41308], [-3.622477, 40.413103], [-3.623304, 40.413187], [-3.624236, 40.41335], [-3.625075, 40.413539], [-3.625649, 40.413713], [-3.626698, 40.414074], [-3.62759, 40.414382], [-3.628047, 40.414536], [-3.628612, 40.414701], [-3.629034, 40.414823]]]}}, {"type": "Feature", "properties": {"district": "Fuencarral - El Pardo", "color": [255, 152, 150]}, "geometry": {"type": "Polygon", "coordinates": [[[-3.703192, 40.472742], [-3.703436, 40.472513], [-3.703471, 40.472484], [-3.703748, 40.472252], [-3.703993, 40.472105], [-3.704386, 40.471947], [-3.70461, 40.471888], [-3.704662, 40.471875], [-3.704878, 40.47184], [-3.705213, 40.471808], [-3.707324, 40.471607], [-3.707426, 40.471598], [-3.708546, 40.471499], [-3.710712, 40.471307], [-3.711131, 40.471216], [-3.711392, 40.471136], [-3.711624, 40.471035], [-3.711664, 40.471018], [-3.711949, 40.470839], [-3.712087, 40.470726], [-3.712172, 40.470657], [-3.71237, 40.470428], [-3.712423, 40.47035], [-3.712508, 40.470222], [-3.712603, 40.470012], [-3.712639, 40.469891], [-3.712677, 40.469739], [-3.712703, 40.469635], [-3.71272, 40.469568], [-3.712721, 40.469565], [-3.712744, 40.469472], [-3.71279, 40.46937], [-3.712809, 40.469328], [-3.712874, 40.469164], [-3.712958, 40.468987], [-3.713037, 40.468871], [-3.71306, 40.468838], [-3.713168, 40.468665], [-3.713209, 40.468608], [-3.713278, 40.468514], [-3.713368, 40.468603], [-3.71352, 40.468762], [-3.713646, 40.468893], [-3.713791, 40.469044], [-3.714035, 40.469321], [-3.71421, 40.469479], [-3.71454, 40.469632], [-3.715702, 40.469924], [-3.717643, 40.470412], [-3.719699, 40.470929], [-3.720072, 40.471023], [-3.720429, 40.471111], [-3.728001, 40.47296], [-3.728531, 40.472878], [-3.729249, 40.472779], [-3.729587, 40.472732], [-3.730387, 40.472659], [-3.731388, 40.47263], [-3.731932, 40.472645], [-3.732233, 40.472653], [-3.732418, 40.472658], [-3.733207, 40.472706], [-3.733416, 40.472729], [-3.733563, 40.472745], [-3.733944, 40.472792], [-3.734366, 40.472858], [-3.734632, 40.4729], [-3.734896, 40.472954], [-3.735667, 40.47311], [-3.735953, 40.473177], [-3.737561, 40.473557], [-3.739373, 40.47398], [-3.740286, 40.474194], [-3.740833, 40.474302], [-3.741304, 40.474358], [-3.741417, 40.474364], [-3.741471, 40.474367], [-3.742258, 40.474407], [-3.743227, 40.474427], [-3.743646, 40.474435], [-3.744687, 40.474452], [-3.745702, 40.474467], [-3.746261, 40.474472], [-3.746617, 40.47448], [-3.747294, 40.474482], [-3.747468, 40.474476], [-3.747888, 40.474419], [-3.748137, 40.474381], [-3.748353, 40.474345], [-3.748605, 40.474283], [-3.748852, 40.474194], [-3.749002, 40.474131], [-3.749191, 40.474042], [-3.749318, 40.473975], [-3.749439, 40.473902], [-3.749571, 40.473819], [-3.749718, 40.473712], [-3.749846, 40.473608], [-3.749961, 40.473504], [-3.750054, 40.473411], [-3.750185, 40.473264], [-3.75027, 40.473155], [-3.750375, 40.473004], [-3.750469, 40.472843], [-3.750566, 40.472619], [-3.750662, 40.472315], [-3.750688, 40.472077], [-3.75069, 40.471842], [-3.750658, 40.471554], [-3.750426, 40.470581], [-3.750362, 40.470313], [-3.750316, 40.470118], [-3.750587, 40.470652], [-3.750717, 40.471078], [-3.751347, 40.473134], [-3.751471, 40.473656], [-3.751499, 40.473807], [-3.751521, 40.473925], [-3.751558, 40.474138], [-3.751627, 40.474543], [-3.751748, 40.47561], [-3.751787, 40.476173], [-3.751759, 40.476599], [-3.751724, 40.476855], [-3.751512, 40.478419], [-3.75151, 40.478459], [-3.753559, 40.47824], [-3.753554, 40.47821], [-3.753541, 40.478146], [-3.754085, 40.478099], [-3.754369, 40.478069], [-3.754449, 40.478061], [-3.754499, 40.478188], [-3.754488, 40.47831], [-3.754487, 40.478323], [-3.754485, 40.47852], [-3.754414, 40.478657], [-3.75434, 40.478857], [-3.754328, 40.478908], [-3.754286, 40.479092], [-3.754249, 40.479258], [-3.754245, 40.479377], [-3.754259, 40.479382], [-3.754312, 40.479403], [-3.754348, 40.479408], [-3.754365, 40.479411], [-3.754391, 40.479415], [-3.754417, 40.479419], [-3.754447, 40.479429], [-3.754466, 40.479435], [-3.754471, 40.47944], [-3.754486, 40.479455], [-3.754507, 40.479464], [-3.754531, 40.479474], [-3.754591, 40.479493], [-3.754633, 40.479506], [-3.754801, 40.47955], [-3.75489, 40.479594], [-3.754948, 40.479619], [-3.755048, 40.479662], [-3.755081, 40.479671], [-3.755117, 40.479681], [-3.755169, 40.479687], [-3.755314, 40.479674], [-3.755354, 40.479675], [-3.755411, 40.479692], [-3.755471, 40.479711], [-3.75549, 40.479714], [-3.755519, 40.479718], [-3.755529, 40.479718], [-3.755549, 40.479718], [-3.75559, 40.479719], [-3.7556, 40.479719], [-3.755614, 40.479717], [-3.755668, 40.479711], [-3.755764, 40.479697], [-3.755777, 40.479695], [-3.755833, 40.479684], [-3.755854, 40.479674], [-3.755878, 40.479662], [-3.755908, 40.47963], [-3.755912, 40.479601], [-3.755911, 40.479524], [-3.75591, 40.47951], [-3.755966, 40.47947], [-3.756043, 40.479449], [-3.756055, 40.479446], [-3.756104, 40.479448], [-3.756134, 40.479449], [-3.756196, 40.479467], [-3.756228, 40.47948], [-3.756241, 40.479485], [-3.756374, 40.479597], [-3.756512, 40.479715], [-3.756564, 40.479727], [-3.756659, 40.479727], [-3.75675, 40.479715], [-3.756769, 40.479712], [-3.756839, 40.479715], [-3.756871, 40.479717], [-3.756943, 40.479718], [-3.757034, 40.479734], [-3.757055, 40.479751], [-3.757059, 40.479754], [-3.757083, 40.479761], [-3.75712, 40.479771], [-3.757138, 40.479774], [-3.757185, 40.479781], [-3.757344, 40.479765], [-3.757349, 40.479765], [-3.757421, 40.479748], [-3.757575, 40.479712], [-3.757453, 40.479306], [-3.757473, 40.479131], [-3.7575, 40.479036], [-3.757511, 40.478999], [-3.757597, 40.478861], [-3.757697, 40.478701], [-3.757734, 40.478618], [-3.757763, 40.478552], [-3.757766, 40.478536], [-3.757802, 40.478368], [-3.758155, 40.474651], [-3.758185, 40.474558], [-3.758204, 40.474503], [-3.758258, 40.474406], [-3.758275, 40.474376], [-3.758304, 40.474341], [-3.758367, 40.474268], [-3.758399, 40.474244], [-3.758456, 40.474202], [-3.758562, 40.474149], [-3.758572, 40.474144], [-3.758692, 40.474103], [-3.758851, 40.474084], [-3.758986, 40.474082], [-3.759174, 40.474103], [-3.759189, 40.474105], [-3.759104, 40.474066], [-3.758595, 40.473834], [-3.758452, 40.47375], [-3.758372, 40.47367], [-3.758291, 40.473534], [-3.758262, 40.473353], [-3.758288, 40.472569], [-3.758391, 40.47256], [-3.758425, 40.472556], [-3.758613, 40.472566], [-3.758714, 40.47261], [-3.758773, 40.472627], [-3.7588, 40.472635], [-3.75886, 40.472634], [-3.758895, 40.472634], [-3.75901, 40.472609], [-3.759046, 40.472598], [-3.759099, 40.472583], [-3.759175, 40.472553], [-3.75923, 40.472531], [-3.759332, 40.472483], [-3.759434, 40.472473], [-3.759474, 40.472457], [-3.759499, 40.472447], [-3.759505, 40.472442], [-3.759601, 40.472365], [-3.759663, 40.472337], [-3.759728, 40.472307], [-3.759838, 40.472287], [-3.759871, 40.472281], [-3.759903, 40.47228], [-3.759962, 40.472276], [-3.760096, 40.472298], [-3.760211, 40.472304], [-3.760241, 40.472305], [-3.760251, 40.472307], [-3.76039, 40.472328], [-3.760481, 40.472329], [-3.760808, 40.472313], [-3.761065, 40.472309], [-3.761561, 40.472301], [-3.761972, 40.472294], [-3.762269, 40.472288], [-3.762411, 40.472289], [-3.762513, 40.472305], [-3.76259, 40.472318], [-3.762773, 40.472359], [-3.763031, 40.472416], [-3.763135, 40.472422], [-3.763211, 40.472427], [-3.763363, 40.472424], [-3.763414, 40.472423], [-3.763476, 40.472438], [-3.763595, 40.472517], [-3.76355, 40.473391], [-3.763633, 40.473402], [-3.765868, 40.473928], [-3.765916, 40.473939], [-3.766431, 40.47406], [-3.766451, 40.474075], [-3.76646, 40.474078], [-3.766473, 40.474083], [-3.766864, 40.474117], [-3.76762, 40.474187], [-3.768094, 40.474231], [-3.768109, 40.474233], [-3.768328, 40.474255], [-3.768555, 40.474278], [-3.768738, 40.474288], [-3.768918, 40.474306], [-3.769051, 40.474319], [-3.769345, 40.474333], [-3.769447, 40.474346], [-3.769583, 40.474365], [-3.770329, 40.474428], [-3.770855, 40.474478], [-3.771062, 40.474497], [-3.771468, 40.474508], [-3.771551, 40.47451], [-3.771712, 40.474513], [-3.772026, 40.474516], [-3.772248, 40.474519], [-3.772351, 40.474519], [-3.772472, 40.474518], [-3.772746, 40.474523], [-3.775685, 40.474568], [-3.776735, 40.474584], [-3.77679, 40.474584], [-3.776869, 40.474585], [-3.776997, 40.474585], [-3.777339, 40.474586], [-3.777747, 40.474591], [-3.777882, 40.474593], [-3.778129, 40.474595], [-3.778217, 40.474596], [-3.7784, 40.474597], [-3.778737, 40.4746], [-3.778842, 40.474601], [-3.778955, 40.474602], [-3.779118, 40.474603], [-3.779904, 40.474614], [-3.780263, 40.474621], [-3.780967, 40.474634], [-3.781944, 40.474312], [-3.782677, 40.474023], [-3.782865, 40.47395], [-3.783228, 40.473808], [-3.784009, 40.473613], [-3.785481, 40.473246], [-3.786042, 40.47311], [-3.786753, 40.472912], [-3.787246, 40.472778], [-3.787457, 40.472716], [-3.78747, 40.472712], [-3.787546, 40.472691], [-3.787663, 40.472659], [-3.788113, 40.472529], [-3.788249, 40.472489], [-3.788499, 40.472414], [-3.788819, 40.472314], [-3.789299, 40.472158], [-3.789906, 40.471961], [-3.790942, 40.471565], [-3.790997, 40.471539], [-3.791006, 40.471534], [-3.79108, 40.471491], [-3.7915, 40.471245], [-3.791716, 40.471122], [-3.791899, 40.471019], [-3.792128, 40.470915], [-3.792173, 40.470895], [-3.792188, 40.470887], [-3.792265, 40.470849], [-3.792301, 40.470835], [-3.792343, 40.470818], [-3.792401, 40.4708], [-3.792443, 40.470787], [-3.7925, 40.47077], [-3.793323, 40.470504], [-3.793379, 40.470484], [-3.793394, 40.470479], [-3.794359, 40.470164], [-3.794457, 40.470135], [-3.794592, 40.470096], [-3.795001, 40.469998], [-3.795147, 40.469964], [-3.795273, 40.469935], [-3.795429, 40.469898], [-3.795507, 40.469878], [-3.795524, 40.469873], [-3.795626, 40.469854], [-3.795635, 40.469852], [-3.7961, 40.469765], [-3.796261, 40.469731], [-3.796814, 40.469629], [-3.797645, 40.469476], [-3.798338, 40.469437], [-3.798888, 40.469405], [-3.79916, 40.469389], [-3.799234, 40.469384], [-3.799364, 40.469377], [-3.799386, 40.469375], [-3.799407, 40.469372], [-3.800004, 40.469259], [-3.800137, 40.469215], [-3.800179, 40.469202], [-3.80104, 40.469448], [-3.801822, 40.469672], [-3.802093, 40.469748], [-3.802359, 40.469823], [-3.802628, 40.469899], [-3.802867, 40.469968], [-3.80307, 40.470026], [-3.803801, 40.470235], [-3.805056, 40.470595], [-3.805545, 40.470735], [-3.806057, 40.470881], [-3.810254, 40.472077], [-3.810727, 40.472212], [-3.811942, 40.472557], [-3.812334, 40.472665], [-3.812388, 40.47268], [-3.812488, 40.472708], [-3.812546, 40.472725], [-3.812582, 40.472736], [-3.812652, 40.472756], [-3.812758, 40.472785], [-3.812917, 40.472829], [-3.813088, 40.472878], [-3.81325, 40.472923], [-3.813523, 40.473001], [-3.81364, 40.473035], [-3.81374, 40.473064], [-3.814141, 40.473179], [-3.81445, 40.473267], [-3.814564, 40.4733], [-3.814733, 40.473348], [-3.815635, 40.473606], [-3.815875, 40.473674], [-3.815979, 40.473703], [-3.816148, 40.47375], [-3.816458, 40.473841], [-3.816812, 40.473943], [-3.817316, 40.474087], [-3.817491, 40.474134], [-3.817604, 40.474164], [-3.817655, 40.474179], [-3.817841, 40.474233], [-3.818302, 40.474366], [-3.818712, 40.474483], [-3.81888, 40.474531], [-3.819166, 40.474612], [-3.819247, 40.474636], [-3.819328, 40.474659], [-3.819709, 40.474767], [-3.8201, 40.474876], [-3.820215, 40.474909], [-3.820217, 40.474909], [-3.820567, 40.475008], [-3.820868, 40.475094], [-3.821248, 40.475204], [-3.821738, 40.475343], [-3.821932, 40.475399], [-3.822502, 40.475563], [-3.822696, 40.475618], [-3.822957, 40.475692], [-3.823324, 40.475798], [-3.823383, 40.475815], [-3.823507, 40.47585], [-3.823827, 40.47594], [-3.824568, 40.476151], [-3.82469, 40.476186], [-3.825186, 40.476328], [-3.825678, 40.476467], [-3.826126, 40.476595], [-3.826504, 40.476702], [-3.826593, 40.476727], [-3.826701, 40.476758], [-3.827112, 40.476875], [-3.827516, 40.47699], [-3.827744, 40.477054], [-3.827823, 40.477076], [-3.828201, 40.47718], [-3.828472, 40.477258], [-3.828482, 40.477261], [-3.828526, 40.477274], [-3.828705, 40.477327], [-3.828731, 40.477334], [-3.828863, 40.477371], [-3.829246, 40.477478], [-3.829272, 40.477486], [-3.829575, 40.477571], [-3.829785, 40.477631], [-3.829965, 40.477684], [-3.830251, 40.477763], [-3.830575, 40.477858], [-3.830689, 40.477891], [-3.83088, 40.477945], [-3.831255, 40.478052], [-3.831729, 40.478186], [-3.831839, 40.478218], [-3.832234, 40.478334], [-3.83267, 40.478452], [-3.832718, 40.478466], [-3.832728, 40.478469], [-3.83276, 40.478478], [-3.833081, 40.478562], [-3.833369, 40.478645], [-3.8336, 40.478712], [-3.834123, 40.478864], [-3.834213, 40.478889], [-3.834668, 40.47902], [-3.83489, 40.479083], [-3.835192, 40.479168], [-3.835741, 40.479324], [-3.83665, 40.479581], [-3.83665, 40.479584], [-3.836483, 40.48055], [-3.836466, 40.48059], [-3.83647, 40.480599], [-3.836482, 40.48063], [-3.836697, 40.480825], [-3.836542, 40.480992], [-3.836433, 40.481108], [-3.836344, 40.481202], [-3.836336, 40.481262], [-3.836336, 40.481297], [-3.836335, 40.481301], [-3.836324, 40.481331], [-3.836315, 40.481348], [-3.836312, 40.481352], [-3.836277, 40.481562], [-3.836277, 40.481565], [-3.836263, 40.481639], [-3.836248, 40.481724], [-3.836016, 40.482044], [-3.836009, 40.482052], [-3.835912, 40.482104], [-3.835636, 40.482249], [-3.835545, 40.482299], [-3.835093, 40.482546], [-3.8347, 40.483193], [-3.834229, 40.484005], [-3.834206, 40.484051], [-3.834184, 40.484096], [-3.834181, 40.484109], [-3.834179, 40.484117], [-3.834118, 40.48427], [-3.833918, 40.484785], [-3.833793, 40.485115], [-3.833757, 40.485209], [-3.83354, 40.485563], [-3.833361, 40.485856], [-3.833292, 40.48597], [-3.833317, 40.486152], [-3.833247, 40.486889], [-3.833174, 40.487589], [-3.833165, 40.487685], [-3.833151, 40.487834], [-3.83316, 40.487906], [-3.833193, 40.488159], [-3.833265, 40.488674], [-3.833295, 40.488893], [-3.833383, 40.489573], [-3.833391, 40.489661], [-3.833393, 40.489671], [-3.833396, 40.489681], [-3.833412, 40.489823], [-3.833414, 40.489839], [-3.833647, 40.490519], [-3.83369, 40.490645], [-3.834044, 40.491591], [-3.83419, 40.491972], [-3.834263, 40.492681], [-3.834341, 40.493374], [-3.834353, 40.493483], [-3.834372, 40.493567], [-3.834382, 40.493635], [-3.834399, 40.493769], [-3.834438, 40.494063], [-3.834611, 40.49429], [-3.834713, 40.494426], [-3.835681, 40.495278], [-3.836391, 40.496096], [-3.8368, 40.496566], [-3.83737, 40.497245], [-3.837663, 40.497591], [-3.837793, 40.497733], [-3.838603, 40.498558], [-3.839402, 40.499385], [-3.839289, 40.499926], [-3.839143, 40.500621], [-3.839108, 40.500769], [-3.838968, 40.501359], [-3.838909, 40.501623], [-3.83865, 40.502782], [-3.837918, 40.503927], [-3.837806, 40.504102], [-3.83777, 40.504159], [-3.837705, 40.504289], [-3.837661, 40.504376], [-3.837584, 40.504594], [-3.837576, 40.504617], [-3.837495, 40.504846], [-3.837484, 40.504876], [-3.83743, 40.505023], [-3.837109, 40.505892], [-3.838469, 40.506248], [-3.838628, 40.50629], [-3.838782, 40.506331], [-3.838794, 40.506336], [-3.83881, 40.506342], [-3.838838, 40.506364], [-3.838862, 40.506384], [-3.838891, 40.506391], [-3.838903, 40.506393], [-3.838933, 40.506398], [-3.838965, 40.506402], [-3.838972, 40.506402], [-3.838989, 40.506395], [-3.839013, 40.506401], [-3.839033, 40.506403], [-3.839049, 40.506405], [-3.839081, 40.50641], [-3.839186, 40.506438], [-3.839393, 40.506494], [-3.839538, 40.506532], [-3.840938, 40.506896], [-3.842036, 40.507183], [-3.843005, 40.507428], [-3.844028, 40.507699], [-3.845101, 40.507974], [-3.846691, 40.508395], [-3.847687, 40.508652], [-3.848189, 40.508784], [-3.849169, 40.50904], [-3.849625, 40.508871], [-3.849734, 40.508831], [-3.850643, 40.509113], [-3.85132, 40.50933], [-3.852075, 40.509547], [-3.852227, 40.509599], [-3.852378, 40.509691], [-3.852539, 40.509788], [-3.85258, 40.509936], [-3.852586, 40.509981], [-3.85258, 40.509998], [-3.852576, 40.510012], [-3.852577, 40.510082], [-3.852594, 40.510177], [-3.852645, 40.510242], [-3.852685, 40.510266], [-3.852724, 40.510289], [-3.852833, 40.510388], [-3.852834, 40.510389], [-3.852837, 40.510392], [-3.852933, 40.510484], [-3.852934, 40.510485], [-3.853325, 40.510966], [-3.853358, 40.511007], [-3.853441, 40.511108], [-3.853557, 40.511256], [-3.853618, 40.511339], [-3.853748, 40.511562], [-3.853804, 40.511654], [-3.853995, 40.511968], [-3.854013, 40.511998], [-3.853978, 40.512132], [-3.853847, 40.512631], [-3.853624, 40.513463], [-3.853436, 40.514222], [-3.853355, 40.51454], [-3.853039, 40.514817], [-3.852697, 40.515082], [-3.852229, 40.515469], [-3.852117, 40.515875], [-3.85205, 40.516121], [-3.851971, 40.516413], [-3.851891, 40.516679], [-3.851887, 40.516726], [-3.851845, 40.516778], [-3.851739, 40.51691], [-3.851558, 40.517138], [-3.851292, 40.517657], [-3.851562, 40.518042], [-3.851747, 40.518291], [-3.851764, 40.518305], [-3.851919, 40.518432], [-3.852409, 40.518809], [-3.852691, 40.519026], [-3.852885, 40.519177], [-3.853303, 40.519502], [-3.853329, 40.519522], [-3.853486, 40.519799], [-3.853548, 40.519907], [-3.854022, 40.520735], [-3.854038, 40.520764], [-3.854374, 40.521355], [-3.85437, 40.521659], [-3.854369, 40.522572], [-3.853833, 40.524066], [-3.853698, 40.524416], [-3.853955, 40.52468], [-3.854773, 40.52552], [-3.855055, 40.52563], [-3.855677, 40.52638], [-3.856127, 40.526924], [-3.856273, 40.527013], [-3.856673, 40.527255], [-3.856718, 40.527282], [-3.857009, 40.527456], [-3.857521, 40.527762], [-3.85763, 40.52782], [-3.857729, 40.52788], [-3.857818, 40.528349], [-3.857832, 40.52838], [-3.857897, 40.528501], [-3.858044, 40.528785], [-3.858191, 40.529071], [-3.85824, 40.529156], [-3.85827, 40.529294], [-3.858295, 40.52944], [-3.85835, 40.529756], [-3.858353, 40.529775], [-3.858168, 40.530054], [-3.858121, 40.53012], [-3.858144, 40.530151], [-3.858372, 40.530261], [-3.858435, 40.5303], [-3.858578, 40.530386], [-3.858639, 40.530437], [-3.858772, 40.53056], [-3.858926, 40.530702], [-3.85917, 40.530932], [-3.859384, 40.531132], [-3.859539, 40.531291], [-3.859604, 40.531391], [-3.859864, 40.53179], [-3.859964, 40.531965], [-3.86043, 40.532647], [-3.860537, 40.532804], [-3.860602, 40.532911], [-3.860867, 40.533041], [-3.861052, 40.533137], [-3.86111, 40.533167], [-3.861281, 40.533274], [-3.861361, 40.533332], [-3.861457, 40.533432], [-3.861514, 40.533488], [-3.861631, 40.533601], [-3.861984, 40.533942], [-3.862159, 40.534094], [-3.862341, 40.534229], [-3.862521, 40.534335], [-3.862751, 40.534492], [-3.862953, 40.534625], [-3.863009, 40.534665], [-3.863075, 40.534879], [-3.863106, 40.534979], [-3.863214, 40.535325], [-3.863324, 40.535706], [-3.863329, 40.535723], [-3.863398, 40.535952], [-3.863491, 40.536303], [-3.863491, 40.536305], [-3.863608, 40.536663], [-3.863687, 40.536941], [-3.863717, 40.53704], [-3.863795, 40.537292], [-3.863871, 40.537548], [-3.863879, 40.53762], [-3.863876, 40.537719], [-3.863871, 40.537918], [-3.863857, 40.538317], [-3.863848, 40.538688], [-3.863852, 40.538969], [-3.86388, 40.539238], [-3.864117, 40.539474], [-3.86426, 40.539617], [-3.864397, 40.540025], [-3.864397, 40.540027], [-3.864439, 40.540163], [-3.864471, 40.540255], [-3.864503, 40.540348], [-3.864505, 40.540354], [-3.864564, 40.540539], [-3.864616, 40.540697], [-3.864679, 40.540879], [-3.864735, 40.541038], [-3.864854, 40.541388], [-3.864862, 40.54141], [-3.865012, 40.541838], [-3.865143, 40.542001], [-3.865315, 40.542187], [-3.865502, 40.54239], [-3.865504, 40.542399], [-3.865515, 40.54247], [-3.865526, 40.542541], [-3.865529, 40.542563], [-3.865534, 40.542609], [-3.865539, 40.542645], [-3.865549, 40.542713], [-3.865558, 40.542776], [-3.865582, 40.542936], [-3.865592, 40.54303], [-3.865594, 40.543037], [-3.865609, 40.543098], [-3.865617, 40.543145], [-3.86563, 40.54322], [-3.865666, 40.543405], [-3.86582, 40.543606], [-3.865944, 40.54376], [-3.866106, 40.543968], [-3.86637, 40.544308], [-3.866373, 40.544311], [-3.866419, 40.544372], [-3.86648, 40.544452], [-3.866749, 40.544795], [-3.866774, 40.544826], [-3.866969, 40.545074], [-3.867068, 40.545188], [-3.867189, 40.545354], [-3.867337, 40.545531], [-3.867376, 40.545568], [-3.867382, 40.545573], [-3.867436, 40.54562], [-3.867558, 40.545725], [-3.867714, 40.545863], [-3.868011, 40.54612], [-3.868259, 40.546329], [-3.868273, 40.546341], [-3.868453, 40.546494], [-3.868541, 40.546566], [-3.868714, 40.546708], [-3.868718, 40.546711], [-3.868759, 40.546746], [-3.868929, 40.546889], [-3.868933, 40.546893], [-3.868941, 40.546901], [-3.869004, 40.546961], [-3.869042, 40.547002], [-3.869152, 40.54712], [-3.869434, 40.547414], [-3.869437, 40.54742], [-3.86944, 40.547425], [-3.869428, 40.547451], [-3.869379, 40.547559], [-3.869115, 40.548122], [-3.869096, 40.548144], [-3.869063, 40.548184], [-3.869182, 40.548398], [-3.869198, 40.548428], [-3.869257, 40.548532], [-3.869439, 40.548855], [-3.869615, 40.549167], [-3.870013, 40.549863], [-3.870092, 40.550011], [-3.870119, 40.550057], [-3.870393, 40.55051], [-3.870589, 40.550824], [-3.870776, 40.55114], [-3.87102, 40.551345], [-3.871158, 40.55145], [-3.871391, 40.551636], [-3.871511, 40.551734], [-3.871697, 40.551887], [-3.871731, 40.551915], [-3.871857, 40.552018], [-3.872, 40.55214], [-3.872075, 40.552201], [-3.872108, 40.552228], [-3.87212, 40.552239], [-3.872166, 40.552281], [-3.872294, 40.552514], [-3.872382, 40.552675], [-3.87251, 40.552895], [-3.872683, 40.553204], [-3.872703, 40.553239], [-3.872801, 40.553412], [-3.872867, 40.553719], [-3.87295, 40.554082], [-3.872964, 40.554142], [-3.872988, 40.554249], [-3.873014, 40.554389], [-3.873041, 40.554533], [-3.873065, 40.554647], [-3.873075, 40.554695], [-3.872984, 40.555138], [-3.872961, 40.555233], [-3.872992, 40.555311], [-3.873089, 40.55556], [-3.873177, 40.555766], [-3.873207, 40.55595], [-3.873215, 40.555989], [-3.87322, 40.556015], [-3.873284, 40.55615], [-3.87332, 40.55623], [-3.873373, 40.556347], [-3.873463, 40.556543], [-3.873479, 40.556578], [-3.873572, 40.556779], [-3.873572, 40.55678], [-3.873615, 40.556895], [-3.873661, 40.557033], [-3.873691, 40.557123], [-3.873722, 40.557222], [-3.873731, 40.557254], [-3.873754, 40.557331], [-3.873782, 40.557412], [-3.873814, 40.557512], [-3.873836, 40.557573], [-3.873882, 40.557612], [-3.873937, 40.55766], [-3.873959, 40.557679], [-3.873969, 40.557684], [-3.873979, 40.557701], [-3.873998, 40.557733], [-3.874027, 40.55775], [-3.874031, 40.557752], [-3.874048, 40.557758], [-3.874229, 40.557819], [-3.874405, 40.557874], [-3.875099, 40.558111], [-3.875119, 40.558121], [-3.875123, 40.558123], [-3.875268, 40.558447], [-3.875429, 40.558807], [-3.875677, 40.558856], [-3.875937, 40.558908], [-3.876469, 40.559015], [-3.876557, 40.559034], [-3.877163, 40.559165], [-3.877556, 40.559291], [-3.877788, 40.559371], [-3.878078, 40.559425], [-3.878238, 40.559455], [-3.878616, 40.55952], [-3.878677, 40.55953], [-3.878942, 40.559578], [-3.879887, 40.559588], [-3.880456, 40.559605], [-3.880713, 40.559608], [-3.880811, 40.55961], [-3.880992, 40.559615], [-3.881238, 40.559621], [-3.881254, 40.559621], [-3.881329, 40.559622], [-3.882093, 40.559639], [-3.882615, 40.559849], [-3.882696, 40.559882], [-3.883096, 40.560038], [-3.883309, 40.56012], [-3.883373, 40.560145], [-3.884198, 40.560467], [-3.884274, 40.560515], [-3.884451, 40.560626], [-3.884623, 40.56073], [-3.884804, 40.56084], [-3.884813, 40.560846], [-3.884987, 40.561028], [-3.884938, 40.561753], [-3.884877, 40.561821], [-3.884719, 40.562039], [-3.884583, 40.562228], [-3.884409, 40.56247], [-3.884143, 40.562827], [-3.884087, 40.562901], [-3.883906, 40.563143], [-3.883902, 40.563177], [-3.883823, 40.56384], [-3.883951, 40.563964], [-3.884069, 40.564079], [-3.884271, 40.564264], [-3.884441, 40.564403], [-3.884586, 40.564521], [-3.884714, 40.564621], [-3.88472, 40.564626], [-3.885076, 40.564906], [-3.885245, 40.565042], [-3.885264, 40.565058], [-3.885287, 40.565076], [-3.885671, 40.565373], [-3.885927, 40.565564], [-3.885955, 40.565584], [-3.886079, 40.56567], [-3.886089, 40.565676], [-3.886125, 40.565695], [-3.886143, 40.565705], [-3.886456, 40.565907], [-3.886738, 40.566077], [-3.886794, 40.566111], [-3.886811, 40.566123], [-3.886944, 40.566286], [-3.887037, 40.566399], [-3.887086, 40.566459], [-3.887165, 40.566654], [-3.887183, 40.566698], [-3.887294, 40.566962], [-3.887471, 40.567374], [-3.887563, 40.567573], [-3.887687, 40.567841], [-3.8878, 40.56809], [-3.88787, 40.568245], [-3.887889, 40.568287], [-3.887904, 40.568357], [-3.887909, 40.568483], [-3.887912, 40.568532], [-3.887945, 40.568681], [-3.888018, 40.569007], [-3.888221, 40.569314], [-3.888246, 40.56934], [-3.88841, 40.569677], [-3.8885, 40.569865], [-3.888528, 40.569923], [-3.888853, 40.570611], [-3.888908, 40.570726], [-3.888952, 40.570833], [-3.888963, 40.570858], [-3.888826, 40.571275], [-3.888694, 40.571649], [-3.888449, 40.572142], [-3.888412, 40.572223], [-3.888203, 40.572374], [-3.888129, 40.572427], [-3.887415, 40.572939], [-3.887218, 40.573076], [-3.887037, 40.573201], [-3.886689, 40.573452], [-3.886211, 40.573795], [-3.885858, 40.574049], [-3.885754, 40.574124], [-3.885577, 40.574456], [-3.885321, 40.574955], [-3.885072, 40.575577], [-3.885069, 40.575586], [-3.884928, 40.575952], [-3.884775, 40.576349], [-3.884518, 40.577033], [-3.884322, 40.577553], [-3.883862, 40.578775], [-3.883772, 40.57901], [-3.883745, 40.579096], [-3.883752, 40.579366], [-3.883772, 40.580213], [-3.883774, 40.580227], [-3.883785, 40.580324], [-3.883926, 40.580532], [-3.883977, 40.580607], [-3.884035, 40.580752], [-3.88414, 40.58101], [-3.884177, 40.581276], [-3.883988, 40.581598], [-3.883429, 40.582541], [-3.883814, 40.583375], [-3.883689, 40.585234], [-3.883686, 40.585277], [-3.883678, 40.585276], [-3.883485, 40.585268], [-3.883257, 40.585385], [-3.882819, 40.585605], [-3.882807, 40.585612], [-3.88218, 40.585928], [-3.881738, 40.586151], [-3.881269, 40.586387], [-3.881087, 40.586479], [-3.880688, 40.58668], [-3.88034, 40.586856], [-3.880119, 40.586986], [-3.880015, 40.587047], [-3.879812, 40.587167], [-3.879697, 40.587229], [-3.879452, 40.587377], [-3.879259, 40.587492], [-3.878849, 40.587731], [-3.878311, 40.588049], [-3.877907, 40.588211], [-3.877622, 40.588322], [-3.877515, 40.588367], [-3.877301, 40.588459], [-3.87728, 40.588468], [-3.876852, 40.588639], [-3.876383, 40.589056], [-3.876373, 40.589064], [-3.876321, 40.589107], [-3.876194, 40.589211], [-3.876125, 40.589267], [-3.876126, 40.589267], [-3.876193, 40.589653], [-3.876171, 40.589978], [-3.875947, 40.590139], [-3.875904, 40.590171], [-3.875781, 40.590223], [-3.875695, 40.590259], [-3.875399, 40.590383], [-3.874906, 40.590588], [-3.874841, 40.590615], [-3.874504, 40.590807], [-3.874391, 40.590873], [-3.873903, 40.591145], [-3.87341, 40.591181], [-3.873088, 40.591204], [-3.872992, 40.591214], [-3.872926, 40.59122], [-3.872681, 40.591251], [-3.872316, 40.591297], [-3.872135, 40.591322], [-3.872079, 40.591331], [-3.87192, 40.591355], [-3.871696, 40.591389], [-3.871649, 40.591395], [-3.871231, 40.591491], [-3.871043, 40.591535], [-3.870645, 40.591624], [-3.870257, 40.59171], [-3.869643, 40.591849], [-3.86952, 40.591876], [-3.869441, 40.591893], [-3.869345, 40.591912], [-3.869316, 40.591917], [-3.86918, 40.591944], [-3.869168, 40.591946], [-3.869101, 40.591958], [-3.869025, 40.591973], [-3.868907, 40.591994], [-3.868772, 40.592018], [-3.86867, 40.592034], [-3.868562, 40.592045], [-3.868535, 40.592048], [-3.868445, 40.592058], [-3.868438, 40.592059], [-3.868327, 40.592071], [-3.868222, 40.592083], [-3.868055, 40.592099], [-3.868004, 40.592103], [-3.867866, 40.592116], [-3.867694, 40.592131], [-3.867614, 40.592138], [-3.867367, 40.592159], [-3.867301, 40.592136], [-3.866891, 40.591964], [-3.866542, 40.591896], [-3.86597, 40.591784], [-3.865948, 40.591761], [-3.865867, 40.591679], [-3.865821, 40.591634], [-3.865804, 40.591617], [-3.865546, 40.591359], [-3.865471, 40.591283], [-3.865381, 40.591145], [-3.865186, 40.590843], [-3.865027, 40.590594], [-3.864907, 40.590409], [-3.864578, 40.590189], [-3.864256, 40.589976], [-3.864239, 40.589964], [-3.863938, 40.589764], [-3.863607, 40.589545], [-3.863537, 40.589499], [-3.863183, 40.589404], [-3.862773, 40.589293], [-3.862374, 40.589187], [-3.86236, 40.589183], [-3.861914, 40.589061], [-3.861499, 40.588946], [-3.86136, 40.588908], [-3.861308, 40.588894], [-3.861266, 40.588872], [-3.861081, 40.588777], [-3.860927, 40.588697], [-3.860792, 40.588628], [-3.860639, 40.588551], [-3.86055, 40.588506], [-3.860108, 40.588276], [-3.859929, 40.588181], [-3.859755, 40.588148], [-3.859288, 40.588054], [-3.858818, 40.587963], [-3.858504, 40.5879], [-3.858264, 40.587913], [-3.857717, 40.587953], [-3.85711, 40.588019], [-3.856571, 40.588077], [-3.856259, 40.58811], [-3.855995, 40.588138], [-3.855411, 40.588211], [-3.85497, 40.587994], [-3.85484, 40.588016], [-3.85478, 40.588045], [-3.854553, 40.588195], [-3.854234, 40.588422], [-3.854163, 40.588464], [-3.854107, 40.588513], [-3.854078, 40.588539], [-3.853701, 40.588834], [-3.853453, 40.588913], [-3.853011, 40.589054], [-3.852919, 40.589086], [-3.852755, 40.589169], [-3.852592, 40.589247], [-3.852394, 40.589346], [-3.852277, 40.589404], [-3.852252, 40.589417], [-3.852137, 40.589476], [-3.851785, 40.589658], [-3.851671, 40.589716], [-3.851399, 40.589857], [-3.850948, 40.590081], [-3.850527, 40.590292], [-3.850105, 40.590459], [-3.850009, 40.590498], [-3.84948, 40.59071], [-3.849321, 40.59077], [-3.849036, 40.590876], [-3.848879, 40.590914], [-3.848477, 40.590914], [-3.848207, 40.590937], [-3.848146, 40.590942], [-3.847484, 40.591064], [-3.84742, 40.591074], [-3.847273, 40.591096], [-3.846955, 40.591149], [-3.846951, 40.59115], [-3.846457, 40.591221], [-3.846001, 40.591293], [-3.845811, 40.591328], [-3.845709, 40.591357], [-3.845622, 40.591394], [-3.845602, 40.591402], [-3.845312, 40.591553], [-3.845307, 40.591555], [-3.845159, 40.591638], [-3.844786, 40.591846], [-3.844617, 40.591937], [-3.844525, 40.591972], [-3.844493, 40.591983], [-3.843747, 40.592254], [-3.843483, 40.592348], [-3.843416, 40.592371], [-3.843005, 40.592442], [-3.842878, 40.592463], [-3.842694, 40.592497], [-3.842439, 40.592542], [-3.841675, 40.592662], [-3.841653, 40.592656], [-3.840886, 40.592478], [-3.840543, 40.5924], [-3.840541, 40.592399], [-3.840533, 40.592397], [-3.840354, 40.592331], [-3.840094, 40.592236], [-3.839997, 40.5922], [-3.839815, 40.592136], [-3.83976, 40.592116], [-3.839642, 40.592074], [-3.839468, 40.592012], [-3.839434, 40.591999], [-3.839355, 40.59197], [-3.839144, 40.591889], [-3.838939, 40.591813], [-3.83893, 40.59181], [-3.838839, 40.591772], [-3.838797, 40.591754], [-3.838758, 40.591739], [-3.838603, 40.591678], [-3.838522, 40.591646], [-3.838185, 40.591512], [-3.838122, 40.591486], [-3.837913, 40.591402], [-3.837732, 40.59133], [-3.837328, 40.591425], [-3.837315, 40.591428], [-3.837313, 40.591429], [-3.836815, 40.591543], [-3.836681, 40.591567], [-3.836147, 40.591793], [-3.836106, 40.59181], [-3.836071, 40.591825], [-3.83577, 40.591952], [-3.835706, 40.59198], [-3.835534, 40.592056], [-3.835447, 40.592095], [-3.835443, 40.592096], [-3.8354, 40.592113], [-3.835397, 40.592114], [-3.835388, 40.59212], [-3.835155, 40.592278], [-3.83486, 40.592477], [-3.834846, 40.592487], [-3.834753, 40.59255], [-3.834621, 40.592638], [-3.834286, 40.592865], [-3.834284, 40.592867], [-3.833957, 40.593087], [-3.833937, 40.5931], [-3.833716, 40.59325], [-3.833456, 40.593427], [-3.833341, 40.5935], [-3.833326, 40.593509], [-3.833108, 40.593566], [-3.833058, 40.593578], [-3.83298, 40.593597], [-3.83292, 40.593612], [-3.832871, 40.593624], [-3.832284, 40.59376], [-3.832142, 40.593793], [-3.831986, 40.59383], [-3.831858, 40.59386], [-3.831856, 40.59386], [-3.831069, 40.593938], [-3.830509, 40.593994], [-3.83012, 40.594032], [-3.82973, 40.594133], [-3.828892, 40.594357], [-3.828873, 40.594362], [-3.828808, 40.594378], [-3.828562, 40.594441], [-3.828384, 40.594488], [-3.828098, 40.594564], [-3.828071, 40.594571], [-3.828065, 40.594573], [-3.827978, 40.594607], [-3.827797, 40.594638], [-3.827588, 40.594679], [-3.827432, 40.594687], [-3.827169, 40.5947], [-3.827064, 40.594704], [-3.826556, 40.594727], [-3.826549, 40.594727], [-3.826467, 40.594731], [-3.826457, 40.594731], [-3.826456, 40.594731], [-3.826288, 40.594726], [-3.826116, 40.594708], [-3.825903, 40.594685], [-3.825864, 40.594681], [-3.825635, 40.594662], [-3.825065, 40.594609], [-3.824871, 40.594591], [-3.824437, 40.594551], [-3.8238, 40.594492], [-3.82362, 40.594476], [-3.823143, 40.594428], [-3.822895, 40.594403], [-3.822756, 40.59439], [-3.822262, 40.59451], [-3.82157, 40.594687], [-3.821502, 40.594705], [-3.821475, 40.594712], [-3.82085, 40.594869], [-3.82046, 40.594963], [-3.820428, 40.59497], [-3.820311, 40.594995], [-3.819792, 40.59499], [-3.819661, 40.594988], [-3.818954, 40.594983], [-3.818952, 40.594984], [-3.818188, 40.594979], [-3.817386, 40.594971], [-3.817367, 40.594971], [-3.817299, 40.594971], [-3.816997, 40.59497], [-3.816751, 40.594969], [-3.816183, 40.594963], [-3.815673, 40.595086], [-3.814926, 40.595266], [-3.814444, 40.595385], [-3.814117, 40.595861], [-3.813994, 40.596037], [-3.813938, 40.596118], [-3.812724, 40.596771], [-3.812084, 40.597075], [-3.811365, 40.597351], [-3.810797, 40.597618], [-3.810154, 40.597918], [-3.809067, 40.598425], [-3.807455, 40.599174], [-3.80614, 40.5998], [-3.806053, 40.599841], [-3.806002, 40.599865], [-3.806062, 40.59996], [-3.80607, 40.599972], [-3.806477, 40.600606], [-3.806817, 40.601129], [-3.806965, 40.601352], [-3.807011, 40.601421], [-3.807445, 40.602079], [-3.80754, 40.602225], [-3.807726, 40.60251], [-3.808203, 40.60324], [-3.808412, 40.603562], [-3.808484, 40.603673], [-3.808888, 40.604289], [-3.808907, 40.604318], [-3.809213, 40.60479], [-3.809254, 40.604852], [-3.809373, 40.605032], [-3.809409, 40.605113], [-3.809465, 40.605238], [-3.80953, 40.60539], [-3.809583, 40.605495], [-3.809662, 40.605651], [-3.809678, 40.605696], [-3.809699, 40.605755], [-3.809687, 40.605794], [-3.809686, 40.605798], [-3.80969, 40.605891], [-3.809808, 40.605809], [-3.80987, 40.605933], [-3.809868, 40.605938], [-3.809748, 40.606012], [-3.809767, 40.606051], [-3.809828, 40.606175], [-3.809846, 40.606212], [-3.809871, 40.606262], [-3.809913, 40.606338], [-3.809943, 40.606393], [-3.809973, 40.606445], [-3.810002, 40.606495], [-3.810029, 40.606533], [-3.810087, 40.606616], [-3.81015, 40.606673], [-3.810172, 40.606694], [-3.810198, 40.606718], [-3.810216, 40.606732], [-3.81034, 40.606831], [-3.810423, 40.606888], [-3.810456, 40.606911], [-3.810466, 40.606917], [-3.810473, 40.60692], [-3.810502, 40.606937], [-3.810514, 40.606944], [-3.81055, 40.606963], [-3.810587, 40.606983], [-3.810611, 40.606993], [-3.810654, 40.607013], [-3.810705, 40.607036], [-3.81075, 40.607056], [-3.810782, 40.607066], [-3.810819, 40.607077], [-3.810869, 40.607092], [-3.810924, 40.607108], [-3.811004, 40.607132], [-3.811027, 40.607138], [-3.811157, 40.607174], [-3.811218, 40.607191], [-3.811364, 40.607231], [-3.811452, 40.607267], [-3.811499, 40.607286], [-3.811673, 40.607404], [-3.811674, 40.607405], [-3.811854, 40.607526], [-3.811977, 40.60761], [-3.811982, 40.607613], [-3.812188, 40.607751], [-3.812259, 40.607799], [-3.812366, 40.607871], [-3.812452, 40.60793], [-3.81251, 40.607969], [-3.812634, 40.608075], [-3.812656, 40.608094], [-3.812824, 40.608281], [-3.812753, 40.60831], [-3.812353, 40.608477], [-3.81228, 40.608508], [-3.811946, 40.608647], [-3.811935, 40.608651], [-3.811856, 40.608683], [-3.811831, 40.608693], [-3.811826, 40.608694], [-3.811738, 40.608711], [-3.811652, 40.608709], [-3.811542, 40.608691], [-3.811444, 40.608711], [-3.811415, 40.608746], [-3.811274, 40.608919], [-3.811196, 40.609008], [-3.811169, 40.609037], [-3.811106, 40.609106], [-3.810934, 40.609296], [-3.81088, 40.609358], [-3.810869, 40.609364], [-3.81083, 40.609385], [-3.810701, 40.609405], [-3.810683, 40.609408], [-3.810607, 40.609417], [-3.810287, 40.609454], [-3.810235, 40.609486], [-3.810145, 40.609477], [-3.810063, 40.60946], [-3.810043, 40.609456], [-3.809945, 40.609436], [-3.809931, 40.609507], [-3.809929, 40.609519], [-3.809734, 40.609808], [-3.809604, 40.609867], [-3.809569, 40.609868], [-3.809424, 40.609871], [-3.809421, 40.609841], [-3.80942, 40.60983], [-3.809396, 40.609699], [-3.809382, 40.609617], [-3.809364, 40.609537], [-3.809356, 40.609499], [-3.809176, 40.609313], [-3.808841, 40.609262], [-3.808651, 40.609233], [-3.808415, 40.609195], [-3.808225, 40.609168], [-3.807977, 40.609183], [-3.807771, 40.60919], [-3.80738, 40.609199], [-3.807261, 40.609243], [-3.806991, 40.609313], [-3.806606, 40.609409], [-3.806212, 40.609507], [-3.806181, 40.609467], [-3.806098, 40.609308], [-3.806082, 40.609267], [-3.806083, 40.609258], [-3.806084, 40.609251], [-3.806084, 40.60925], [-3.806174, 40.609115], [-3.806241, 40.609018], [-3.806352, 40.608855], [-3.8064, 40.608785], [-3.806409, 40.608771], [-3.806426, 40.608745], [-3.806435, 40.608716], [-3.80646, 40.608643], [-3.806353, 40.608495], [-3.806347, 40.608486], [-3.806289, 40.608405], [-3.806276, 40.608386], [-3.806275, 40.608377], [-3.806268, 40.608164], [-3.806267, 40.608151], [-3.806262, 40.60803], [-3.80614, 40.607919], [-3.806129, 40.607908], [-3.806, 40.607863], [-3.805999, 40.607863], [-3.805903, 40.607823], [-3.805827, 40.607782], [-3.805776, 40.607754], [-3.805644, 40.607667], [-3.805623, 40.607652], [-3.805602, 40.607639], [-3.805487, 40.607565], [-3.805419, 40.607522], [-3.805271, 40.607429], [-3.805075, 40.607304], [-3.804938, 40.607216], [-3.804899, 40.607195], [-3.804342, 40.60702], [-3.803654, 40.606798], [-3.8035, 40.606747], [-3.803031, 40.60659], [-3.802186, 40.606307], [-3.801703, 40.606347], [-3.801312, 40.606199], [-3.80053, 40.605901], [-3.800487, 40.605675], [-3.800317, 40.604845], [-3.800386, 40.604727], [-3.80047, 40.604581], [-3.800514, 40.604504], [-3.800641, 40.604282], [-3.800678, 40.604216], [-3.800721, 40.604142], [-3.800891, 40.603843], [-3.801179, 40.603333], [-3.801451, 40.60287], [-3.801754, 40.602343], [-3.802075, 40.601788], [-3.802113, 40.60172], [-3.802418, 40.601157], [-3.802763, 40.600476], [-3.80295, 40.600119], [-3.803142, 40.599748], [-3.803363, 40.599324], [-3.803547, 40.599001], [-3.803355, 40.598882], [-3.802976, 40.598876], [-3.802787, 40.598882], [-3.802643, 40.598887], [-3.802505, 40.598885], [-3.801769, 40.598888], [-3.801114, 40.598888], [-3.800914, 40.598846], [-3.800877, 40.598839], [-3.800756, 40.598815], [-3.800667, 40.598797], [-3.800548, 40.598771], [-3.800218, 40.59869], [-3.800175, 40.598679], [-3.80009, 40.598657], [-3.799899, 40.598606], [-3.799652, 40.598568], [-3.799492, 40.598545], [-3.799416, 40.598534], [-3.799119, 40.598489], [-3.798838, 40.598632], [-3.798625, 40.598743], [-3.798514, 40.5988], [-3.798027, 40.599137], [-3.797681, 40.59939], [-3.797243, 40.599702], [-3.796755, 40.599885], [-3.796254, 40.59989], [-3.796219, 40.599891], [-3.795733, 40.599896], [-3.795624, 40.599897], [-3.795326, 40.599903], [-3.795202, 40.599889], [-3.794752, 40.599834], [-3.794134, 40.599772], [-3.79317, 40.599525], [-3.7928, 40.599436], [-3.79233, 40.599338], [-3.791645, 40.599229], [-3.790816, 40.59911], [-3.790082, 40.599009], [-3.78992, 40.598986], [-3.789057, 40.5991], [-3.788661, 40.599285], [-3.787891, 40.599645], [-3.787123, 40.600008], [-3.786326, 40.60038], [-3.785655, 40.600398], [-3.785022, 40.600476], [-3.78482, 40.600687], [-3.784464, 40.601075], [-3.784172, 40.601283], [-3.783482, 40.601768], [-3.783039, 40.601727], [-3.782878, 40.601717], [-3.782809, 40.601712], [-3.782264, 40.601457], [-3.781672, 40.600845], [-3.781637, 40.600809], [-3.781366, 40.600853], [-3.780756, 40.600957], [-3.779787, 40.601163], [-3.779346, 40.601465], [-3.7792, 40.601565], [-3.778935, 40.601744], [-3.778729, 40.601736], [-3.778263, 40.601732], [-3.777188, 40.601361], [-3.776893, 40.60127], [-3.775366, 40.600832], [-3.774668, 40.600634], [-3.774319, 40.600544], [-3.77298, 40.600278], [-3.772419, 40.60017], [-3.772092, 40.600131], [-3.771583, 40.600072], [-3.769955, 40.59987], [-3.769535, 40.599818], [-3.768445, 40.599686], [-3.768171, 40.599655], [-3.767626, 40.599453], [-3.766865, 40.599076], [-3.766777, 40.599032], [-3.766006, 40.598648], [-3.765341, 40.598426], [-3.765242, 40.598393], [-3.765087, 40.598389], [-3.764208, 40.598323], [-3.764036, 40.598276], [-3.763786, 40.598208], [-3.763311, 40.59807], [-3.762542, 40.597857], [-3.76228, 40.597788], [-3.76212, 40.597734], [-3.761985, 40.597681], [-3.761821, 40.597616], [-3.761504, 40.597494], [-3.76106, 40.597323], [-3.760911, 40.597263], [-3.760648, 40.597195], [-3.760531, 40.59717], [-3.760148, 40.597077], [-3.75985, 40.597009], [-3.759734, 40.596941], [-3.759244, 40.59666], [-3.759047, 40.596516], [-3.758993, 40.596479], [-3.758885, 40.596397], [-3.758465, 40.596089], [-3.758057, 40.596067], [-3.757845, 40.596052], [-3.757674, 40.59605], [-3.757359, 40.596061], [-3.757098, 40.595961], [-3.75694, 40.595907], [-3.756638, 40.595804], [-3.755932, 40.595553], [-3.75509, 40.595262], [-3.754974, 40.595221], [-3.754323, 40.594995], [-3.753672, 40.594766], [-3.753658, 40.594761], [-3.752954, 40.594766], [-3.752706, 40.594628], [-3.752234, 40.594372], [-3.752229, 40.594369], [-3.751632, 40.593807], [-3.751577, 40.593758], [-3.751429, 40.593627], [-3.751088, 40.593301], [-3.750872, 40.593102], [-3.750465, 40.592729], [-3.750348, 40.59262], [-3.750149, 40.592436], [-3.74951, 40.592631], [-3.749258, 40.592709], [-3.749026, 40.592674], [-3.748461, 40.592589], [-3.747975, 40.592519], [-3.747109, 40.592395], [-3.746551, 40.592313], [-3.746317, 40.592278], [-3.745813, 40.592202], [-3.745395, 40.591886], [-3.744698, 40.591677], [-3.744373, 40.591579], [-3.743754, 40.591413], [-3.74373, 40.591406], [-3.743672, 40.591391], [-3.743206, 40.591273], [-3.742545, 40.5911], [-3.742262, 40.591026], [-3.741207, 40.590748], [-3.740817, 40.590646], [-3.740677, 40.590477], [-3.740571, 40.590352], [-3.740329, 40.590064], [-3.739922, 40.589581], [-3.739763, 40.589388], [-3.739694, 40.589304], [-3.739566, 40.588996], [-3.739414, 40.58863], [-3.739178, 40.588059], [-3.738988, 40.587805], [-3.738774, 40.587365], [-3.738683, 40.58718], [-3.738597, 40.587006], [-3.738566, 40.586943], [-3.738174, 40.586471], [-3.737738, 40.586273], [-3.737269, 40.58607], [-3.736391, 40.585858], [-3.735851, 40.585723], [-3.735327, 40.585667], [-3.734726, 40.585559], [-3.734561, 40.58553], [-3.734462, 40.585505], [-3.734411, 40.585496], [-3.734337, 40.585484], [-3.733995, 40.585385], [-3.733924, 40.585374], [-3.733848, 40.585365], [-3.733689, 40.585347], [-3.733586, 40.585329], [-3.73356, 40.585324], [-3.733156, 40.585268], [-3.732686, 40.585332], [-3.732277, 40.585393], [-3.730225, 40.585144], [-3.730185, 40.585138], [-3.730021, 40.585114], [-3.729859, 40.585097], [-3.729812, 40.585092], [-3.72942, 40.584956], [-3.728187, 40.584528], [-3.727835, 40.584424], [-3.727721, 40.58439], [-3.727509, 40.584325], [-3.727291, 40.584259], [-3.727012, 40.584178], [-3.726714, 40.584091], [-3.72665, 40.584072], [-3.726458, 40.584013], [-3.726019, 40.583893], [-3.726004, 40.583889], [-3.725143, 40.583648], [-3.724698, 40.583527], [-3.724062, 40.583347], [-3.723437, 40.583167], [-3.722006, 40.582755], [-3.721422, 40.582596], [-3.721413, 40.582591], [-3.720813, 40.582297], [-3.720671, 40.582227], [-3.719421, 40.582125], [-3.7189, 40.582305], [-3.718658, 40.582388], [-3.718289, 40.582529], [-3.717651, 40.582756], [-3.717251, 40.582898], [-3.716486, 40.582837], [-3.716351, 40.582825], [-3.716042, 40.582798], [-3.715369, 40.582735], [-3.714551, 40.582659], [-3.713, 40.583294], [-3.711504, 40.583054], [-3.711488, 40.58305], [-3.711478, 40.583047], [-3.71138, 40.58306], [-3.711361, 40.583062], [-3.711195, 40.58308], [-3.711026, 40.583096], [-3.710842, 40.583119], [-3.710542, 40.583172], [-3.710518, 40.583176], [-3.710267, 40.58322], [-3.710202, 40.583232], [-3.708588, 40.583519], [-3.707885, 40.583757], [-3.707632, 40.58315], [-3.705864, 40.583005], [-3.705397, 40.58298], [-3.7054, 40.583766], [-3.705385, 40.584697], [-3.704827, 40.584913], [-3.70455, 40.585116], [-3.704527, 40.585133], [-3.704526, 40.585134], [-3.70297, 40.58625], [-3.702574, 40.586543], [-3.702135, 40.586855], [-3.700864, 40.587507], [-3.700304, 40.58779], [-3.700043, 40.58793], [-3.699649, 40.588142], [-3.699593, 40.588171], [-3.699319, 40.588311], [-3.699317, 40.588312], [-3.698642, 40.588654], [-3.698516, 40.588718], [-3.698152, 40.588891], [-3.6969, 40.589546], [-3.696772, 40.589609], [-3.69647, 40.58976], [-3.696353, 40.589846], [-3.696267, 40.589948], [-3.695989, 40.59042], [-3.695767, 40.590819], [-3.695384, 40.591486], [-3.695358, 40.591532], [-3.695166, 40.591861], [-3.694872, 40.59241], [-3.694717, 40.592671], [-3.694616, 40.592843], [-3.694217, 40.593539], [-3.694132, 40.593688], [-3.694103, 40.593737], [-3.693907, 40.594072], [-3.69368, 40.59448], [-3.693591, 40.594639], [-3.693534, 40.594736], [-3.69324, 40.595235], [-3.692424, 40.596672], [-3.692015, 40.597372], [-3.69196, 40.597457], [-3.691919, 40.597521], [-3.691869, 40.597684], [-3.691854, 40.597734], [-3.691764, 40.598033], [-3.691656, 40.598373], [-3.69165, 40.59839], [-3.691589, 40.59856], [-3.691415, 40.599078], [-3.691374, 40.599199], [-3.691156, 40.599849], [-3.691118, 40.599954], [-3.69093, 40.600478], [-3.690869, 40.600649], [-3.690705, 40.601113], [-3.690643, 40.601283], [-3.690499, 40.601539], [-3.690473, 40.601586], [-3.690306, 40.60188], [-3.68999, 40.602436], [-3.689792, 40.602787], [-3.689623, 40.603085], [-3.689465, 40.603364], [-3.68926, 40.603724], [-3.688898, 40.604359], [-3.688893, 40.604369], [-3.688786, 40.604547], [-3.688505, 40.605015], [-3.688248, 40.605446], [-3.688119, 40.605661], [-3.687962, 40.605924], [-3.687789, 40.606211], [-3.687678, 40.606399], [-3.687501, 40.606703], [-3.687402, 40.606788], [-3.687029, 40.607107], [-3.686879, 40.607226], [-3.686024, 40.607918], [-3.685967, 40.607964], [-3.685826, 40.608079], [-3.68549, 40.608355], [-3.68536, 40.60844], [-3.685037, 40.608653], [-3.685019, 40.608664], [-3.684079, 40.609097], [-3.683102, 40.609453], [-3.682236, 40.609776], [-3.68195, 40.609909], [-3.681324, 40.610186], [-3.680984, 40.610336], [-3.679883, 40.610778], [-3.679675, 40.610861], [-3.679566, 40.610934], [-3.679541, 40.61095], [-3.679213, 40.611177], [-3.678317, 40.612234], [-3.677087, 40.61367], [-3.676973, 40.613804], [-3.676688, 40.614141], [-3.675534, 40.615482], [-3.675505, 40.615516], [-3.67515, 40.615921], [-3.675046, 40.616025], [-3.674875, 40.616197], [-3.674836, 40.616236], [-3.674681, 40.616394], [-3.674512, 40.616468], [-3.674239, 40.616584], [-3.674219, 40.616592], [-3.674142, 40.61662], [-3.673653, 40.616794], [-3.673204, 40.616933], [-3.672691, 40.617069], [-3.671822, 40.6173], [-3.671224, 40.617459], [-3.670198, 40.617955], [-3.669484, 40.618301], [-3.668536, 40.618762], [-3.667709, 40.619151], [-3.666836, 40.619577], [-3.666718, 40.619734], [-3.66671, 40.619744], [-3.666632, 40.619848], [-3.666616, 40.619892], [-3.666552, 40.620075], [-3.666536, 40.620111], [-3.666609, 40.620491], [-3.666629, 40.620595], [-3.666742, 40.621209], [-3.666747, 40.621236], [-3.666809, 40.621565], [-3.666891, 40.622075], [-3.66693, 40.622319], [-3.666964, 40.622526], [-3.667057, 40.62282], [-3.667146, 40.623005], [-3.667212, 40.623141], [-3.667492, 40.623766], [-3.668197, 40.625237], [-3.668514, 40.625979], [-3.668536, 40.627312], [-3.668432, 40.628314], [-3.668346, 40.628867], [-3.668329, 40.628907], [-3.668275, 40.629037], [-3.668023, 40.629602], [-3.667562, 40.630602], [-3.667343, 40.631044], [-3.667342, 40.631045], [-3.666659, 40.632235], [-3.665863, 40.633555], [-3.665758, 40.633715], [-3.665733, 40.633753], [-3.665655, 40.633903], [-3.665511, 40.634137], [-3.664217, 40.635797], [-3.663528, 40.636584], [-3.662835, 40.637364], [-3.662398, 40.637857], [-3.662262, 40.63808], [-3.662147, 40.638364], [-3.662138, 40.638386], [-3.66201, 40.638814], [-3.661979, 40.638919], [-3.661975, 40.638929], [-3.661827, 40.639304], [-3.661657, 40.639513], [-3.661416, 40.639694], [-3.660957, 40.640062], [-3.660342, 40.640552], [-3.660285, 40.640597], [-3.659646, 40.641112], [-3.659158, 40.641503], [-3.659004, 40.641627], [-3.658477, 40.642046], [-3.657669, 40.642353], [-3.656735, 40.642702], [-3.656132, 40.642931], [-3.655937, 40.643225], [-3.655788, 40.643255], [-3.655665, 40.643271], [-3.654715, 40.643089], [-3.65454, 40.643055], [-3.654529, 40.643053], [-3.654525, 40.643052], [-3.654205, 40.642989], [-3.654037, 40.642957], [-3.653781, 40.642914], [-3.653622, 40.642886], [-3.653132, 40.6428], [-3.65305, 40.642785], [-3.652822, 40.642744], [-3.652587, 40.642705], [-3.652434, 40.642684], [-3.652254, 40.642656], [-3.652216, 40.64265], [-3.652019, 40.642603], [-3.65176, 40.642514], [-3.651534, 40.642435], [-3.651475, 40.642414], [-3.651399, 40.642384], [-3.651198, 40.642314], [-3.650951, 40.642226], [-3.650785, 40.642166], [-3.650435, 40.642039], [-3.650232, 40.641965], [-3.649852, 40.641831], [-3.649796, 40.64181], [-3.649651, 40.641757], [-3.649484, 40.641694], [-3.649228, 40.641592], [-3.649199, 40.64158], [-3.648955, 40.641478], [-3.648809, 40.641419], [-3.648727, 40.641374], [-3.648431, 40.641167], [-3.648226, 40.641009], [-3.648146, 40.640936], [-3.647989, 40.640795], [-3.647885, 40.640701], [-3.647789, 40.640618], [-3.647614, 40.640467], [-3.647523, 40.640384], [-3.647344, 40.640222], [-3.64722, 40.640111], [-3.646861, 40.639804], [-3.646374, 40.639444], [-3.645928, 40.639115], [-3.645904, 40.639097], [-3.645741, 40.63898], [-3.645414, 40.638736], [-3.645387, 40.638715], [-3.64526, 40.638621], [-3.645027, 40.638445], [-3.644829, 40.638316], [-3.64467, 40.638214], [-3.644475, 40.63809], [-3.644213, 40.638081], [-3.644137, 40.63808], [-3.643633, 40.638073], [-3.643204, 40.638062], [-3.64306, 40.638058], [-3.642621, 40.638045], [-3.642575, 40.638043], [-3.642485, 40.638038], [-3.642139, 40.638093], [-3.642014, 40.638113], [-3.641371, 40.638224], [-3.640883, 40.638307], [-3.640097, 40.638445], [-3.639702, 40.638427], [-3.639332, 40.638415], [-3.639314, 40.638415], [-3.639083, 40.638409], [-3.63885, 40.638403], [-3.638771, 40.638367], [-3.638509, 40.638214], [-3.63808, 40.637963], [-3.637827, 40.637816], [-3.637634, 40.637703], [-3.637268, 40.637285], [-3.637199, 40.637205], [-3.636836, 40.63679], [-3.636698, 40.636779], [-3.636617, 40.636457], [-3.636592, 40.636353], [-3.636576, 40.636286], [-3.636574, 40.636279], [-3.636519, 40.636074], [-3.636375, 40.635611], [-3.636237, 40.635166], [-3.636236, 40.635128], [-3.63591, 40.634743], [-3.635892, 40.634725], [-3.635804, 40.634636], [-3.635532, 40.634374], [-3.635277, 40.634136], [-3.634855, 40.633729], [-3.634584, 40.633467], [-3.634426, 40.633207], [-3.634208, 40.632837], [-3.634149, 40.632737], [-3.633817, 40.632174], [-3.633604, 40.631824], [-3.633493, 40.63164], [-3.633281, 40.631284], [-3.633057, 40.630908], [-3.63293, 40.630691], [-3.632451, 40.63026], [-3.632379, 40.630195], [-3.631874, 40.629735], [-3.631828, 40.629693], [-3.631652, 40.629533], [-3.631338, 40.629244], [-3.631052, 40.628981], [-3.630862, 40.628836], [-3.630706, 40.628717], [-3.630399, 40.628481], [-3.630149, 40.62829], [-3.629943, 40.627853], [-3.62978, 40.627504], [-3.62974, 40.627419], [-3.629708, 40.627352], [-3.629673, 40.627007], [-3.629666, 40.62693], [-3.629663, 40.626888], [-3.629657, 40.626815], [-3.6297, 40.626738], [-3.629717, 40.626708], [-3.629757, 40.626636], [-3.629868, 40.626436], [-3.629928, 40.626328], [-3.630046, 40.626114], [-3.630049, 40.626108], [-3.630214, 40.625814], [-3.630047, 40.62541], [-3.629963, 40.6252], [-3.629882, 40.624999], [-3.629782, 40.624748], [-3.629705, 40.62456], [-3.629526, 40.624116], [-3.629389, 40.623762], [-3.629361, 40.623688], [-3.62931, 40.623548], [-3.629227, 40.623333], [-3.6292, 40.623263], [-3.629192, 40.62324], [-3.629024, 40.622802], [-3.628851, 40.622359], [-3.628992, 40.621965], [-3.629037, 40.621842], [-3.629152, 40.621525], [-3.629162, 40.621497], [-3.629306, 40.62111], [-3.62946, 40.620674], [-3.629492, 40.620587], [-3.629496, 40.620576], [-3.629381, 40.620415], [-3.62928, 40.620273], [-3.629262, 40.620247], [-3.629062, 40.619968], [-3.628744, 40.619527], [-3.628663, 40.619415], [-3.628655, 40.619235], [-3.62865, 40.619115], [-3.628637, 40.618863], [-3.628629, 40.618685], [-3.628613, 40.618238], [-3.628608, 40.618145], [-3.628606, 40.618141], [-3.62843, 40.617867], [-3.628286, 40.617643], [-3.628019, 40.617498], [-3.627872, 40.617418], [-3.627309, 40.617109], [-3.627175, 40.617037], [-3.626935, 40.616904], [-3.626099, 40.616792], [-3.625802, 40.616756], [-3.625358, 40.616695], [-3.625296, 40.616687], [-3.624654, 40.616602], [-3.623919, 40.616503], [-3.623195, 40.616175], [-3.62261, 40.615912], [-3.622498, 40.615779], [-3.621798, 40.614953], [-3.620974, 40.613439], [-3.620543, 40.612632], [-3.619876, 40.611898], [-3.618025, 40.611265], [-3.617949, 40.610767], [-3.617834, 40.610174], [-3.618398, 40.60896], [-3.617822, 40.608242], [-3.617445, 40.607772], [-3.616812, 40.606974], [-3.617161, 40.606036], [-3.617143, 40.605752], [-3.617111, 40.605161], [-3.616874, 40.604629], [-3.616787, 40.604467], [-3.61645, 40.603866], [-3.616106, 40.603048], [-3.616309, 40.602539], [-3.616403, 40.602298], [-3.616492, 40.602075], [-3.616377, 40.601523], [-3.6159, 40.601162], [-3.615535, 40.600886], [-3.61532, 40.600722], [-3.614286, 40.600592], [-3.613255, 40.600064], [-3.612956, 40.599908], [-3.612052, 40.599611], [-3.611633, 40.599469], [-3.610974, 40.599031], [-3.610578, 40.598766], [-3.609747, 40.598626], [-3.608743, 40.598454], [-3.60848, 40.59818], [-3.608145, 40.597834], [-3.607971, 40.597655], [-3.607894, 40.597583], [-3.607864, 40.597558], [-3.607857, 40.597552], [-3.607594, 40.597353], [-3.607171, 40.597024], [-3.607019, 40.596903], [-3.606942, 40.596843], [-3.605834, 40.596595], [-3.605214, 40.59646], [-3.604946, 40.596085], [-3.604735, 40.595803], [-3.604798, 40.595419], [-3.604839, 40.595149], [-3.604808, 40.594769], [-3.604775, 40.594297], [-3.604301, 40.59382], [-3.604132, 40.59365], [-3.604009, 40.593541], [-3.603782, 40.593356], [-3.603689, 40.593278], [-3.603591, 40.593215], [-3.603442, 40.593099], [-3.603353, 40.593031], [-3.603349, 40.593028], [-3.603341, 40.593023], [-3.60334, 40.593023], [-3.603317, 40.59301], [-3.603278, 40.592985], [-3.603195, 40.592946], [-3.603081, 40.592898], [-3.602922, 40.592836], [-3.602772, 40.592778], [-3.602687, 40.592739], [-3.602552, 40.592678], [-3.602444, 40.592635], [-3.602281, 40.592564], [-3.602089, 40.59249], [-3.602054, 40.592476], [-3.601985, 40.592449], [-3.601912, 40.592416], [-3.60186, 40.592388], [-3.601852, 40.592376], [-3.601808, 40.592179], [-3.601798, 40.592128], [-3.601794, 40.592073], [-3.601795, 40.592066], [-3.601797, 40.592029], [-3.601804, 40.591977], [-3.601814, 40.59188], [-3.601815, 40.591872], [-3.601817, 40.591859], [-3.601825, 40.591796], [-3.601835, 40.591728], [-3.601861, 40.591498], [-3.601899, 40.591224], [-3.601918, 40.591094], [-3.601924, 40.591039], [-3.601926, 40.591021], [-3.601931, 40.590986], [-3.602134, 40.590413], [-3.602143, 40.59039], [-3.602204, 40.590234], [-3.602211, 40.590203], [-3.602226, 40.59017], [-3.60224, 40.590133], [-3.602491, 40.589756], [-3.602653, 40.589518], [-3.602665, 40.5895], [-3.602671, 40.589492], [-3.602708, 40.589445], [-3.602822, 40.589271], [-3.602992, 40.58902], [-3.603231, 40.588855], [-3.603304, 40.588805], [-3.60334, 40.588781], [-3.603367, 40.588763], [-3.60338, 40.588751], [-3.603414, 40.588724], [-3.603518, 40.588686], [-3.603597, 40.588652], [-3.603765, 40.588582], [-3.604141, 40.588433], [-3.604246, 40.588392], [-3.604505, 40.588177], [-3.60456, 40.588134], [-3.604735, 40.587995], [-3.604823, 40.587925], [-3.605025, 40.587769], [-3.605261, 40.587284], [-3.605458, 40.586901], [-3.605597, 40.586627], [-3.605835, 40.586149], [-3.605926, 40.585978], [-3.605984, 40.585869], [-3.606084, 40.585671], [-3.606193, 40.585439], [-3.606211, 40.585404], [-3.606379, 40.585186], [-3.606406, 40.585154], [-3.606436, 40.585121], [-3.607172, 40.584683], [-3.607535, 40.584457], [-3.607753, 40.584326], [-3.608399, 40.583938], [-3.608836, 40.58389], [-3.608837, 40.583888], [-3.609059, 40.583564], [-3.609301, 40.583458], [-3.609383, 40.583422], [-3.609601, 40.583268], [-3.609683, 40.583265], [-3.609722, 40.583194], [-3.60986, 40.58313], [-3.610288, 40.582866], [-3.610554, 40.582706], [-3.610589, 40.582686], [-3.61066, 40.582642], [-3.610754, 40.582584], [-3.611055, 40.582403], [-3.61149, 40.582151], [-3.611618, 40.582078], [-3.611915, 40.581907], [-3.612127, 40.581843], [-3.612601, 40.5817], [-3.612949, 40.581597], [-3.613075, 40.581559], [-3.613137, 40.58154], [-3.613358, 40.581473], [-3.613745, 40.581354], [-3.614005, 40.581276], [-3.614341, 40.581173], [-3.614347, 40.581171], [-3.614627, 40.581086], [-3.614838, 40.581023], [-3.614839, 40.581018], [-3.614841, 40.581014], [-3.61489, 40.581001], [-3.614905, 40.580997], [-3.614924, 40.580992], [-3.614945, 40.580987], [-3.614961, 40.580981], [-3.61507, 40.580941], [-3.615399, 40.58083], [-3.615478, 40.580804], [-3.615646, 40.580746], [-3.615713, 40.580723], [-3.616031, 40.580613], [-3.616381, 40.580492], [-3.616776, 40.580174], [-3.617023, 40.579975], [-3.617274, 40.579773], [-3.617557, 40.579549], [-3.617595, 40.57952], [-3.617696, 40.57944], [-3.617926, 40.579256], [-3.618016, 40.579184], [-3.618304, 40.578954], [-3.618679, 40.578661], [-3.619063, 40.578357], [-3.619407, 40.578085], [-3.61969, 40.577861], [-3.619688, 40.577861], [-3.619916, 40.577683], [-3.620098, 40.577541], [-3.620124, 40.57752], [-3.620466, 40.577243], [-3.620526, 40.577195], [-3.620879, 40.576913], [-3.621251, 40.576619], [-3.6214, 40.576497], [-3.621413, 40.576484], [-3.621596, 40.576301], [-3.6216, 40.576297], [-3.621714, 40.576185], [-3.621809, 40.57609], [-3.621925, 40.575975], [-3.62203, 40.57587], [-3.622144, 40.575756], [-3.622169, 40.575735], [-3.622211, 40.575701], [-3.62227, 40.575658], [-3.622455, 40.575526], [-3.62259, 40.575431], [-3.622619, 40.57541], [-3.622701, 40.575349], [-3.622852, 40.575237], [-3.623444, 40.574816], [-3.623802, 40.574555], [-3.623821, 40.574541], [-3.624244, 40.574231], [-3.624596, 40.573952], [-3.624786, 40.573801], [-3.624921, 40.573694], [-3.625015, 40.573619], [-3.625582, 40.573577], [-3.625948, 40.573547], [-3.626104, 40.573536], [-3.626295, 40.573521], [-3.626521, 40.573531], [-3.626562, 40.573533], [-3.627155, 40.573557], [-3.627186, 40.573558], [-3.627196, 40.573559], [-3.627458, 40.573569], [-3.627998, 40.573597], [-3.628056, 40.573609], [-3.628602, 40.573728], [-3.628636, 40.573734], [-3.628734, 40.573754], [-3.629639, 40.574226], [-3.629777, 40.574296], [-3.629778, 40.574297], [-3.629813, 40.574309], [-3.630177, 40.574439], [-3.63029, 40.57448], [-3.630381, 40.574513], [-3.630572, 40.574584], [-3.631124, 40.574863], [-3.631537, 40.574746], [-3.631648, 40.574716], [-3.631844, 40.574664], [-3.631874, 40.574656], [-3.631884, 40.574654], [-3.631922, 40.574644], [-3.631927, 40.574643], [-3.632457, 40.574497], [-3.632701, 40.574488], [-3.633118, 40.574472], [-3.633498, 40.574459], [-3.633519, 40.574458], [-3.633667, 40.574451], [-3.633728, 40.574452], [-3.633887, 40.574455], [-3.634133, 40.574458], [-3.634661, 40.574462], [-3.634679, 40.574462], [-3.635515, 40.574554], [-3.636195, 40.574614], [-3.636509, 40.574655], [-3.636735, 40.57469], [-3.63675, 40.574693], [-3.636793, 40.574701], [-3.636893, 40.574714], [-3.637301, 40.574767], [-3.637322, 40.57477], [-3.637714, 40.574819], [-3.638459, 40.574926], [-3.639242, 40.575036], [-3.639334, 40.575049], [-3.639506, 40.575073], [-3.63954, 40.575079], [-3.639728, 40.575108], [-3.64063, 40.575451], [-3.640669, 40.575466], [-3.640766, 40.575503], [-3.640958, 40.575578], [-3.641359, 40.575733], [-3.641559, 40.575812], [-3.641805, 40.575949], [-3.642133, 40.576134], [-3.642284, 40.576219], [-3.64238, 40.576272], [-3.642648, 40.576421], [-3.643262, 40.576549], [-3.64333, 40.576563], [-3.643779, 40.576656], [-3.644787, 40.576866], [-3.644789, 40.576866], [-3.645856, 40.576903], [-3.646108, 40.576912], [-3.64735, 40.576957], [-3.647552, 40.576964], [-3.648672, 40.577087], [-3.64959, 40.577183], [-3.650027, 40.57733], [-3.650318, 40.57743], [-3.650838, 40.577905], [-3.650917, 40.577969], [-3.651137, 40.578349], [-3.651424, 40.578853], [-3.651841, 40.579582], [-3.652021, 40.579908], [-3.652051, 40.579959], [-3.652247, 40.580289], [-3.652466, 40.580648], [-3.652607, 40.580881], [-3.652637, 40.58093], [-3.652719, 40.581067], [-3.65294, 40.581676], [-3.652959, 40.581727], [-3.65321, 40.582406], [-3.653442, 40.583033], [-3.653698, 40.58374], [-3.653821, 40.584075], [-3.653958, 40.584448], [-3.654028, 40.584627], [-3.654114, 40.584851], [-3.654127, 40.584893], [-3.65416, 40.584974], [-3.654214, 40.585168], [-3.654269, 40.585358], [-3.654324, 40.585519], [-3.654391, 40.585721], [-3.654435, 40.585866], [-3.654459, 40.585946], [-3.654493, 40.586053], [-3.654614, 40.586287], [-3.654659, 40.586374], [-3.654687, 40.586418], [-3.654717, 40.586467], [-3.654769, 40.586582], [-3.654857, 40.586778], [-3.654964, 40.58701], [-3.655069, 40.587229], [-3.655089, 40.587272], [-3.655114, 40.587327], [-3.655121, 40.587341], [-3.65513, 40.587359], [-3.655162, 40.587432], [-3.655211, 40.587517], [-3.655231, 40.587571], [-3.655242, 40.587596], [-3.655268, 40.587648], [-3.655268, 40.587649], [-3.655269, 40.587649], [-3.655284, 40.587688], [-3.65532, 40.587733], [-3.655347, 40.587767], [-3.655854, 40.5884], [-3.656241, 40.588924], [-3.656276, 40.58896], [-3.656299, 40.588989], [-3.656394, 40.589044], [-3.656706, 40.589206], [-3.657442, 40.5896], [-3.657623, 40.589692], [-3.657734, 40.589758], [-3.658389, 40.590153], [-3.658547, 40.590254], [-3.658667, 40.590324], [-3.658799, 40.590404], [-3.658835, 40.590433], [-3.65894, 40.59049], [-3.659047, 40.590571], [-3.65906, 40.590581], [-3.659198, 40.590697], [-3.65945, 40.590889], [-3.659646, 40.591052], [-3.659709, 40.59111], [-3.659977, 40.591359], [-3.66031, 40.591669], [-3.660727, 40.591781], [-3.661046, 40.591863], [-3.661765, 40.59206], [-3.661888, 40.592087], [-3.662346, 40.592192], [-3.66269, 40.592229], [-3.66309, 40.59227], [-3.663333, 40.592298], [-3.663731, 40.592334], [-3.66395, 40.592336], [-3.664462, 40.592341], [-3.664708, 40.59234], [-3.665185, 40.59233], [-3.665375, 40.592317], [-3.665389, 40.592316], [-3.6662, 40.592233], [-3.666479, 40.592204], [-3.666553, 40.592195], [-3.666839, 40.592161], [-3.667003, 40.59214], [-3.667141, 40.592144], [-3.667175, 40.592128], [-3.667429, 40.592008], [-3.66754, 40.591962], [-3.667587, 40.591942], [-3.668007, 40.591747], [-3.668122, 40.591693], [-3.668282, 40.591622], [-3.668541, 40.591507], [-3.668923, 40.591321], [-3.669013, 40.591277], [-3.669374, 40.591106], [-3.669716, 40.59095], [-3.669975, 40.590825], [-3.670846, 40.590423], [-3.671152, 40.590278], [-3.67186, 40.58995], [-3.672322, 40.589729], [-3.6725, 40.589648], [-3.672872, 40.589479], [-3.673779, 40.589044], [-3.674139, 40.58886], [-3.674143, 40.588861], [-3.67487, 40.588512], [-3.678025, 40.586948], [-3.682151, 40.584973], [-3.683893, 40.583902], [-3.684278, 40.583657], [-3.685867, 40.582918], [-3.686628, 40.582737], [-3.687258, 40.582585], [-3.688606, 40.582617], [-3.688912, 40.582409], [-3.689327, 40.582136], [-3.68991, 40.581641], [-3.690696, 40.580977], [-3.690976, 40.580861], [-3.691839, 40.580475], [-3.692443, 40.580308], [-3.692857, 40.580184], [-3.693318, 40.580063], [-3.693393, 40.580036], [-3.693848, 40.579969], [-3.694025, 40.579934], [-3.694295, 40.579881], [-3.694843, 40.579798], [-3.695705, 40.579684], [-3.69585, 40.579665], [-3.697054, 40.579319], [-3.697918, 40.579073], [-3.698404, 40.578935], [-3.699435, 40.57864], [-3.701237, 40.578653], [-3.701589, 40.57864], [-3.701593, 40.578533], [-3.7016, 40.578354], [-3.701602, 40.578313], [-3.700579, 40.578308], [-3.700316, 40.578307], [-3.700289, 40.5783], [-3.700201, 40.57827], [-3.700176, 40.57826], [-3.70012, 40.578239], [-3.700064, 40.578217], [-3.700063, 40.578217], [-3.700008, 40.578193], [-3.699943, 40.57815], [-3.699865, 40.578107], [-3.699708, 40.578], [-3.699479, 40.577846], [-3.699353, 40.577759], [-3.699258, 40.577685], [-3.699229, 40.577663], [-3.699127, 40.577582], [-3.699108, 40.577567], [-3.698972, 40.577429], [-3.698818, 40.577271], [-3.69878, 40.577231], [-3.698582, 40.577109], [-3.698384, 40.576993], [-3.698256, 40.576929], [-3.698187, 40.576879], [-3.698137, 40.57683], [-3.698106, 40.576789], [-3.698059, 40.576726], [-3.697927, 40.576551], [-3.697843, 40.576449], [-3.697595, 40.576257], [-3.697426, 40.576127], [-3.697408, 40.576113], [-3.697304, 40.576013], [-3.697301, 40.575768], [-3.697299, 40.575717], [-3.697296, 40.575639], [-3.697279, 40.575524], [-3.697257, 40.575375], [-3.697244, 40.575314], [-3.697188, 40.575168], [-3.697095, 40.574973], [-3.697066, 40.574912], [-3.697038, 40.574862], [-3.697001, 40.574814], [-3.696846, 40.574696], [-3.696485, 40.574424], [-3.696384, 40.574347], [-3.6963, 40.5743], [-3.696263, 40.574271], [-3.696124, 40.5742], [-3.695581, 40.573961], [-3.694945, 40.573689], [-3.694546, 40.573234], [-3.694188, 40.572824], [-3.694046, 40.572658], [-3.693928, 40.572529], [-3.693678, 40.572242], [-3.693324, 40.571912], [-3.693254, 40.571855], [-3.693214, 40.571826], [-3.693157, 40.57179], [-3.693112, 40.571764], [-3.693084, 40.57175], [-3.693058, 40.571736], [-3.693053, 40.571733], [-3.693029, 40.571721], [-3.693005, 40.571708], [-3.692771, 40.571577], [-3.69272, 40.571539], [-3.692661, 40.571579], [-3.6926, 40.571578], [-3.692578, 40.571335], [-3.692552, 40.571047], [-3.692534, 40.570961], [-3.692511, 40.5709], [-3.692473, 40.570815], [-3.692365, 40.570651], [-3.692174, 40.570414], [-3.692166, 40.570404], [-3.692112, 40.57034], [-3.692066, 40.570287], [-3.692045, 40.570264], [-3.692006, 40.570221], [-3.691982, 40.570192], [-3.691923, 40.570118], [-3.691826, 40.569965], [-3.691789, 40.569916], [-3.69175, 40.569865], [-3.691665, 40.569797], [-3.69166, 40.569792], [-3.691542, 40.569754], [-3.691444, 40.569725], [-3.691326, 40.56969], [-3.691248, 40.569663], [-3.691193, 40.569644], [-3.691182, 40.569636], [-3.691101, 40.569579], [-3.690978, 40.569434], [-3.690829, 40.569253], [-3.690795, 40.569234], [-3.690708, 40.569185], [-3.690654, 40.569163], [-3.69065, 40.569164], [-3.690567, 40.569189], [-3.690486, 40.569338], [-3.69047, 40.569368], [-3.69045, 40.569416], [-3.690391, 40.569559], [-3.690328, 40.569733], [-3.690302, 40.569793], [-3.690291, 40.569817], [-3.690253, 40.569873], [-3.690248, 40.569879], [-3.690173, 40.569976], [-3.690141, 40.570009], [-3.690061, 40.570091], [-3.689962, 40.570157], [-3.689727, 40.570281], [-3.689696, 40.570297], [-3.689397, 40.570358], [-3.689455, 40.570242], [-3.689525, 40.570102], [-3.689578, 40.569962], [-3.689594, 40.569784], [-3.689592, 40.569706], [-3.68957, 40.569404], [-3.689567, 40.569288], [-3.689564, 40.569189], [-3.689563, 40.56917], [-3.689557, 40.56902], [-3.689546, 40.568707], [-3.689551, 40.568636], [-3.689545, 40.568607], [-3.689534, 40.568581], [-3.689532, 40.568576], [-3.68951, 40.568551], [-3.689496, 40.568536], [-3.689449, 40.568483], [-3.689433, 40.568465], [-3.689414, 40.568437], [-3.689401, 40.568419], [-3.689396, 40.56841], [-3.689365, 40.56835], [-3.689339, 40.568293], [-3.689285, 40.568172], [-3.68921, 40.567984], [-3.689044, 40.567596], [-3.688971, 40.567423], [-3.688943, 40.567327], [-3.68894, 40.567315], [-3.688939, 40.567289], [-3.688937, 40.567255], [-3.688945, 40.567233], [-3.688952, 40.567209], [-3.688968, 40.56716], [-3.688905, 40.567147], [-3.687922, 40.564953], [-3.686969, 40.563149], [-3.686966, 40.563141], [-3.686658, 40.562396], [-3.685751, 40.559647], [-3.684931, 40.558094], [-3.682408, 40.553831], [-3.682151, 40.552908], [-3.682123, 40.552811], [-3.682364, 40.552654], [-3.682583, 40.552557], [-3.682677, 40.552484], [-3.682705, 40.55246], [-3.682739, 40.55243], [-3.682736, 40.552275], [-3.682836, 40.551926], [-3.682355, 40.551035], [-3.682172, 40.550696], [-3.682012, 40.550469], [-3.681969, 40.550382], [-3.681956, 40.550356], [-3.681947, 40.550329], [-3.681916, 40.550242], [-3.681899, 40.550116], [-3.681882, 40.549997], [-3.681849, 40.549924], [-3.681849, 40.549923], [-3.681736, 40.549789], [-3.681733, 40.549785], [-3.681617, 40.549661], [-3.681607, 40.549652], [-3.681585, 40.549629], [-3.681487, 40.549526], [-3.681314, 40.549349], [-3.681157, 40.549196], [-3.680923, 40.549051], [-3.680746, 40.548965], [-3.680668, 40.548929], [-3.680527, 40.548864], [-3.680371, 40.548825], [-3.680251, 40.548762], [-3.680215, 40.548735], [-3.680183, 40.548664], [-3.68016, 40.548617], [-3.680146, 40.548589], [-3.680114, 40.548545], [-3.68007, 40.548485], [-3.679961, 40.548332], [-3.679915, 40.548266], [-3.6799, 40.548246], [-3.679866, 40.548195], [-3.679796, 40.548092], [-3.679783, 40.548074], [-3.679689, 40.547936], [-3.679676, 40.547919], [-3.679552, 40.547747], [-3.679437, 40.547617], [-3.679295, 40.547472], [-3.679295, 40.547471], [-3.679149, 40.547354], [-3.678962, 40.54719], [-3.678961, 40.547189], [-3.678958, 40.547186], [-3.678778, 40.547004], [-3.678661, 40.546732], [-3.678571, 40.546571], [-3.67855, 40.546528], [-3.678623, 40.546506], [-3.678742, 40.545382], [-3.678322, 40.543981], [-3.678163, 40.543451], [-3.677935, 40.542949], [-3.677906, 40.542909], [-3.677836, 40.542814], [-3.677749, 40.542728], [-3.677747, 40.542726], [-3.677673, 40.542642], [-3.677569, 40.542523], [-3.677438, 40.542363], [-3.677241, 40.542117], [-3.677146, 40.541999], [-3.677017, 40.541839], [-3.677014, 40.541835], [-3.676999, 40.541818], [-3.676957, 40.541769], [-3.676848, 40.541687], [-3.676805, 40.541655], [-3.676769, 40.541622], [-3.676752, 40.541606], [-3.676712, 40.541569], [-3.676598, 40.541492], [-3.676479, 40.54141], [-3.67631, 40.541304], [-3.67625, 40.541261], [-3.676234, 40.541251], [-3.676131, 40.54121], [-3.67595, 40.541106], [-3.675876, 40.541063], [-3.675844, 40.541036], [-3.675773, 40.540978], [-3.675713, 40.5409], [-3.675648, 40.54081], [-3.675631, 40.540785], [-3.675439, 40.540482], [-3.675291, 40.540289], [-3.67523, 40.540204], [-3.675182, 40.540137], [-3.674957, 40.539822], [-3.674946, 40.539805], [-3.674848, 40.53967], [-3.674813, 40.539605], [-3.674755, 40.539494], [-3.674684, 40.539357], [-3.674678, 40.539346], [-3.674606, 40.53921], [-3.67454, 40.539096], [-3.674505, 40.53902], [-3.67449, 40.538989], [-3.674471, 40.538931], [-3.674463, 40.538907], [-3.674461, 40.538901], [-3.674385, 40.53871], [-3.674335, 40.538528], [-3.674329, 40.538519], [-3.674269, 40.538426], [-3.674243, 40.53839], [-3.674165, 40.538283], [-3.67404, 40.53814], [-3.673877, 40.538017], [-3.673632, 40.53787], [-3.673443, 40.537781], [-3.673255, 40.537694], [-3.673231, 40.537683], [-3.673109, 40.537636], [-3.673085, 40.537626], [-3.672896, 40.537591], [-3.672545, 40.537535], [-3.672382, 40.537495], [-3.672335, 40.537479], [-3.672258, 40.537454], [-3.672165, 40.537408], [-3.67216, 40.537405], [-3.672057, 40.537344], [-3.671965, 40.537291], [-3.671835, 40.537197], [-3.671715, 40.537075], [-3.671669, 40.537012], [-3.671583, 40.536894], [-3.671543, 40.536844], [-3.671305, 40.536546], [-3.671227, 40.536452], [-3.671157, 40.536366], [-3.67111, 40.536308], [-3.671107, 40.536305], [-3.671036, 40.536161], [-3.670927, 40.536021], [-3.67084, 40.535886], [-3.670796, 40.535825], [-3.670778, 40.535709], [-3.67073, 40.535615], [-3.670723, 40.535603], [-3.670542, 40.53539], [-3.6705, 40.535341], [-3.670341, 40.535164], [-3.670221, 40.535025], [-3.670217, 40.53502], [-3.670139, 40.534923], [-3.670069, 40.534878], [-3.669949, 40.5348], [-3.669712, 40.534656], [-3.669689, 40.534641], [-3.669417, 40.534462], [-3.669347, 40.534428], [-3.669293, 40.534401], [-3.669317, 40.534375], [-3.669349, 40.534341], [-3.669998, 40.533447], [-3.671003, 40.532063], [-3.672337, 40.530869], [-3.675724, 40.528381], [-3.676009, 40.527978], [-3.676528, 40.527245], [-3.677207, 40.526992], [-3.675582, 40.526118], [-3.675067, 40.525575], [-3.673496, 40.52495], [-3.672029, 40.524366], [-3.670048, 40.524721], [-3.667651, 40.525008], [-3.665978, 40.524479], [-3.665961, 40.524351], [-3.665959, 40.524097], [-3.665958, 40.523976], [-3.665946, 40.523925], [-3.665939, 40.523892], [-3.665879, 40.523763], [-3.665879, 40.523762], [-3.665808, 40.523625], [-3.665783, 40.523555], [-3.665761, 40.523496], [-3.665742, 40.523442], [-3.665724, 40.523406], [-3.665688, 40.523335], [-3.665647, 40.523215], [-3.665646, 40.523211], [-3.665634, 40.523144], [-3.665621, 40.52301], [-3.665621, 40.523005], [-3.665637, 40.522894], [-3.665682, 40.522715], [-3.665723, 40.522549], [-3.665727, 40.522532], [-3.665789, 40.522335], [-3.66584, 40.522184], [-3.665846, 40.522165], [-3.665897, 40.522], [-3.665931, 40.521861], [-3.665961, 40.52174], [-3.665971, 40.521703], [-3.665998, 40.521591], [-3.66606, 40.521445], [-3.666202, 40.521113], [-3.663576, 40.520262], [-3.66287, 40.520033], [-3.661467, 40.517266], [-3.659158, 40.513593], [-3.659127, 40.513485], [-3.658599, 40.511669], [-3.657885, 40.511461], [-3.657614, 40.511719], [-3.657615, 40.511718], [-3.657752, 40.511467], [-3.657867, 40.511229], [-3.657954, 40.511018], [-3.658011, 40.510868], [-3.658074, 40.510678], [-3.65814, 40.510446], [-3.658175, 40.510303], [-3.658217, 40.510096], [-3.658243, 40.50992], [-3.658267, 40.509757], [-3.658282, 40.509596], [-3.658296, 40.509455], [-3.658298, 40.509377], [-3.6583, 40.509317], [-3.658305, 40.509126], [-3.658308, 40.508983], [-3.658302, 40.50876], [-3.6583, 40.508581], [-3.658292, 40.508385], [-3.658281, 40.508187], [-3.658268, 40.507998], [-3.65825, 40.507764], [-3.658238, 40.507572], [-3.658225, 40.507398], [-3.6582, 40.50699], [-3.658174, 40.506584], [-3.65816, 40.506186], [-3.658154, 40.505825], [-3.658163, 40.505493], [-3.658192, 40.505217], [-3.658236, 40.504957], [-3.658328, 40.504605], [-3.658392, 40.5044], [-3.658462, 40.50422], [-3.658557, 40.504015], [-3.65864, 40.503849], [-3.658734, 40.503673], [-3.658827, 40.503514], [-3.658933, 40.503349], [-3.659112, 40.503093], [-3.659205, 40.502966], [-3.659576, 40.502488], [-3.66005, 40.501912], [-3.660415, 40.501474], [-3.661078, 40.500697], [-3.661523, 40.500184], [-3.661777, 40.4999], [-3.662267, 40.499372], [-3.662886, 40.498787], [-3.663465, 40.498289], [-3.664116, 40.497751], [-3.664865, 40.497132], [-3.666011, 40.496205], [-3.6665, 40.495812], [-3.667115, 40.495322], [-3.66758, 40.494954], [-3.667893, 40.494707], [-3.668539, 40.494201], [-3.669246, 40.493647], [-3.67002, 40.493028], [-3.670193, 40.492894], [-3.670475, 40.492658], [-3.670651, 40.492508], [-3.670987, 40.4922], [-3.671184, 40.491996], [-3.67144, 40.491716], [-3.671632, 40.49148], [-3.671805, 40.49125], [-3.67196, 40.491024], [-3.672106, 40.490786], [-3.67222, 40.490577], [-3.672349, 40.490319], [-3.672465, 40.49007], [-3.672601, 40.489731], [-3.672708, 40.489419], [-3.672795, 40.489137], [-3.672837, 40.488998], [-3.672893, 40.488765], [-3.672982, 40.488374], [-3.673063, 40.487941], [-3.673139, 40.48742], [-3.673168, 40.487203], [-3.67322, 40.486738], [-3.673327, 40.485606], [-3.673353, 40.485251], [-3.673418, 40.484551], [-3.673461, 40.484056], [-3.674468, 40.484024], [-3.674948, 40.484011], [-3.675916, 40.48399], [-3.676363, 40.483974], [-3.676639, 40.483964], [-3.677286, 40.483936], [-3.677343, 40.483933], [-3.677395, 40.483931], [-3.677777, 40.48391], [-3.678002, 40.483894], [-3.678028, 40.483893], [-3.678174, 40.483879], [-3.678294, 40.483868], [-3.678351, 40.483861], [-3.678522, 40.483841], [-3.678679, 40.483819], [-3.678994, 40.483772], [-3.679356, 40.483707], [-3.680065, 40.483549], [-3.680225, 40.483511], [-3.680473, 40.483452], [-3.680798, 40.483364], [-3.680941, 40.483325], [-3.681156, 40.483265], [-3.681427, 40.483189], [-3.681909, 40.483053], [-3.682156, 40.482984], [-3.683329, 40.482579], [-3.683621, 40.482485], [-3.683943, 40.4824], [-3.684254, 40.482333], [-3.684527, 40.482291], [-3.684717, 40.482282], [-3.684826, 40.482276], [-3.684867, 40.482274], [-3.685097, 40.482286], [-3.685228, 40.482293], [-3.685152, 40.48215], [-3.685111, 40.481986], [-3.6851, 40.481945], [-3.685079, 40.481697], [-3.685108, 40.481431], [-3.685129, 40.481346], [-3.685175, 40.481156], [-3.685199, 40.481001], [-3.685221, 40.480859], [-3.68532, 40.480523], [-3.685557, 40.47972], [-3.685761, 40.478852], [-3.686399, 40.476689], [-3.687096, 40.474248], [-3.687122, 40.474152], [-3.688863, 40.474429], [-3.688954, 40.474503], [-3.689081, 40.47461], [-3.68923, 40.47469], [-3.689441, 40.474694], [-3.689792, 40.474643], [-3.690234, 40.47456], [-3.690718, 40.474477], [-3.690992, 40.474448], [-3.691273, 40.474473], [-3.691527, 40.474531], [-3.691767, 40.474594], [-3.692028, 40.474662], [-3.692338, 40.474719], [-3.692591, 40.474729], [-3.692844, 40.474722], [-3.693153, 40.474672], [-3.693476, 40.47461], [-3.693742, 40.474566], [-3.69403, 40.474543], [-3.694354, 40.474557], [-3.694684, 40.474582], [-3.695037, 40.474639], [-3.695375, 40.474717], [-3.695706, 40.474774], [-3.696001, 40.474789], [-3.696198, 40.474777], [-3.696381, 40.474745], [-3.696538, 40.474702], [-3.6967, 40.474656], [-3.696851, 40.474614], [-3.69704, 40.474571], [-3.697257, 40.474541], [-3.697495, 40.474535], [-3.697636, 40.474539], [-3.697815, 40.474542], [-3.697879, 40.474548], [-3.698, 40.474561], [-3.698168, 40.474593], [-3.698369, 40.47465], [-3.698505, 40.474695], [-3.698718, 40.474785], [-3.698881, 40.47485], [-3.698989, 40.474886], [-3.699039, 40.474903], [-3.699229, 40.474935], [-3.699441, 40.474966], [-3.699545, 40.47497], [-3.699546, 40.474971], [-3.699717, 40.474977], [-3.699994, 40.474975], [-3.700286, 40.474941], [-3.700513, 40.474885], [-3.700677, 40.47483], [-3.700724, 40.474814], [-3.700913, 40.474734], [-3.701069, 40.474636], [-3.70116, 40.474579], [-3.701256, 40.47451], [-3.701343, 40.474446], [-3.701396, 40.4744], [-3.701483, 40.474325], [-3.701633, 40.474187], [-3.701821, 40.474018], [-3.701821, 40.474017], [-3.702091, 40.473772], [-3.703186, 40.472748], [-3.703192, 40.472742]]]}}, {"type": "Feature", "properties": {"district": "Hortaleza", "color": [148, 103, 189]}, "geometry": {"type": "Polygon", "coordinates": [[[-3.60466, 40.453374], [-3.604454, 40.453147], [-3.604296, 40.452928], [-3.604137, 40.452687], [-3.604028, 40.452479], [-3.603889, 40.452172], [-3.603786, 40.451872], [-3.6037, 40.451544], [-3.60362, 40.451134], [-3.603392, 40.449888], [-3.604742, 40.449742], [-3.605456, 40.449681], [-3.605845, 40.44966], [-3.606365, 40.449653], [-3.609078, 40.449687], [-3.614789, 40.449709], [-3.616673, 40.449697], [-3.619938, 40.449684], [-3.622312, 40.449674], [-3.626288, 40.449526], [-3.627665, 40.44949], [-3.628412, 40.44947], [-3.629442, 40.449435], [-3.630681, 40.449393], [-3.631961, 40.449257], [-3.633822, 40.448983], [-3.634545, 40.448876], [-3.635273, 40.448793], [-3.635646, 40.44875], [-3.636053, 40.448703], [-3.638089, 40.448674], [-3.639422, 40.448797], [-3.639767, 40.448829], [-3.639837, 40.448842], [-3.642761, 40.449294], [-3.643657, 40.449457], [-3.644443, 40.4496], [-3.645919, 40.449788], [-3.646388, 40.449753], [-3.647278, 40.449686], [-3.647825, 40.449534], [-3.647828, 40.449533], [-3.648116, 40.449453], [-3.649326, 40.451146], [-3.649664, 40.451599], [-3.649665, 40.4516], [-3.64993, 40.451955], [-3.649995, 40.452041], [-3.650081, 40.45208], [-3.651307, 40.453705], [-3.652868, 40.455444], [-3.654207, 40.456918], [-3.655146, 40.45801], [-3.655454, 40.458369], [-3.655873, 40.458902], [-3.65625, 40.459343], [-3.656284, 40.459431], [-3.660337, 40.462186], [-3.660431, 40.46225], [-3.662042, 40.463374], [-3.662487, 40.464063], [-3.662937, 40.465672], [-3.66345, 40.467478], [-3.664643, 40.47195], [-3.665158, 40.473804], [-3.665425, 40.474766], [-3.665434, 40.474801], [-3.665439, 40.474819], [-3.665556, 40.475345], [-3.665732, 40.476362], [-3.665759, 40.47679], [-3.665675, 40.477051], [-3.665642, 40.477147], [-3.665527, 40.477473], [-3.665525, 40.477475], [-3.665228, 40.477956], [-3.664876, 40.478367], [-3.663422, 40.479842], [-3.66118, 40.482007], [-3.661006, 40.482109], [-3.659587, 40.482795], [-3.659347, 40.482911], [-3.663728, 40.483618], [-3.664004, 40.483662], [-3.664696, 40.483764], [-3.664724, 40.483768], [-3.666118, 40.483974], [-3.666267, 40.483991], [-3.667211, 40.484101], [-3.669046, 40.484179], [-3.670268, 40.484183], [-3.671087, 40.484145], [-3.671345, 40.484132], [-3.673461, 40.484056], [-3.673418, 40.484551], [-3.673353, 40.485251], [-3.673327, 40.485606], [-3.67322, 40.486738], [-3.673168, 40.487203], [-3.673139, 40.48742], [-3.673063, 40.487941], [-3.672982, 40.488374], [-3.672893, 40.488765], [-3.672837, 40.488998], [-3.672795, 40.489137], [-3.672708, 40.489419], [-3.672601, 40.489731], [-3.672465, 40.49007], [-3.672349, 40.490319], [-3.67222, 40.490577], [-3.672106, 40.490786], [-3.67196, 40.491024], [-3.671805, 40.49125], [-3.671632, 40.49148], [-3.67144, 40.491716], [-3.671184, 40.491996], [-3.670987, 40.4922], [-3.670651, 40.492508], [-3.670475, 40.492658], [-3.670193, 40.492894], [-3.67002, 40.493028], [-3.669246, 40.493647], [-3.668539, 40.494201], [-3.667893, 40.494707], [-3.66758, 40.494954], [-3.667115, 40.495322], [-3.6665, 40.495812], [-3.666011, 40.496205], [-3.664865, 40.497132], [-3.664116, 40.497751], [-3.663465, 40.498289], [-3.662886, 40.498787], [-3.662267, 40.499372], [-3.661777, 40.4999], [-3.661523, 40.500184], [-3.661078, 40.500697], [-3.660415, 40.501474], [-3.66005, 40.501912], [-3.659576, 40.502488], [-3.659205, 40.502966], [-3.659112, 40.503093], [-3.658933, 40.503349], [-3.658827, 40.503514], [-3.658734, 40.503673], [-3.65864, 40.503849], [-3.658557, 40.504015], [-3.658462, 40.50422], [-3.658392, 40.5044], [-3.658328, 40.504605], [-3.658236, 40.504957], [-3.658192, 40.505217], [-3.658163, 40.505493], [-3.658154, 40.505825], [-3.65816, 40.506186], [-3.658174, 40.506584], [-3.6582, 40.50699], [-3.658225, 40.507398], [-3.658238, 40.507572], [-3.65825, 40.507764], [-3.658268, 40.507998], [-3.658281, 40.508187], [-3.658292, 40.508385], [-3.6583, 40.508581], [-3.658302, 40.50876], [-3.658308, 40.508983], [-3.658305, 40.509126], [-3.6583, 40.509317], [-3.658298, 40.509377], [-3.658296, 40.509455], [-3.658282, 40.509596], [-3.658267, 40.509757], [-3.658243, 40.50992], [-3.658217, 40.510096], [-3.658175, 40.510303], [-3.65814, 40.510446], [-3.658074, 40.510678], [-3.658011, 40.510868], [-3.657954, 40.511018], [-3.657867, 40.511229], [-3.657752, 40.511467], [-3.657615, 40.511718], [-3.657614, 40.511719], [-3.657587, 40.511745], [-3.65617, 40.513097], [-3.655713, 40.513011], [-3.654533, 40.512788], [-3.652381, 40.511438], [-3.652448, 40.511122], [-3.652258, 40.51106], [-3.652176, 40.511088], [-3.652098, 40.51112], [-3.652094, 40.511123], [-3.652041, 40.511161], [-3.651959, 40.51113], [-3.651913, 40.511112], [-3.651763, 40.511075], [-3.651747, 40.511072], [-3.651716, 40.511068], [-3.651397, 40.511027], [-3.650861, 40.510976], [-3.650486, 40.510941], [-3.649937, 40.510881], [-3.649583, 40.510845], [-3.649253, 40.510819], [-3.649095, 40.510802], [-3.649051, 40.510798], [-3.648969, 40.510781], [-3.648919, 40.51077], [-3.648622, 40.510671], [-3.64846, 40.510612], [-3.648237, 40.510522], [-3.647869, 40.510352], [-3.647487, 40.510028], [-3.644375, 40.508057], [-3.64435, 40.508086], [-3.644284, 40.508076], [-3.644242, 40.508071], [-3.644201, 40.508065], [-3.643703, 40.507991], [-3.643563, 40.50797], [-3.643461, 40.507967], [-3.643451, 40.507967], [-3.643345, 40.507975], [-3.643279, 40.507983], [-3.643225, 40.507989], [-3.643058, 40.508019], [-3.642669, 40.508131], [-3.642493, 40.508185], [-3.642486, 40.508186], [-3.642377, 40.5082], [-3.642345, 40.508203], [-3.642237, 40.508215], [-3.642103, 40.508226], [-3.642039, 40.508225], [-3.641973, 40.508223], [-3.641829, 40.508203], [-3.641675, 40.508182], [-3.641634, 40.508177], [-3.641573, 40.508169], [-3.641542, 40.508161], [-3.641433, 40.508134], [-3.641329, 40.5081], [-3.641326, 40.508099], [-3.6412, 40.508061], [-3.641088, 40.508033], [-3.6411, 40.508002], [-3.639554, 40.507881], [-3.633647, 40.507817], [-3.633276, 40.507651], [-3.633142, 40.507708], [-3.63175, 40.5083], [-3.631527, 40.508395], [-3.630398, 40.508436], [-3.628707, 40.508278], [-3.628544, 40.508257], [-3.627828, 40.508484], [-3.62717, 40.508812], [-3.626872, 40.508961], [-3.626626, 40.509059], [-3.626436, 40.509134], [-3.626287, 40.509173], [-3.625949, 40.509261], [-3.625599, 40.509391], [-3.625478, 40.509435], [-3.62531, 40.509466], [-3.625197, 40.509464], [-3.625133, 40.509463], [-3.62352, 40.509106], [-3.62319, 40.509079], [-3.623048, 40.509077], [-3.622823, 40.509075], [-3.622389, 40.509066], [-3.622099, 40.50925], [-3.621817, 40.509509], [-3.621527, 40.509773], [-3.621394, 40.509894], [-3.62123, 40.509975], [-3.620991, 40.510062], [-3.620774, 40.510103], [-3.620445, 40.510133], [-3.620221, 40.510146], [-3.619985, 40.510129], [-3.619771, 40.510114], [-3.619427, 40.510088], [-3.61891, 40.51005], [-3.61846, 40.510018], [-3.618387, 40.510026], [-3.618131, 40.510055], [-3.618032, 40.51005], [-3.617974, 40.510047], [-3.617907, 40.510044], [-3.617889, 40.510045], [-3.617794, 40.510051], [-3.617362, 40.510224], [-3.617359, 40.510226], [-3.617314, 40.510247], [-3.61704, 40.510375], [-3.61693, 40.510427], [-3.616587, 40.510583], [-3.616191, 40.510756], [-3.61605, 40.510809], [-3.615975, 40.510837], [-3.615781, 40.510878], [-3.615693, 40.510889], [-3.615489, 40.510914], [-3.615212, 40.510939], [-3.615093, 40.510934], [-3.615078, 40.510933], [-3.614852, 40.510862], [-3.614766, 40.510835], [-3.614635, 40.510793], [-3.614581, 40.510778], [-3.614223, 40.510679], [-3.614151, 40.510247], [-3.614135, 40.510221], [-3.61409, 40.51015], [-3.613969, 40.510031], [-3.613856, 40.509951], [-3.613585, 40.509747], [-3.613412, 40.509621], [-3.613313, 40.509549], [-3.61299, 40.509368], [-3.612749, 40.509232], [-3.612462, 40.509144], [-3.612456, 40.509142], [-3.612374, 40.50912], [-3.612089, 40.509042], [-3.611787, 40.508984], [-3.61171, 40.508975], [-3.611535, 40.508953], [-3.611368, 40.508954], [-3.611301, 40.508952], [-3.611266, 40.508951], [-3.611052, 40.508847], [-3.610948, 40.508797], [-3.610888, 40.508753], [-3.610803, 40.508691], [-3.610738, 40.508585], [-3.610714, 40.508546], [-3.610541, 40.508416], [-3.610353, 40.508261], [-3.610241, 40.50813], [-3.610201, 40.508103], [-3.610119, 40.508046], [-3.610119, 40.508045], [-3.610095, 40.507971], [-3.609991, 40.507885], [-3.60995, 40.507851], [-3.609711, 40.507633], [-3.609609, 40.507558], [-3.609524, 40.507495], [-3.609435, 40.507443], [-3.609337, 40.507369], [-3.609282, 40.507338], [-3.609262, 40.507326], [-3.609249, 40.507308], [-3.609238, 40.507291], [-3.609177, 40.507265], [-3.609164, 40.507259], [-3.609133, 40.507239], [-3.608951, 40.507115], [-3.608883, 40.507069], [-3.608691, 40.506939], [-3.60857, 40.506862], [-3.608359, 40.506728], [-3.608191, 40.506637], [-3.608133, 40.506598], [-3.608116, 40.506587], [-3.607984, 40.506529], [-3.607776, 40.506437], [-3.607735, 40.506416], [-3.60765, 40.506373], [-3.607478, 40.506305], [-3.607333, 40.506247], [-3.607109, 40.506153], [-3.607007, 40.506108], [-3.606964, 40.50609], [-3.606956, 40.506085], [-3.606871, 40.50604], [-3.606818, 40.506013], [-3.606768, 40.505988], [-3.606632, 40.505921], [-3.606469, 40.505801], [-3.606431, 40.505761], [-3.606379, 40.505707], [-3.606351, 40.505678], [-3.606286, 40.505607], [-3.606229, 40.505491], [-3.606172, 40.505342], [-3.606143, 40.505206], [-3.606138, 40.505179], [-3.60608, 40.504977], [-3.606064, 40.504891], [-3.606047, 40.504796], [-3.606046, 40.504789], [-3.60602, 40.504663], [-3.606017, 40.504647], [-3.606002, 40.504537], [-3.605975, 40.504452], [-3.605968, 40.504431], [-3.605967, 40.504427], [-3.605948, 40.504379], [-3.60592, 40.50431], [-3.605902, 40.504265], [-3.60585, 40.504158], [-3.605812, 40.504097], [-3.605784, 40.504052], [-3.605774, 40.504042], [-3.605624, 40.503879], [-3.605572, 40.503824], [-3.605511, 40.503759], [-3.60544, 40.503701], [-3.60534, 40.503619], [-3.605241, 40.503537], [-3.605174, 40.503487], [-3.605008, 40.503361], [-3.604953, 40.503313], [-3.604837, 40.503211], [-3.604639, 40.503035], [-3.604654, 40.503023], [-3.603349, 40.501762], [-3.603185, 40.501667], [-3.603119, 40.501459], [-3.603055, 40.501252], [-3.602819, 40.500981], [-3.602634, 40.500767], [-3.602584, 40.50066], [-3.60255, 40.500589], [-3.602295, 40.500049], [-3.602066, 40.499267], [-3.602026, 40.499117], [-3.602019, 40.499091], [-3.601836, 40.498399], [-3.601443, 40.497851], [-3.600882, 40.497218], [-3.600796, 40.497069], [-3.600788, 40.497057], [-3.600721, 40.496942], [-3.600685, 40.49688], [-3.600675, 40.495758], [-3.600664, 40.495633], [-3.600613, 40.495059], [-3.600416, 40.494722], [-3.600342, 40.494597], [-3.600318, 40.494556], [-3.600078, 40.494152], [-3.599932, 40.494017], [-3.599894, 40.493982], [-3.599827, 40.49392], [-3.600567, 40.493566], [-3.600594, 40.493567], [-3.600908, 40.493574], [-3.601061, 40.493578], [-3.601525, 40.493589], [-3.602913, 40.492354], [-3.602987, 40.492288], [-3.603999, 40.491785], [-3.604418, 40.491577], [-3.605103, 40.491179], [-3.605297, 40.491066], [-3.605411, 40.491043], [-3.606152, 40.490894], [-3.606302, 40.490863], [-3.606584, 40.490806], [-3.608496, 40.490374], [-3.60915, 40.490204], [-3.609382, 40.490144], [-3.61004, 40.489973], [-3.611509, 40.48943], [-3.611811, 40.48933], [-3.611954, 40.489282], [-3.61228, 40.489173], [-3.612416, 40.489032], [-3.612825, 40.48861], [-3.613047, 40.488381], [-3.613303, 40.488183], [-3.613686, 40.488034], [-3.61389, 40.487955], [-3.614111, 40.487242], [-3.614248, 40.4868], [-3.614285, 40.486718], [-3.614514, 40.486218], [-3.614609, 40.48601], [-3.614944, 40.485442], [-3.615008, 40.485333], [-3.614918, 40.485053], [-3.614819, 40.484743], [-3.614842, 40.484465], [-3.614848, 40.484397], [-3.614852, 40.48435], [-3.614859, 40.484346], [-3.615047, 40.484244], [-3.615219, 40.484151], [-3.615912, 40.4835], [-3.615992, 40.48334], [-3.616067, 40.483193], [-3.616238, 40.482851], [-3.616299, 40.482659], [-3.616319, 40.482597], [-3.616346, 40.482513], [-3.616484, 40.482339], [-3.616724, 40.482039], [-3.616819, 40.48192], [-3.617217, 40.48113], [-3.617652, 40.480397], [-3.617774, 40.480302], [-3.618315, 40.479883], [-3.618457, 40.479773], [-3.618654, 40.479683], [-3.618899, 40.479571], [-3.619264, 40.479404], [-3.619775, 40.479239], [-3.619953, 40.479182], [-3.620329, 40.47906], [-3.620348, 40.479052], [-3.620594, 40.478939], [-3.620767, 40.47886], [-3.620953, 40.478776], [-3.62139, 40.478295], [-3.621608, 40.477956], [-3.621791, 40.477689], [-3.621891, 40.477541], [-3.621935, 40.477476], [-3.622374, 40.477137], [-3.622666, 40.476939], [-3.62296, 40.47674], [-3.622971, 40.476734], [-3.623803, 40.476313], [-3.624651, 40.475869], [-3.625159, 40.475603], [-3.625504, 40.475462], [-3.62593, 40.475289], [-3.626107, 40.47525], [-3.626184, 40.475234], [-3.626545, 40.475155], [-3.626592, 40.475145], [-3.625588, 40.472884], [-3.625415, 40.472822], [-3.624985, 40.472667], [-3.624387, 40.469042], [-3.624403, 40.468873], [-3.62442, 40.468705], [-3.627939, 40.468473], [-3.62762, 40.468143], [-3.623579, 40.462637], [-3.622745, 40.461793], [-3.622174, 40.461215], [-3.621514, 40.460584], [-3.620927, 40.460142], [-3.620251, 40.45974], [-3.617391, 40.458149], [-3.613897, 40.456154], [-3.612337, 40.455287], [-3.608976, 40.45422], [-3.607715, 40.453884], [-3.606628, 40.453499], [-3.606184, 40.453275], [-3.605708, 40.452977], [-3.605435, 40.452759], [-3.60466, 40.453374]]]}}, {"type": "Feature", "properties": {"district": "Latina", "color": [197, 176, 213]}, "geometry": {"type": "Polygon", "coordinates": [[[-3.770744, 40.360547], [-3.771624, 40.359825], [-3.772354, 40.359766], [-3.773431, 40.360544], [-3.775625, 40.361027], [-3.776747, 40.361274], [-3.780318, 40.361865], [-3.780864, 40.361736], [-3.781261, 40.361624], [-3.781416, 40.36158], [-3.781831, 40.361427], [-3.782019, 40.36134], [-3.782274, 40.361221], [-3.782276, 40.36122], [-3.782714, 40.360994], [-3.783175, 40.360781], [-3.783374, 40.360684], [-3.783589, 40.36058], [-3.783995, 40.360361], [-3.784338, 40.36016], [-3.78471, 40.359953], [-3.785471, 40.359587], [-3.7874, 40.358732], [-3.787765, 40.358696], [-3.791613, 40.360196], [-3.79257, 40.360687], [-3.792665, 40.360735], [-3.792989, 40.3609], [-3.793413, 40.361105], [-3.793854, 40.361314], [-3.794444, 40.361622], [-3.794875, 40.361772], [-3.79541, 40.361892], [-3.795743, 40.36196], [-3.796015, 40.362015], [-3.796501, 40.362122], [-3.800487, 40.36281], [-3.802858, 40.363332], [-3.804211, 40.364461], [-3.80693, 40.366453], [-3.810515, 40.363717], [-3.811187, 40.365026], [-3.811824, 40.366269], [-3.811925, 40.366499], [-3.812371, 40.367518], [-3.812681, 40.368269], [-3.812853, 40.368686], [-3.81299, 40.369021], [-3.813072, 40.369221], [-3.813212, 40.369603], [-3.814948, 40.371912], [-3.815582, 40.372689], [-3.815663, 40.372808], [-3.81607, 40.373412], [-3.817042, 40.374401], [-3.817878, 40.375344], [-3.818518, 40.375996], [-3.819444, 40.377067], [-3.819751, 40.37742], [-3.820497, 40.378405], [-3.820732, 40.37865], [-3.821072, 40.379003], [-3.821504, 40.3794], [-3.821715, 40.379561], [-3.822124, 40.379875], [-3.822422, 40.380186], [-3.822501, 40.380268], [-3.822945, 40.380747], [-3.822997, 40.380814], [-3.823311, 40.381223], [-3.823469, 40.38145], [-3.82365, 40.381713], [-3.823729, 40.382137], [-3.824491, 40.383132], [-3.825213, 40.384245], [-3.825347, 40.384446], [-3.825565, 40.384774], [-3.826591, 40.38578], [-3.826723, 40.38591], [-3.8272, 40.386387], [-3.827772, 40.386995], [-3.828091, 40.387377], [-3.828862, 40.388329], [-3.830875, 40.391031], [-3.831781, 40.392211], [-3.832284, 40.392837], [-3.832809, 40.3938], [-3.832935, 40.394127], [-3.833456, 40.395473], [-3.834162, 40.396058], [-3.833656, 40.396019], [-3.832277, 40.395911], [-3.832158, 40.395908], [-3.832107, 40.395906], [-3.832038, 40.39591], [-3.831885, 40.395918], [-3.831843, 40.395923], [-3.83166, 40.395945], [-3.831517, 40.395986], [-3.831307, 40.396042], [-3.83121, 40.396068], [-3.831168, 40.39608], [-3.831083, 40.396099], [-3.831056, 40.396105], [-3.830906, 40.396151], [-3.830899, 40.396154], [-3.830846, 40.396173], [-3.830813, 40.396178], [-3.830751, 40.396189], [-3.830649, 40.396188], [-3.830525, 40.396187], [-3.830321, 40.396217], [-3.830241, 40.396229], [-3.830091, 40.396251], [-3.829834, 40.39629], [-3.829592, 40.396331], [-3.829405, 40.396363], [-3.829376, 40.396366], [-3.829126, 40.39639], [-3.828949, 40.396395], [-3.828922, 40.396395], [-3.828638, 40.396397], [-3.828353, 40.396379], [-3.827982, 40.396357], [-3.827687, 40.396359], [-3.827384, 40.396365], [-3.827354, 40.396365], [-3.826941, 40.396368], [-3.826918, 40.396368], [-3.826681, 40.396366], [-3.826505, 40.396377], [-3.826474, 40.396379], [-3.82636, 40.396391], [-3.826347, 40.396393], [-3.826209, 40.396408], [-3.826031, 40.396436], [-3.825831, 40.39646], [-3.825645, 40.396478], [-3.825545, 40.396498], [-3.825481, 40.396511], [-3.825316, 40.396556], [-3.825116, 40.396558], [-3.82493, 40.396559], [-3.82459, 40.396572], [-3.824579, 40.396573], [-3.824399, 40.396607], [-3.824372, 40.396612], [-3.824165, 40.396636], [-3.823692, 40.396634], [-3.823274, 40.396624], [-3.822991, 40.396632], [-3.822807, 40.396648], [-3.82259, 40.396653], [-3.822404, 40.396666], [-3.822348, 40.396669], [-3.822302, 40.396676], [-3.822238, 40.396684], [-3.822024, 40.396701], [-3.821931, 40.396698], [-3.821458, 40.396683], [-3.820979, 40.396672], [-3.820954, 40.396671], [-3.820683, 40.396663], [-3.820262, 40.396607], [-3.819884, 40.396546], [-3.819346, 40.396454], [-3.818264, 40.395955], [-3.817671, 40.395571], [-3.817047, 40.395216], [-3.81617, 40.394723], [-3.814851, 40.394033], [-3.810861, 40.392805], [-3.808413, 40.392414], [-3.804256, 40.392057], [-3.801047, 40.392143], [-3.796465, 40.392264], [-3.793804, 40.393612], [-3.788676, 40.393923], [-3.789346, 40.392519], [-3.789394, 40.392419], [-3.786758, 40.392827], [-3.781953, 40.39406], [-3.781483, 40.394181], [-3.780757, 40.395281], [-3.780651, 40.395372], [-3.780107, 40.395837], [-3.779674, 40.396845], [-3.778112, 40.397655], [-3.778184, 40.39801], [-3.777606, 40.399106], [-3.777571, 40.399125], [-3.775853, 40.400088], [-3.774561, 40.400264], [-3.774555, 40.400315], [-3.774554, 40.400315], [-3.773845, 40.400302], [-3.773693, 40.400283], [-3.770647, 40.399534], [-3.769281, 40.399622], [-3.767011, 40.399236], [-3.765625, 40.399274], [-3.765503, 40.399103], [-3.764745, 40.399301], [-3.7643605564022042, 40.39940059678699], [-3.76436, 40.399401], [-3.764359, 40.399401], [-3.762737, 40.400689], [-3.762392, 40.400931], [-3.762275, 40.400992], [-3.760805, 40.40288], [-3.760444, 40.403362], [-3.760227, 40.40364], [-3.75986, 40.403965], [-3.759755, 40.40406], [-3.757659, 40.40528], [-3.757354, 40.405452], [-3.757058, 40.405618], [-3.756881, 40.405678], [-3.756723, 40.405712], [-3.756502, 40.405738], [-3.75628, 40.405749], [-3.756115, 40.40577], [-3.755951, 40.40581], [-3.755689, 40.4059], [-3.754912, 40.406307], [-3.752655, 40.407454], [-3.752064, 40.407737], [-3.750879, 40.408306], [-3.750751, 40.408327], [-3.750642, 40.408345], [-3.750542, 40.408358], [-3.749866, 40.408446], [-3.747889, 40.40872], [-3.747475, 40.408774], [-3.744667, 40.409144], [-3.744608, 40.409221], [-3.744575, 40.409256], [-3.744497, 40.409287], [-3.744468, 40.409298], [-3.744404, 40.409322], [-3.743937, 40.409435], [-3.743859, 40.409453], [-3.743559, 40.409521], [-3.743329, 40.409568], [-3.743256, 40.409573], [-3.743202, 40.409577], [-3.743184, 40.409576], [-3.743135, 40.409572], [-3.743046, 40.409564], [-3.742879, 40.409537], [-3.742543, 40.409448], [-3.742451, 40.40942], [-3.742364, 40.409395], [-3.742233, 40.40935], [-3.742073, 40.409289], [-3.741986, 40.409256], [-3.741854, 40.409206], [-3.738528, 40.411058], [-3.737919, 40.411466], [-3.734184, 40.412796], [-3.7328, 40.413287], [-3.729575, 40.414432], [-3.726218, 40.415666], [-3.724861, 40.416165], [-3.722379, 40.417175], [-3.72285, 40.415332], [-3.722954, 40.413989], [-3.722925, 40.412376], [-3.722925, 40.412366], [-3.722918, 40.412013], [-3.7229, 40.411973], [-3.722871, 40.411907], [-3.722765, 40.411714], [-3.722611, 40.411379], [-3.721823, 40.408505], [-3.722219, 40.407174], [-3.722261, 40.40705], [-3.722367, 40.406743], [-3.722649, 40.405826], [-3.722743, 40.405218], [-3.722721, 40.404545], [-3.7236, 40.404551], [-3.724764, 40.404544], [-3.724771, 40.405038], [-3.724651, 40.405493], [-3.725071, 40.405524], [-3.72518, 40.405495], [-3.72552, 40.405404], [-3.725657, 40.405319], [-3.725999, 40.405104], [-3.726187, 40.404952], [-3.726338, 40.404829], [-3.72663, 40.404494], [-3.726819, 40.404342], [-3.727077, 40.404135], [-3.727587, 40.40387], [-3.727791, 40.403691], [-3.728157, 40.403368], [-3.728327, 40.403191], [-3.728618, 40.402889], [-3.729592, 40.402432], [-3.730309, 40.401888], [-3.730314, 40.401884], [-3.730903, 40.401437], [-3.732125, 40.40052], [-3.733506, 40.399484], [-3.734115, 40.399028], [-3.734764, 40.398541], [-3.737114, 40.396727], [-3.737509, 40.396316], [-3.737595, 40.396226], [-3.737865, 40.395945], [-3.738321, 40.39526], [-3.738431, 40.395095], [-3.738566, 40.394893], [-3.738631, 40.394795], [-3.738706, 40.394716], [-3.738978, 40.39443], [-3.73915, 40.394304], [-3.739165, 40.394294], [-3.739761, 40.393857], [-3.74084, 40.393031], [-3.740879, 40.393001], [-3.74225, 40.391899], [-3.742848, 40.391354], [-3.743274, 40.390752], [-3.743571, 40.390408], [-3.743814, 40.389962], [-3.744432, 40.388653], [-3.744736, 40.388011], [-3.744899, 40.387972], [-3.745132, 40.387917], [-3.745352, 40.387865], [-3.746185, 40.387361], [-3.746868, 40.386947], [-3.749516, 40.385344], [-3.749547, 40.385325], [-3.751587, 40.384157], [-3.751708, 40.384107], [-3.753037, 40.383548], [-3.75359, 40.383532], [-3.754783, 40.383592], [-3.755632, 40.383648], [-3.75865, 40.384109], [-3.759306, 40.38363], [-3.758853, 40.38323], [-3.758366, 40.382819], [-3.757877, 40.382205], [-3.757435, 40.381463], [-3.756834, 40.380451], [-3.756401, 40.379595], [-3.75595, 40.378552], [-3.756772, 40.377996], [-3.757242, 40.377474], [-3.757422, 40.377174], [-3.757582, 40.376909], [-3.757751, 40.376538], [-3.757814, 40.376313], [-3.757862, 40.37614], [-3.757911, 40.375919], [-3.757931, 40.375831], [-3.757877, 40.37554], [-3.75889, 40.37523], [-3.760016, 40.374885], [-3.761845, 40.374436], [-3.762247, 40.372623], [-3.762943, 40.369022], [-3.762909, 40.368786], [-3.762159, 40.36749], [-3.761806, 40.366896], [-3.763683, 40.365778], [-3.76672, 40.364093], [-3.768961, 40.362048], [-3.770525, 40.360621], [-3.770744, 40.360547]]]}}, {"type": "Feature", "properties": {"district": "Moncloa - Aravaca", "color": [140, 86, 75]}, "geometry": {"type": "Polygon", "coordinates": [[[-3.718406, 40.434778], [-3.717233, 40.433101], [-3.71727, 40.4331], [-3.717613, 40.433092], [-3.717959, 40.432998], [-3.717609, 40.432521], [-3.71748, 40.432346], [-3.71717, 40.431922], [-3.716993, 40.43168], [-3.716228, 40.430648], [-3.716196, 40.430603], [-3.715596, 40.429774], [-3.714528, 40.428321], [-3.714132, 40.427784], [-3.713897, 40.427463], [-3.713174, 40.426407], [-3.712457, 40.42536], [-3.711708, 40.424304], [-3.710894, 40.423434], [-3.710917, 40.423422], [-3.711163, 40.423292], [-3.711722, 40.422964], [-3.713043, 40.422187], [-3.713175, 40.422058], [-3.713332, 40.421905], [-3.713382, 40.421822], [-3.713896, 40.421478], [-3.715504, 40.420403], [-3.715505, 40.420403], [-3.715979, 40.420353], [-3.716802, 40.420342], [-3.718061, 40.420325], [-3.720189, 40.420255], [-3.720195, 40.420245], [-3.720298, 40.420068], [-3.7204, 40.419895], [-3.720699, 40.419469], [-3.721067, 40.419119], [-3.72151, 40.418771], [-3.721843, 40.41858], [-3.722053, 40.41846], [-3.722161, 40.418036], [-3.722379, 40.417175], [-3.724861, 40.416165], [-3.726218, 40.415666], [-3.729575, 40.414432], [-3.7328, 40.413287], [-3.734184, 40.412796], [-3.737919, 40.411466], [-3.738528, 40.411058], [-3.741854, 40.409206], [-3.741986, 40.409256], [-3.742073, 40.409289], [-3.742233, 40.40935], [-3.742364, 40.409395], [-3.742451, 40.40942], [-3.742543, 40.409448], [-3.742879, 40.409537], [-3.743046, 40.409564], [-3.743135, 40.409572], [-3.743184, 40.409576], [-3.743202, 40.409577], [-3.743256, 40.409573], [-3.743329, 40.409568], [-3.743559, 40.409521], [-3.743859, 40.409453], [-3.743937, 40.409435], [-3.744404, 40.409322], [-3.744468, 40.409298], [-3.744497, 40.409287], [-3.744575, 40.409256], [-3.744608, 40.409221], [-3.744667, 40.409144], [-3.747475, 40.408774], [-3.747889, 40.40872], [-3.749866, 40.408446], [-3.750542, 40.408358], [-3.750642, 40.408345], [-3.750751, 40.408327], [-3.750879, 40.408306], [-3.752064, 40.407737], [-3.752655, 40.407454], [-3.754912, 40.406307], [-3.755689, 40.4059], [-3.755951, 40.40581], [-3.756115, 40.40577], [-3.75628, 40.405749], [-3.756502, 40.405738], [-3.756723, 40.405712], [-3.756881, 40.405678], [-3.757058, 40.405618], [-3.757354, 40.405452], [-3.757659, 40.40528], [-3.759755, 40.40406], [-3.75986, 40.403965], [-3.760227, 40.40364], [-3.760444, 40.403362], [-3.760805, 40.40288], [-3.762275, 40.400992], [-3.762392, 40.400931], [-3.762737, 40.400689], [-3.764359, 40.399401], [-3.764745, 40.399301], [-3.765503, 40.399103], [-3.765625, 40.399274], [-3.767011, 40.399236], [-3.769281, 40.399622], [-3.770647, 40.399534], [-3.773693, 40.400283], [-3.773845, 40.400302], [-3.774554, 40.400315], [-3.774555, 40.400315], [-3.774374, 40.40208], [-3.774373, 40.402082], [-3.775385, 40.40308], [-3.775597, 40.40329], [-3.776111, 40.40381], [-3.776343, 40.404045], [-3.776639, 40.404739], [-3.776845, 40.40522], [-3.777135, 40.405667], [-3.777708, 40.406431], [-3.777797, 40.406617], [-3.77814, 40.407226], [-3.778313, 40.407543], [-3.778364, 40.407637], [-3.77841, 40.407751], [-3.778542, 40.408076], [-3.778602, 40.408214], [-3.778605, 40.40822], [-3.778957, 40.409739], [-3.778951, 40.409743], [-3.779259, 40.411122], [-3.779376, 40.411721], [-3.779457, 40.412101], [-3.780622, 40.414295], [-3.780622, 40.414296], [-3.780996, 40.415883], [-3.781399, 40.417594], [-3.78088, 40.419787], [-3.780377, 40.42191], [-3.779131, 40.424271], [-3.77078, 40.429432], [-3.770791, 40.432044], [-3.770801, 40.433069], [-3.770816, 40.434709], [-3.770815, 40.435603], [-3.770814, 40.438449], [-3.770814, 40.439333], [-3.770823, 40.443088], [-3.770847, 40.444051], [-3.775804, 40.443771], [-3.777524, 40.443686], [-3.77866, 40.443852], [-3.779483, 40.444215], [-3.779595, 40.444218], [-3.782824, 40.444306], [-3.784351, 40.444347], [-3.784686, 40.444356], [-3.787302, 40.443327], [-3.79009, 40.442362], [-3.788864, 40.445748], [-3.790299, 40.445825], [-3.790227, 40.446604], [-3.790336, 40.44771], [-3.790958, 40.447499], [-3.790992, 40.447618], [-3.791158, 40.448202], [-3.791388, 40.449436], [-3.79199, 40.450693], [-3.792036, 40.450808], [-3.792377, 40.451657], [-3.79245, 40.451764], [-3.79263, 40.45203], [-3.792957, 40.452513], [-3.793419, 40.453309], [-3.793012, 40.45373], [-3.792862, 40.453744], [-3.792878, 40.453835], [-3.792917, 40.453877], [-3.793109, 40.454089], [-3.793292, 40.454265], [-3.793338, 40.454309], [-3.79343, 40.454381], [-3.793558, 40.454491], [-3.793594, 40.45454], [-3.793623, 40.454581], [-3.793677, 40.454637], [-3.793678, 40.454662], [-3.793694, 40.454683], [-3.793735, 40.454711], [-3.793782, 40.454738], [-3.793802, 40.454749], [-3.793849, 40.454791], [-3.793889, 40.454833], [-3.793949, 40.454897], [-3.79395, 40.454898], [-3.794021, 40.45497], [-3.794061, 40.455006], [-3.794076, 40.455033], [-3.794106, 40.455091], [-3.794241, 40.455388], [-3.794341, 40.455555], [-3.794382, 40.455593], [-3.794563, 40.455759], [-3.794611, 40.4558], [-3.794642, 40.455827], [-3.794728, 40.455903], [-3.79475, 40.455922], [-3.794771, 40.455938], [-3.794878, 40.456025], [-3.795083, 40.456141], [-3.795165, 40.456188], [-3.795183, 40.456198], [-3.795336, 40.456301], [-3.795482, 40.456481], [-3.795486, 40.456552], [-3.795488, 40.456605], [-3.795378, 40.457031], [-3.795866, 40.457953], [-3.798889, 40.459145], [-3.798974, 40.459215], [-3.802474, 40.462081], [-3.804135, 40.46303], [-3.807305, 40.463483], [-3.810116, 40.464292], [-3.812894, 40.463759], [-3.815172, 40.463801], [-3.817407, 40.464486], [-3.818807, 40.464522], [-3.81987, 40.464425], [-3.820982, 40.46452], [-3.82222, 40.464774], [-3.823617, 40.464706], [-3.824777, 40.464842], [-3.825879, 40.465397], [-3.827122, 40.466007], [-3.828974, 40.466314], [-3.83092, 40.465934], [-3.834353, 40.464417], [-3.835637, 40.465837], [-3.836915, 40.466976], [-3.838257, 40.467767], [-3.838134, 40.470925], [-3.837527, 40.472585], [-3.837343, 40.472948], [-3.836115, 40.474894], [-3.836726, 40.475123], [-3.83739, 40.475789], [-3.837348, 40.476006], [-3.837171, 40.476938], [-3.83665, 40.479581], [-3.835741, 40.479324], [-3.835192, 40.479168], [-3.83489, 40.479083], [-3.834668, 40.47902], [-3.834213, 40.478889], [-3.834123, 40.478864], [-3.8336, 40.478712], [-3.833369, 40.478645], [-3.833081, 40.478562], [-3.83276, 40.478478], [-3.832728, 40.478469], [-3.832718, 40.478466], [-3.83267, 40.478452], [-3.832234, 40.478334], [-3.831839, 40.478218], [-3.831729, 40.478186], [-3.831255, 40.478052], [-3.83088, 40.477945], [-3.830689, 40.477891], [-3.830575, 40.477858], [-3.830251, 40.477763], [-3.829965, 40.477684], [-3.829785, 40.477631], [-3.829575, 40.477571], [-3.829272, 40.477486], [-3.829246, 40.477478], [-3.828863, 40.477371], [-3.828731, 40.477334], [-3.828705, 40.477327], [-3.828526, 40.477274], [-3.828482, 40.477261], [-3.828472, 40.477258], [-3.828201, 40.47718], [-3.827823, 40.477076], [-3.827744, 40.477054], [-3.827516, 40.47699], [-3.827112, 40.476875], [-3.826701, 40.476758], [-3.826593, 40.476727], [-3.826504, 40.476702], [-3.826126, 40.476595], [-3.825678, 40.476467], [-3.825186, 40.476328], [-3.82469, 40.476186], [-3.824568, 40.476151], [-3.823827, 40.47594], [-3.823507, 40.47585], [-3.823383, 40.475815], [-3.823324, 40.475798], [-3.822957, 40.475692], [-3.822696, 40.475618], [-3.822502, 40.475563], [-3.821932, 40.475399], [-3.821738, 40.475343], [-3.821248, 40.475204], [-3.820868, 40.475094], [-3.820567, 40.475008], [-3.820217, 40.474909], [-3.820215, 40.474909], [-3.8201, 40.474876], [-3.819709, 40.474767], [-3.819328, 40.474659], [-3.819247, 40.474636], [-3.819166, 40.474612], [-3.81888, 40.474531], [-3.818712, 40.474483], [-3.818302, 40.474366], [-3.817841, 40.474233], [-3.817655, 40.474179], [-3.817604, 40.474164], [-3.817491, 40.474134], [-3.817316, 40.474087], [-3.816812, 40.473943], [-3.816458, 40.473841], [-3.816148, 40.47375], [-3.815979, 40.473703], [-3.815875, 40.473674], [-3.815635, 40.473606], [-3.814733, 40.473348], [-3.814564, 40.4733], [-3.81445, 40.473267], [-3.814141, 40.473179], [-3.81374, 40.473064], [-3.81364, 40.473035], [-3.813523, 40.473001], [-3.81325, 40.472923], [-3.813088, 40.472878], [-3.812917, 40.472829], [-3.812758, 40.472785], [-3.812652, 40.472756], [-3.812582, 40.472736], [-3.812546, 40.472725], [-3.812488, 40.472708], [-3.812388, 40.47268], [-3.812334, 40.472665], [-3.811942, 40.472557], [-3.810727, 40.472212], [-3.810254, 40.472077], [-3.806057, 40.470881], [-3.805545, 40.470735], [-3.805056, 40.470595], [-3.803801, 40.470235], [-3.80307, 40.470026], [-3.802867, 40.469968], [-3.802628, 40.469899], [-3.802359, 40.469823], [-3.802093, 40.469748], [-3.801822, 40.469672], [-3.80104, 40.469448], [-3.800179, 40.469202], [-3.800137, 40.469215], [-3.800004, 40.469259], [-3.799407, 40.469372], [-3.799386, 40.469375], [-3.799364, 40.469377], [-3.799234, 40.469384], [-3.79916, 40.469389], [-3.798888, 40.469405], [-3.798338, 40.469437], [-3.797645, 40.469476], [-3.796814, 40.469629], [-3.796261, 40.469731], [-3.7961, 40.469765], [-3.795635, 40.469852], [-3.795626, 40.469854], [-3.795524, 40.469873], [-3.795507, 40.469878], [-3.795429, 40.469898], [-3.795273, 40.469935], [-3.795147, 40.469964], [-3.795001, 40.469998], [-3.794592, 40.470096], [-3.794457, 40.470135], [-3.794359, 40.470164], [-3.793394, 40.470479], [-3.793379, 40.470484], [-3.793323, 40.470504], [-3.7925, 40.47077], [-3.792443, 40.470787], [-3.792401, 40.4708], [-3.792343, 40.470818], [-3.792301, 40.470835], [-3.792265, 40.470849], [-3.792188, 40.470887], [-3.792173, 40.470895], [-3.792128, 40.470915], [-3.791899, 40.471019], [-3.791716, 40.471122], [-3.7915, 40.471245], [-3.79108, 40.471491], [-3.791006, 40.471534], [-3.790997, 40.471539], [-3.790942, 40.471565], [-3.789906, 40.471961], [-3.789299, 40.472158], [-3.788819, 40.472314], [-3.788499, 40.472414], [-3.788249, 40.472489], [-3.788113, 40.472529], [-3.787663, 40.472659], [-3.787546, 40.472691], [-3.78747, 40.472712], [-3.787457, 40.472716], [-3.787246, 40.472778], [-3.786753, 40.472912], [-3.786042, 40.47311], [-3.785481, 40.473246], [-3.784009, 40.473613], [-3.783228, 40.473808], [-3.782865, 40.47395], [-3.782677, 40.474023], [-3.781944, 40.474312], [-3.780967, 40.474634], [-3.780263, 40.474621], [-3.779904, 40.474614], [-3.779118, 40.474603], [-3.778955, 40.474602], [-3.778842, 40.474601], [-3.778737, 40.4746], [-3.7784, 40.474597], [-3.778217, 40.474596], [-3.778129, 40.474595], [-3.777882, 40.474593], [-3.777747, 40.474591], [-3.777339, 40.474586], [-3.776997, 40.474585], [-3.776869, 40.474585], [-3.77679, 40.474584], [-3.776735, 40.474584], [-3.775685, 40.474568], [-3.772746, 40.474523], [-3.772472, 40.474518], [-3.772351, 40.474519], [-3.772248, 40.474519], [-3.772026, 40.474516], [-3.771712, 40.474513], [-3.771551, 40.47451], [-3.771468, 40.474508], [-3.771062, 40.474497], [-3.770855, 40.474478], [-3.770329, 40.474428], [-3.769583, 40.474365], [-3.769447, 40.474346], [-3.769345, 40.474333], [-3.769051, 40.474319], [-3.768918, 40.474306], [-3.768738, 40.474288], [-3.768555, 40.474278], [-3.768328, 40.474255], [-3.768109, 40.474233], [-3.768094, 40.474231], [-3.76762, 40.474187], [-3.766864, 40.474117], [-3.766473, 40.474083], [-3.76646, 40.474078], [-3.766451, 40.474075], [-3.766431, 40.47406], [-3.765916, 40.473939], [-3.765868, 40.473928], [-3.763633, 40.473402], [-3.76355, 40.473391], [-3.763595, 40.472517], [-3.763476, 40.472438], [-3.763414, 40.472423], [-3.763363, 40.472424], [-3.763211, 40.472427], [-3.763135, 40.472422], [-3.763031, 40.472416], [-3.762773, 40.472359], [-3.76259, 40.472318], [-3.762513, 40.472305], [-3.762411, 40.472289], [-3.762269, 40.472288], [-3.761972, 40.472294], [-3.761561, 40.472301], [-3.761065, 40.472309], [-3.760808, 40.472313], [-3.760481, 40.472329], [-3.76039, 40.472328], [-3.760251, 40.472307], [-3.760241, 40.472305], [-3.760211, 40.472304], [-3.760096, 40.472298], [-3.759962, 40.472276], [-3.759903, 40.47228], [-3.759871, 40.472281], [-3.759838, 40.472287], [-3.759728, 40.472307], [-3.759663, 40.472337], [-3.759601, 40.472365], [-3.759505, 40.472442], [-3.759499, 40.472447], [-3.759474, 40.472457], [-3.759434, 40.472473], [-3.759332, 40.472483], [-3.75923, 40.472531], [-3.759175, 40.472553], [-3.759099, 40.472583], [-3.759046, 40.472598], [-3.75901, 40.472609], [-3.758895, 40.472634], [-3.75886, 40.472634], [-3.7588, 40.472635], [-3.758773, 40.472627], [-3.758714, 40.47261], [-3.758613, 40.472566], [-3.758425, 40.472556], [-3.758391, 40.47256], [-3.758288, 40.472569], [-3.758262, 40.473353], [-3.758291, 40.473534], [-3.758372, 40.47367], [-3.758452, 40.47375], [-3.758595, 40.473834], [-3.759104, 40.474066], [-3.759189, 40.474105], [-3.759174, 40.474103], [-3.758986, 40.474082], [-3.758851, 40.474084], [-3.758692, 40.474103], [-3.758572, 40.474144], [-3.758562, 40.474149], [-3.758456, 40.474202], [-3.758399, 40.474244], [-3.758367, 40.474268], [-3.758304, 40.474341], [-3.758275, 40.474376], [-3.758258, 40.474406], [-3.758204, 40.474503], [-3.758185, 40.474558], [-3.758155, 40.474651], [-3.757802, 40.478368], [-3.757766, 40.478536], [-3.757763, 40.478552], [-3.757734, 40.478618], [-3.757697, 40.478701], [-3.757597, 40.478861], [-3.757511, 40.478999], [-3.7575, 40.479036], [-3.757473, 40.479131], [-3.757453, 40.479306], [-3.757575, 40.479712], [-3.757421, 40.479748], [-3.757349, 40.479765], [-3.757344, 40.479765], [-3.757185, 40.479781], [-3.757138, 40.479774], [-3.75712, 40.479771], [-3.757083, 40.479761], [-3.757059, 40.479754], [-3.757055, 40.479751], [-3.757034, 40.479734], [-3.756943, 40.479718], [-3.756871, 40.479717], [-3.756839, 40.479715], [-3.756769, 40.479712], [-3.75675, 40.479715], [-3.756659, 40.479727], [-3.756564, 40.479727], [-3.756512, 40.479715], [-3.756374, 40.479597], [-3.756241, 40.479485], [-3.756228, 40.47948], [-3.756196, 40.479467], [-3.756134, 40.479449], [-3.756104, 40.479448], [-3.756055, 40.479446], [-3.756043, 40.479449], [-3.755966, 40.47947], [-3.75591, 40.47951], [-3.755911, 40.479524], [-3.755912, 40.479601], [-3.755908, 40.47963], [-3.755878, 40.479662], [-3.755854, 40.479674], [-3.755833, 40.479684], [-3.755777, 40.479695], [-3.755764, 40.479697], [-3.755668, 40.479711], [-3.755614, 40.479717], [-3.7556, 40.479719], [-3.75559, 40.479719], [-3.755549, 40.479718], [-3.755529, 40.479718], [-3.755519, 40.479718], [-3.75549, 40.479714], [-3.755471, 40.479711], [-3.755411, 40.479692], [-3.755354, 40.479675], [-3.755314, 40.479674], [-3.755169, 40.479687], [-3.755117, 40.479681], [-3.755081, 40.479671], [-3.755048, 40.479662], [-3.754948, 40.479619], [-3.75489, 40.479594], [-3.754801, 40.47955], [-3.754633, 40.479506], [-3.754591, 40.479493], [-3.754531, 40.479474], [-3.754507, 40.479464], [-3.754486, 40.479455], [-3.754471, 40.47944], [-3.754466, 40.479435], [-3.754447, 40.479429], [-3.754417, 40.479419], [-3.754391, 40.479415], [-3.754365, 40.479411], [-3.754348, 40.479408], [-3.754312, 40.479403], [-3.754259, 40.479382], [-3.754245, 40.479377], [-3.754249, 40.479258], [-3.754286, 40.479092], [-3.754328, 40.478908], [-3.75434, 40.478857], [-3.754414, 40.478657], [-3.754485, 40.47852], [-3.754487, 40.478323], [-3.754488, 40.47831], [-3.754499, 40.478188], [-3.754449, 40.478061], [-3.754369, 40.478069], [-3.754085, 40.478099], [-3.753541, 40.478146], [-3.753554, 40.47821], [-3.753559, 40.47824], [-3.75151, 40.478459], [-3.751512, 40.478419], [-3.751724, 40.476855], [-3.751759, 40.476599], [-3.751787, 40.476173], [-3.751748, 40.47561], [-3.751627, 40.474543], [-3.751558, 40.474138], [-3.751521, 40.473925], [-3.751499, 40.473807], [-3.751471, 40.473656], [-3.751347, 40.473134], [-3.750717, 40.471078], [-3.750587, 40.470652], [-3.750316, 40.470118], [-3.750362, 40.470313], [-3.750426, 40.470581], [-3.750658, 40.471554], [-3.75069, 40.471842], [-3.750688, 40.472077], [-3.750662, 40.472315], [-3.750566, 40.472619], [-3.750469, 40.472843], [-3.750375, 40.473004], [-3.75027, 40.473155], [-3.750185, 40.473264], [-3.750054, 40.473411], [-3.749961, 40.473504], [-3.749846, 40.473608], [-3.749718, 40.473712], [-3.749571, 40.473819], [-3.749439, 40.473902], [-3.749318, 40.473975], [-3.749191, 40.474042], [-3.749002, 40.474131], [-3.748852, 40.474194], [-3.748605, 40.474283], [-3.748353, 40.474345], [-3.748137, 40.474381], [-3.747888, 40.474419], [-3.747468, 40.474476], [-3.747294, 40.474482], [-3.746617, 40.47448], [-3.746261, 40.474472], [-3.745702, 40.474467], [-3.744687, 40.474452], [-3.743646, 40.474435], [-3.743227, 40.474427], [-3.742258, 40.474407], [-3.741471, 40.474367], [-3.741417, 40.474364], [-3.741304, 40.474358], [-3.740833, 40.474302], [-3.740286, 40.474194], [-3.739373, 40.47398], [-3.737561, 40.473557], [-3.735953, 40.473177], [-3.735667, 40.47311], [-3.734896, 40.472954], [-3.734632, 40.4729], [-3.734366, 40.472858], [-3.733944, 40.472792], [-3.733563, 40.472745], [-3.733416, 40.472729], [-3.733207, 40.472706], [-3.732418, 40.472658], [-3.732233, 40.472653], [-3.731932, 40.472645], [-3.731388, 40.47263], [-3.730387, 40.472659], [-3.729587, 40.472732], [-3.729249, 40.472779], [-3.728531, 40.472878], [-3.728001, 40.47296], [-3.720429, 40.471111], [-3.720072, 40.471023], [-3.719699, 40.470929], [-3.717643, 40.470412], [-3.715702, 40.469924], [-3.71454, 40.469632], [-3.71421, 40.469479], [-3.714035, 40.469321], [-3.713791, 40.469044], [-3.713646, 40.468893], [-3.71352, 40.468762], [-3.713368, 40.468603], [-3.713278, 40.468514], [-3.712772, 40.468013], [-3.711389, 40.466265], [-3.711171, 40.46614], [-3.711013, 40.466067], [-3.710922, 40.466004], [-3.709801, 40.464827], [-3.709422, 40.46428], [-3.709345, 40.464157], [-3.709269, 40.464038], [-3.709107, 40.463486], [-3.708523, 40.462591], [-3.708511, 40.462559], [-3.708491, 40.462505], [-3.708474, 40.462407], [-3.708484, 40.462301], [-3.70852, 40.462217], [-3.708539, 40.462172], [-3.708603, 40.462058], [-3.709032, 40.461291], [-3.709817, 40.460087], [-3.710514, 40.459018], [-3.711502, 40.457494], [-3.712196, 40.456463], [-3.712867, 40.455466], [-3.713126, 40.454896], [-3.713022, 40.454613], [-3.7129, 40.454386], [-3.712788, 40.454178], [-3.712678, 40.453917], [-3.713272, 40.453039], [-3.711942, 40.452396], [-3.71173, 40.45229], [-3.710989, 40.451121], [-3.710338, 40.450093], [-3.71029, 40.45007], [-3.710187, 40.450021], [-3.70987, 40.449518], [-3.70897, 40.448086], [-3.70889, 40.447959], [-3.708307, 40.44709], [-3.709209, 40.447134], [-3.710446, 40.446863], [-3.712289, 40.446396], [-3.714751, 40.445772], [-3.71552, 40.446019], [-3.71571, 40.446094], [-3.717122, 40.446631], [-3.71727, 40.44668], [-3.717437, 40.446714], [-3.717668, 40.446727], [-3.718, 40.446696], [-3.718191, 40.446669], [-3.718988, 40.44594], [-3.719583, 40.445395], [-3.719781, 40.44521], [-3.719855, 40.445141], [-3.719886, 40.445094], [-3.719916, 40.445034], [-3.719921, 40.444993], [-3.719926, 40.444943], [-3.719789, 40.443756], [-3.719589, 40.443465], [-3.719165, 40.44285], [-3.718158, 40.440968], [-3.717883, 40.44043], [-3.717652, 40.439979], [-3.71764, 40.439937], [-3.717617, 40.439856], [-3.717596, 40.439637], [-3.7176, 40.439499], [-3.717608, 40.439431], [-3.717634, 40.439233], [-3.718075, 40.436639], [-3.718123, 40.436371], [-3.718271, 40.435542], [-3.718406, 40.434778]]]}}, {"type": "Feature", "properties": {"district": "Moratalaz", "color": [196, 156, 148]}, "geometry": {"type": "Polygon", "coordinates": [[[-3.625401, 40.403297], [-3.625576, 40.402906], [-3.625848, 40.402168], [-3.626147, 40.401297], [-3.626264, 40.400955], [-3.626545, 40.399869], [-3.626781, 40.398956], [-3.62688, 40.398584], [-3.627029, 40.398023], [-3.627053, 40.397959], [-3.627489, 40.396826], [-3.627713, 40.396334], [-3.629406, 40.392623], [-3.632612, 40.393248], [-3.639014, 40.3946], [-3.639469, 40.394693], [-3.639981, 40.394797], [-3.642282, 40.395347], [-3.642634, 40.395451], [-3.643108, 40.395635], [-3.643419, 40.395771], [-3.643767, 40.395939], [-3.644295, 40.396209], [-3.644912, 40.396626], [-3.644914, 40.396628], [-3.64544, 40.397075], [-3.64544, 40.397076], [-3.647061, 40.398537], [-3.648918, 40.400302], [-3.651329, 40.402386], [-3.652967, 40.403706], [-3.65297, 40.403708], [-3.654015, 40.40455], [-3.654428, 40.404786], [-3.654857, 40.40503], [-3.655326, 40.405225], [-3.655815, 40.405427], [-3.655965, 40.405486], [-3.656115, 40.405545], [-3.656429, 40.405631], [-3.656714, 40.405694], [-3.65737, 40.405778], [-3.65777, 40.405812], [-3.658553, 40.40588], [-3.65867, 40.405887], [-3.658883, 40.405901], [-3.665211, 40.40634], [-3.665151, 40.406456], [-3.664094, 40.408523], [-3.663763, 40.409171], [-3.66339, 40.409901], [-3.662917, 40.410963], [-3.662917, 40.410964], [-3.662534, 40.411574], [-3.662488, 40.411649], [-3.661482, 40.413254], [-3.661159, 40.413769], [-3.661054, 40.413937], [-3.660585, 40.414696], [-3.659442, 40.416547], [-3.658971, 40.417443], [-3.658695, 40.418674], [-3.656292, 40.41805], [-3.654013, 40.417454], [-3.650134, 40.416092], [-3.64772, 40.415367], [-3.646472, 40.415055], [-3.646085, 40.414982], [-3.645418, 40.414856], [-3.644109, 40.414648], [-3.642885, 40.414513], [-3.640947, 40.414423], [-3.639087, 40.414459], [-3.637533, 40.414592], [-3.634906, 40.414961], [-3.634504, 40.415022], [-3.633805, 40.415126], [-3.633437, 40.415147], [-3.632487, 40.415201], [-3.6319, 40.415193], [-3.631897, 40.415193], [-3.631449, 40.415186], [-3.630669, 40.415112], [-3.629937, 40.415011], [-3.629034, 40.414823], [-3.628612, 40.414701], [-3.628047, 40.414536], [-3.62759, 40.414382], [-3.626698, 40.414074], [-3.625649, 40.413713], [-3.625075, 40.413539], [-3.624236, 40.41335], [-3.623304, 40.413187], [-3.622477, 40.413103], [-3.62216, 40.41308], [-3.621812, 40.413067], [-3.621373, 40.41306], [-3.620362, 40.413083], [-3.623953, 40.406222], [-3.625229, 40.403639], [-3.625401, 40.403297]]]}}, {"type": "Feature", "properties": {"district": "Puente de Vallecas", "color": [227, 119, 194]}, "geometry": {"type": "Polygon", "coordinates": [[[-3.653305, 40.374326], [-3.653589, 40.373629], [-3.654405, 40.370886], [-3.654716, 40.37036], [-3.655603, 40.36959], [-3.655997, 40.369372], [-3.65707, 40.368777], [-3.664447, 40.364144], [-3.666024, 40.363284], [-3.666503, 40.363032], [-3.666696, 40.36293], [-3.667175, 40.362695], [-3.667245, 40.362664], [-3.667563, 40.362523], [-3.667889, 40.362392], [-3.668246, 40.362247], [-3.668875, 40.362024], [-3.66944, 40.361851], [-3.669542, 40.36182], [-3.670121, 40.361661], [-3.670811, 40.361507], [-3.671172, 40.361436], [-3.67151, 40.36137], [-3.672152, 40.361256], [-3.673026, 40.36112], [-3.67315, 40.361093], [-3.673941, 40.360925], [-3.674177, 40.360897], [-3.674374, 40.360874], [-3.674887, 40.360825], [-3.67559, 40.360771], [-3.675708, 40.360761], [-3.676375, 40.36071], [-3.676664, 40.360695], [-3.677044, 40.360675], [-3.67744, 40.360654], [-3.677763, 40.360637], [-3.678362, 40.360619], [-3.678363, 40.360619], [-3.678494, 40.360619], [-3.678876, 40.360619], [-3.679698, 40.360663], [-3.68028, 40.360746], [-3.680362, 40.360758], [-3.680781, 40.360852], [-3.680896, 40.360878], [-3.681891, 40.361197], [-3.682718, 40.363213], [-3.682955, 40.363635], [-3.683101, 40.364026], [-3.683112, 40.364058], [-3.683128, 40.364116], [-3.683207, 40.364413], [-3.683203, 40.364732], [-3.683202, 40.364767], [-3.683155, 40.365054], [-3.683002, 40.365374], [-3.682926, 40.365532], [-3.682883, 40.365586], [-3.682734, 40.365772], [-3.682414, 40.365993], [-3.682212, 40.366132], [-3.681962, 40.366432], [-3.681848, 40.366775], [-3.681842, 40.366903], [-3.681838, 40.366959], [-3.681892, 40.367281], [-3.682032, 40.367668], [-3.682334, 40.368635], [-3.682447, 40.368975], [-3.682468, 40.369077], [-3.682509, 40.369287], [-3.682505, 40.369323], [-3.682487, 40.369474], [-3.682455, 40.36968], [-3.682468, 40.369858], [-3.68254, 40.37009], [-3.682722, 40.370405], [-3.683448, 40.370893], [-3.684485, 40.371334], [-3.685057, 40.371481], [-3.685346, 40.371555], [-3.68545, 40.371584], [-3.68555, 40.371613], [-3.685677, 40.371657], [-3.685828, 40.371709], [-3.685986, 40.371773], [-3.686158, 40.371874], [-3.686207, 40.371915], [-3.6863, 40.371993], [-3.686413, 40.372118], [-3.686431, 40.372138], [-3.686488, 40.372217], [-3.686524, 40.372266], [-3.686561, 40.372328], [-3.686693, 40.372548], [-3.686823, 40.372843], [-3.686966, 40.373305], [-3.687022, 40.37349], [-3.687073, 40.373586], [-3.687083, 40.373597], [-3.687145, 40.373661], [-3.687193, 40.373705], [-3.687241, 40.373749], [-3.687281, 40.373789], [-3.687354, 40.373859], [-3.687412, 40.373914], [-3.687573, 40.374059], [-3.68759, 40.374074], [-3.687595, 40.374078], [-3.687607, 40.374092], [-3.687678, 40.374172], [-3.687733, 40.374358], [-3.687729, 40.374428], [-3.687715, 40.374619], [-3.687602, 40.375256], [-3.687581, 40.375372], [-3.687359, 40.376317], [-3.687324, 40.376479], [-3.687326, 40.376744], [-3.687354, 40.376876], [-3.687788, 40.377867], [-3.688177, 40.37858], [-3.688344, 40.378851], [-3.688503, 40.379115], [-3.688545, 40.379198], [-3.688653, 40.379412], [-3.688759, 40.379591], [-3.688808, 40.379705], [-3.688865, 40.379835], [-3.688903, 40.379974], [-3.688939, 40.380109], [-3.688971, 40.380281], [-3.688996, 40.380414], [-3.689001, 40.380473], [-3.689005, 40.380537], [-3.689017, 40.380603], [-3.689036, 40.380718], [-3.689075, 40.38087], [-3.689101, 40.38097], [-3.689194, 40.38109], [-3.68928, 40.381201], [-3.689461, 40.381415], [-3.690122, 40.382202], [-3.68933, 40.382637], [-3.689163, 40.382696], [-3.688898, 40.382791], [-3.688686, 40.382872], [-3.688645, 40.382888], [-3.688544, 40.38292], [-3.688236, 40.383017], [-3.687293, 40.383276], [-3.687022, 40.383351], [-3.684864, 40.3837], [-3.684311, 40.38379], [-3.684192, 40.383818], [-3.683824, 40.383904], [-3.683386, 40.384094], [-3.683111, 40.384245], [-3.683083, 40.384267], [-3.682853, 40.384445], [-3.682708, 40.384608], [-3.679149, 40.389993], [-3.678718, 40.3905], [-3.678288, 40.390909], [-3.677565, 40.391484], [-3.676431, 40.39232], [-3.675257, 40.393263], [-3.674541, 40.393749], [-3.67352, 40.394314], [-3.672924, 40.394671], [-3.672043, 40.395309], [-3.670963, 40.396573], [-3.670396, 40.397073], [-3.670055, 40.397389], [-3.669627, 40.39783], [-3.669257, 40.398324], [-3.668276, 40.399635], [-3.666785, 40.402622], [-3.666694, 40.402892], [-3.66633, 40.403865], [-3.665565, 40.405556], [-3.665211, 40.40634], [-3.658883, 40.405901], [-3.65867, 40.405887], [-3.658553, 40.40588], [-3.65777, 40.405812], [-3.65737, 40.405778], [-3.656714, 40.405694], [-3.656429, 40.405631], [-3.656115, 40.405545], [-3.655965, 40.405486], [-3.655815, 40.405427], [-3.655326, 40.405225], [-3.654857, 40.40503], [-3.654428, 40.404786], [-3.654015, 40.40455], [-3.65297, 40.403708], [-3.652967, 40.403706], [-3.651329, 40.402386], [-3.648918, 40.400302], [-3.647061, 40.398537], [-3.64544, 40.397076], [-3.64544, 40.397075], [-3.644914, 40.396628], [-3.644912, 40.396626], [-3.644295, 40.396209], [-3.643767, 40.395939], [-3.643419, 40.395771], [-3.643108, 40.395635], [-3.642634, 40.395451], [-3.642282, 40.395347], [-3.639981, 40.394797], [-3.639469, 40.394693], [-3.639014, 40.3946], [-3.632612, 40.393248], [-3.629406, 40.392623], [-3.625074, 40.391677], [-3.624432, 40.391523], [-3.624421, 40.391521], [-3.621864, 40.390911], [-3.6237, 40.38643], [-3.624329, 40.385012], [-3.624765, 40.384161], [-3.625323, 40.383234], [-3.624586, 40.382093], [-3.625905, 40.381793], [-3.627162, 40.381504], [-3.630191, 40.380779], [-3.632586, 40.380209], [-3.633027, 40.380102], [-3.634376, 40.379773], [-3.641511, 40.377954], [-3.645068, 40.37723], [-3.648576, 40.376524], [-3.649907, 40.376313], [-3.651505, 40.3761], [-3.652361, 40.376046], [-3.652766, 40.375646], [-3.653305, 40.374326]]]}}, {"type": "Feature", "properties": {"district": "Retiro", "color": [247, 182, 210]}, "geometry": {"type": "Polygon", "coordinates": [[[-3.673521, 40.394317], [-3.674431, 40.396573], [-3.674955, 40.397388], [-3.675052, 40.397538], [-3.675699, 40.398218], [-3.67595, 40.398408], [-3.676295, 40.398666], [-3.676796, 40.398954], [-3.679042, 40.400798], [-3.679602, 40.401036], [-3.679634, 40.401057], [-3.680076, 40.401338], [-3.680611, 40.401587], [-3.681214, 40.401868], [-3.682075, 40.402269], [-3.682293, 40.40237], [-3.682368, 40.402351], [-3.682462, 40.40235], [-3.682512, 40.402357], [-3.682522, 40.402358], [-3.682599, 40.40239], [-3.684636, 40.403216], [-3.684666, 40.403228], [-3.686696, 40.404635], [-3.687788, 40.40563], [-3.688616, 40.406385], [-3.688869, 40.406541], [-3.689162, 40.406721], [-3.689878, 40.40712], [-3.690213, 40.407356], [-3.690251, 40.40733], [-3.690824, 40.407755], [-3.691178, 40.407986], [-3.691397, 40.40811], [-3.691507, 40.40815], [-3.691855, 40.408436], [-3.692025, 40.408697], [-3.69194, 40.409082], [-3.692218, 40.409707], [-3.692366, 40.410201], [-3.69265, 40.411468], [-3.692897, 40.412637], [-3.693202, 40.414034], [-3.693441, 40.415135], [-3.693639, 40.415882], [-3.693604, 40.416345], [-3.693481, 40.416942], [-3.693166, 40.418477], [-3.692972, 40.418881], [-3.693089, 40.419335], [-3.692191, 40.419512], [-3.688716, 40.419996], [-3.685924, 40.420579], [-3.685872, 40.42059], [-3.685195, 40.420713], [-3.684752, 40.420793], [-3.684586, 40.42082], [-3.684462, 40.42084], [-3.683098, 40.421062], [-3.682443, 40.421168], [-3.681215, 40.421424], [-3.679961, 40.421663], [-3.67943, 40.421682], [-3.678969, 40.421675], [-3.678932, 40.421673], [-3.67752, 40.421602], [-3.675998, 40.421526], [-3.67439, 40.421456], [-3.672835, 40.421368], [-3.668996, 40.421191], [-3.665024, 40.420208], [-3.662917, 40.419663], [-3.658695, 40.418674], [-3.658971, 40.417443], [-3.659442, 40.416547], [-3.660585, 40.414696], [-3.661054, 40.413937], [-3.661159, 40.413769], [-3.661482, 40.413254], [-3.662488, 40.411649], [-3.662534, 40.411574], [-3.662917, 40.410964], [-3.662917, 40.410963], [-3.66339, 40.409901], [-3.663763, 40.409171], [-3.664094, 40.408523], [-3.665151, 40.406456], [-3.665211, 40.40634], [-3.665565, 40.405556], [-3.66633, 40.403865], [-3.666694, 40.402892], [-3.666785, 40.402622], [-3.668276, 40.399635], [-3.669257, 40.398324], [-3.669627, 40.39783], [-3.670055, 40.397389], [-3.670396, 40.397073], [-3.670963, 40.396573], [-3.672043, 40.395309], [-3.672924, 40.394671], [-3.67352, 40.394314], [-3.673521, 40.394317]]]}}, {"type": "Feature", "properties": {"district": "Salamanca", "color": [127, 127, 127]}, "geometry": {"type": "Polygon", "coordinates": [[[-3.691219, 40.423123], [-3.690455, 40.425262], [-3.690065, 40.426626], [-3.68971, 40.427999], [-3.68935, 40.429387], [-3.689037, 40.43062], [-3.688455, 40.432904], [-3.688413, 40.433054], [-3.688758, 40.435174], [-3.688778, 40.435204], [-3.689387, 40.4361], [-3.690702, 40.43795], [-3.686258, 40.4378], [-3.685194, 40.43775], [-3.684194, 40.437703], [-3.683116, 40.437652], [-3.681771, 40.437589], [-3.680507, 40.437529], [-3.679094, 40.437463], [-3.677633, 40.437419], [-3.677425, 40.437413], [-3.676957, 40.437624], [-3.675299, 40.438599], [-3.674933, 40.43875], [-3.674559, 40.438834], [-3.673384, 40.439045], [-3.673277, 40.439061], [-3.672318, 40.4392], [-3.671659, 40.439355], [-3.671041, 40.439575], [-3.670445, 40.439812], [-3.669937, 40.440058], [-3.66903, 40.440607], [-3.668449, 40.441005], [-3.666818, 40.441958], [-3.666115, 40.442374], [-3.665276, 40.442842], [-3.664303, 40.443299], [-3.664269, 40.443311], [-3.662666, 40.443894], [-3.660602, 40.444606], [-3.660121, 40.443944], [-3.659752, 40.443284], [-3.659485, 40.442624], [-3.659354, 40.442137], [-3.659311, 40.44174], [-3.659245, 40.440829], [-3.659239, 40.440681], [-3.659231, 40.440503], [-3.659288, 40.439243], [-3.659301, 40.438931], [-3.659399, 40.438273], [-3.659591, 40.436982], [-3.659602, 40.43692], [-3.65969, 40.436389], [-3.659715, 40.436244], [-3.659826, 40.435585], [-3.659904, 40.435119], [-3.660018, 40.434656], [-3.660193, 40.433939], [-3.66081, 40.431422], [-3.660589, 40.429458], [-3.660112, 40.426938], [-3.659652, 40.424511], [-3.65954, 40.423829], [-3.659152, 40.421462], [-3.658695, 40.418674], [-3.662917, 40.419663], [-3.665024, 40.420208], [-3.668996, 40.421191], [-3.672835, 40.421368], [-3.67439, 40.421456], [-3.675998, 40.421526], [-3.67752, 40.421602], [-3.678932, 40.421673], [-3.678969, 40.421675], [-3.67943, 40.421682], [-3.679961, 40.421663], [-3.681215, 40.421424], [-3.682443, 40.421168], [-3.683098, 40.421062], [-3.684462, 40.42084], [-3.684586, 40.42082], [-3.684752, 40.420793], [-3.685195, 40.420713], [-3.685872, 40.42059], [-3.685924, 40.420579], [-3.688716, 40.419996], [-3.692191, 40.419512], [-3.693089, 40.419335], [-3.691219, 40.423123]]]}}, {"type": "Feature", "properties": {"district": "San Blas - Canillejas", "color": [199, 199, 199]}, "geometry": {"type": "Polygon", "coordinates": [[[-3.617448, 40.415539], [-3.61773, 40.415429], [-3.617954, 40.415344], [-3.618037, 40.415304], [-3.618158, 40.415242], [-3.618227, 40.415198], [-3.618399, 40.415102], [-3.618579, 40.415], [-3.618751, 40.414876], [-3.619004, 40.414677], [-3.619493, 40.414246], [-3.619685, 40.414037], [-3.619754, 40.413954], [-3.619812, 40.413884], [-3.619894, 40.413777], [-3.619976, 40.413669], [-3.620049, 40.413561], [-3.620091, 40.413502], [-3.620125, 40.413454], [-3.620198, 40.41334], [-3.620362, 40.413083], [-3.62136, 40.414781], [-3.62162, 40.415156], [-3.621887, 40.415525], [-3.622101, 40.415846], [-3.62232, 40.416147], [-3.622825, 40.416869], [-3.623849, 40.41823], [-3.624113, 40.418674], [-3.624173, 40.418766], [-3.6243, 40.418954], [-3.624459, 40.419159], [-3.624569, 40.419323], [-3.625403, 40.420456], [-3.626165, 40.421514], [-3.6266, 40.422117], [-3.627415, 40.423249], [-3.628409, 40.424483], [-3.629402, 40.425994], [-3.629521, 40.426176], [-3.630066, 40.426884], [-3.630702, 40.427769], [-3.631274, 40.428566], [-3.631645, 40.429083], [-3.632024, 40.429602], [-3.632107, 40.429716], [-3.632363, 40.430068], [-3.633072, 40.431042], [-3.633704, 40.431927], [-3.633838, 40.432116], [-3.63392, 40.432227], [-3.634443, 40.432945], [-3.634858, 40.433523], [-3.635171, 40.433958], [-3.63569, 40.434648], [-3.636571, 40.435869], [-3.638029, 40.437887], [-3.635468, 40.438577], [-3.63659, 40.440126], [-3.637315, 40.441127], [-3.637523, 40.441418], [-3.638359, 40.442592], [-3.638988, 40.443438], [-3.639165, 40.443678], [-3.639448, 40.443944], [-3.639719, 40.44421], [-3.640013, 40.444458], [-3.640225, 40.444627], [-3.640472, 40.444786], [-3.643122, 40.446073], [-3.644905, 40.446911], [-3.646474, 40.447689], [-3.647442, 40.44857], [-3.648116, 40.449453], [-3.647828, 40.449533], [-3.647825, 40.449534], [-3.647278, 40.449686], [-3.646388, 40.449753], [-3.645919, 40.449788], [-3.644443, 40.4496], [-3.643657, 40.449457], [-3.642761, 40.449294], [-3.639837, 40.448842], [-3.639767, 40.448829], [-3.639422, 40.448797], [-3.638089, 40.448674], [-3.636053, 40.448703], [-3.635646, 40.44875], [-3.635273, 40.448793], [-3.634545, 40.448876], [-3.633822, 40.448983], [-3.631961, 40.449257], [-3.630681, 40.449393], [-3.629442, 40.449435], [-3.628412, 40.44947], [-3.627665, 40.44949], [-3.626288, 40.449526], [-3.622312, 40.449674], [-3.619938, 40.449684], [-3.616673, 40.449697], [-3.614789, 40.449709], [-3.609078, 40.449687], [-3.606365, 40.449653], [-3.605845, 40.44966], [-3.605456, 40.449681], [-3.604742, 40.449742], [-3.603392, 40.449888], [-3.601023, 40.450124], [-3.599597, 40.450168], [-3.597093, 40.450163], [-3.595591, 40.450118], [-3.59329, 40.450049], [-3.59325, 40.450048], [-3.593247, 40.450049], [-3.587451, 40.449964], [-3.582325, 40.449889], [-3.573623, 40.449761], [-3.561488, 40.449582], [-3.557636, 40.449467], [-3.555617, 40.449335], [-3.55346, 40.449115], [-3.550935, 40.448821], [-3.547319, 40.448426], [-3.542721, 40.447896], [-3.539683, 40.447557], [-3.537619, 40.447306], [-3.537041, 40.447192], [-3.536453, 40.447051], [-3.535325, 40.446739], [-3.535023, 40.446668], [-3.534708, 40.446606], [-3.534421, 40.446571], [-3.534195, 40.446559], [-3.533955, 40.446558], [-3.533657, 40.446573], [-3.533091, 40.446644], [-3.531684, 40.446996], [-3.531148, 40.446873], [-3.531172, 40.446863], [-3.531284, 40.446816], [-3.53274, 40.446451], [-3.532847, 40.446424], [-3.533157, 40.446343], [-3.533357, 40.446313], [-3.533622, 40.446277], [-3.533775, 40.446258], [-3.533835, 40.446251], [-3.533875, 40.44625], [-3.534055, 40.446245], [-3.534277, 40.446267], [-3.53445, 40.446283], [-3.534716, 40.446319], [-3.534838, 40.446336], [-3.535149, 40.446364], [-3.535496, 40.446478], [-3.53538, 40.44613], [-3.534991, 40.444956], [-3.535235, 40.444854], [-3.535585, 40.444708], [-3.538409, 40.445011], [-3.537975, 40.444312], [-3.540731, 40.444623], [-3.54083, 40.444628], [-3.540854, 40.444536], [-3.541014, 40.443712], [-3.541355, 40.443627], [-3.54521, 40.442616], [-3.549729, 40.442054], [-3.550057, 40.442022], [-3.550422, 40.44198], [-3.550566, 40.441952], [-3.551019, 40.441862], [-3.551203, 40.44182], [-3.551772, 40.44169], [-3.552299, 40.441541], [-3.553155, 40.441258], [-3.554112, 40.440812], [-3.554922, 40.440439], [-3.555045, 40.440386], [-3.555292, 40.44028], [-3.555506, 40.440179], [-3.556197, 40.439851], [-3.556351, 40.439778], [-3.557481, 40.439268], [-3.558365, 40.438847], [-3.55853, 40.438777], [-3.558745, 40.438687], [-3.559104, 40.438446], [-3.559505, 40.438353], [-3.559993, 40.438172], [-3.560176, 40.438122], [-3.560276, 40.438095], [-3.560279, 40.438094], [-3.560281, 40.438094], [-3.560617, 40.438032], [-3.561072, 40.437958], [-3.561668, 40.437942], [-3.561909, 40.437942], [-3.562286, 40.437942], [-3.562544, 40.437942], [-3.562865, 40.437942], [-3.563423, 40.438004], [-3.563984, 40.438039], [-3.564124, 40.438061], [-3.564771, 40.437903], [-3.564905, 40.437859], [-3.565228, 40.437754], [-3.565402, 40.43771], [-3.565494, 40.437686], [-3.565495, 40.437686], [-3.565768, 40.437617], [-3.565793, 40.43761], [-3.566194, 40.437477], [-3.566245, 40.43746], [-3.566322, 40.437434], [-3.566588, 40.437312], [-3.566782, 40.437222], [-3.566973, 40.437123], [-3.56717, 40.437021], [-3.56724, 40.436974], [-3.567624, 40.436717], [-3.568542, 40.436238], [-3.573802, 40.437672], [-3.575946, 40.436743], [-3.575693, 40.43619], [-3.575652, 40.436102], [-3.575536, 40.435852], [-3.57547, 40.435665], [-3.575438, 40.435577], [-3.575405, 40.435474], [-3.575364, 40.435349], [-3.575354, 40.435319], [-3.57535, 40.435306], [-3.575256, 40.43502], [-3.575181, 40.434648], [-3.575109, 40.434102], [-3.579124, 40.433624], [-3.579137, 40.433156], [-3.577859, 40.431315], [-3.57736, 40.430644], [-3.577265, 40.430517], [-3.57711, 40.430238], [-3.576975, 40.429835], [-3.576941, 40.429827], [-3.576326, 40.42968], [-3.576497, 40.428821], [-3.576525, 40.428709], [-3.57677, 40.428045], [-3.576932, 40.427581], [-3.577198, 40.426826], [-3.577293, 40.426558], [-3.577483, 40.426013], [-3.582432, 40.41921], [-3.582805, 40.418474], [-3.58289, 40.418184], [-3.582946, 40.417938], [-3.582973, 40.417716], [-3.582994, 40.416758], [-3.583102, 40.415822], [-3.583849, 40.414549], [-3.585089, 40.413051], [-3.586242, 40.411642], [-3.587107, 40.41068], [-3.588346, 40.409375], [-3.588879, 40.408919], [-3.589202, 40.408653], [-3.589526, 40.408439], [-3.590144, 40.408105], [-3.606359, 40.412544], [-3.610242, 40.413606], [-3.610801, 40.417945], [-3.613911, 40.416934], [-3.617448, 40.415539]]]}}, {"type": "Feature", "properties": {"district": "Tetuán", "color": [188, 189, 34]}, "geometry": {"type": "Polygon", "coordinates": [[[-3.695057, 40.446384], [-3.69558, 40.4464], [-3.697119, 40.446446], [-3.698678, 40.446525], [-3.699343, 40.446562], [-3.700326, 40.446617], [-3.700943, 40.446653], [-3.703887, 40.446822], [-3.706089, 40.446954], [-3.706775, 40.446996], [-3.708307, 40.44709], [-3.70889, 40.447959], [-3.70897, 40.448086], [-3.70987, 40.449518], [-3.710187, 40.450021], [-3.71029, 40.45007], [-3.710338, 40.450093], [-3.710989, 40.451121], [-3.71173, 40.45229], [-3.711942, 40.452396], [-3.713272, 40.453039], [-3.712678, 40.453917], [-3.712788, 40.454178], [-3.7129, 40.454386], [-3.713022, 40.454613], [-3.713126, 40.454896], [-3.712867, 40.455466], [-3.712196, 40.456463], [-3.711502, 40.457494], [-3.710514, 40.459018], [-3.709817, 40.460087], [-3.709032, 40.461291], [-3.708603, 40.462058], [-3.708539, 40.462172], [-3.70852, 40.462217], [-3.708484, 40.462301], [-3.708474, 40.462407], [-3.708491, 40.462505], [-3.708511, 40.462559], [-3.708523, 40.462591], [-3.709107, 40.463486], [-3.709269, 40.464038], [-3.709345, 40.464157], [-3.709422, 40.46428], [-3.709801, 40.464827], [-3.710922, 40.466004], [-3.711013, 40.466067], [-3.711171, 40.46614], [-3.711389, 40.466265], [-3.712772, 40.468013], [-3.713278, 40.468514], [-3.713209, 40.468608], [-3.713168, 40.468665], [-3.71306, 40.468838], [-3.713037, 40.468871], [-3.712958, 40.468987], [-3.712874, 40.469164], [-3.712809, 40.469328], [-3.71279, 40.46937], [-3.712744, 40.469472], [-3.712721, 40.469565], [-3.71272, 40.469568], [-3.712703, 40.469635], [-3.712677, 40.469739], [-3.712639, 40.469891], [-3.712603, 40.470012], [-3.712508, 40.470222], [-3.712423, 40.47035], [-3.71237, 40.470428], [-3.712172, 40.470657], [-3.712087, 40.470726], [-3.711949, 40.470839], [-3.711664, 40.471018], [-3.711624, 40.471035], [-3.711392, 40.471136], [-3.711131, 40.471216], [-3.710712, 40.471307], [-3.708546, 40.471499], [-3.707426, 40.471598], [-3.707324, 40.471607], [-3.705213, 40.471808], [-3.704878, 40.47184], [-3.704662, 40.471875], [-3.70461, 40.471888], [-3.704386, 40.471947], [-3.703993, 40.472105], [-3.703748, 40.472252], [-3.703471, 40.472484], [-3.703436, 40.472513], [-3.703192, 40.472742], [-3.703186, 40.472748], [-3.702091, 40.473772], [-3.701821, 40.474017], [-3.701821, 40.474018], [-3.701633, 40.474187], [-3.701483, 40.474325], [-3.701396, 40.4744], [-3.701343, 40.474446], [-3.701256, 40.47451], [-3.70116, 40.474579], [-3.701069, 40.474636], [-3.700913, 40.474734], [-3.700724, 40.474814], [-3.700677, 40.47483], [-3.700513, 40.474885], [-3.700286, 40.474941], [-3.699994, 40.474975], [-3.699717, 40.474977], [-3.699546, 40.474971], [-3.699545, 40.47497], [-3.699441, 40.474966], [-3.699229, 40.474935], [-3.699039, 40.474903], [-3.698989, 40.474886], [-3.698881, 40.47485], [-3.698718, 40.474785], [-3.698505, 40.474695], [-3.698369, 40.47465], [-3.698168, 40.474593], [-3.698, 40.474561], [-3.697879, 40.474548], [-3.697815, 40.474542], [-3.697636, 40.474539], [-3.697495, 40.474535], [-3.697257, 40.474541], [-3.69704, 40.474571], [-3.696851, 40.474614], [-3.6967, 40.474656], [-3.696538, 40.474702], [-3.696381, 40.474745], [-3.696198, 40.474777], [-3.696001, 40.474789], [-3.695706, 40.474774], [-3.695375, 40.474717], [-3.695037, 40.474639], [-3.694684, 40.474582], [-3.694354, 40.474557], [-3.69403, 40.474543], [-3.693742, 40.474566], [-3.693476, 40.47461], [-3.693153, 40.474672], [-3.692844, 40.474722], [-3.692591, 40.474729], [-3.692338, 40.474719], [-3.692028, 40.474662], [-3.691767, 40.474594], [-3.691527, 40.474531], [-3.691273, 40.474473], [-3.690992, 40.474448], [-3.690718, 40.474477], [-3.690234, 40.47456], [-3.689792, 40.474643], [-3.689441, 40.474694], [-3.68923, 40.47469], [-3.689081, 40.47461], [-3.688954, 40.474503], [-3.688863, 40.474429], [-3.687122, 40.474152], [-3.687546, 40.472659], [-3.687948, 40.471243], [-3.688309, 40.469913], [-3.68855, 40.469028], [-3.689066, 40.46714], [-3.689344, 40.466038], [-3.689589, 40.463418], [-3.689713, 40.461987], [-3.689835, 40.460578], [-3.689969, 40.459025], [-3.690216, 40.456121], [-3.690645, 40.452126], [-3.691157, 40.44747], [-3.691222, 40.44619], [-3.695057, 40.446384]]]}}, {"type": "Feature", "properties": {"district": "Usera", "color": [219, 219, 141]}, "geometry": {"type": "Polygon", "coordinates": [[[-3.706367, 40.363817], [-3.707097, 40.363881], [-3.707102, 40.363881], [-3.707988, 40.363938], [-3.708094, 40.363943], [-3.709766, 40.364022], [-3.714153, 40.364359], [-3.720984, 40.364785], [-3.720992, 40.364786], [-3.720891, 40.365548], [-3.720717, 40.366442], [-3.720437, 40.367873], [-3.720194, 40.370691], [-3.719764, 40.373809], [-3.719712, 40.374148], [-3.719367, 40.376396], [-3.719035, 40.379653], [-3.71896, 40.380393], [-3.718728, 40.38154], [-3.718352, 40.382891], [-3.718216, 40.383314], [-3.717556, 40.385281], [-3.716871, 40.385921], [-3.716391, 40.386368], [-3.715429, 40.387267], [-3.715023, 40.387646], [-3.714596, 40.388045], [-3.714232, 40.388403], [-3.713897, 40.388713], [-3.713683, 40.388911], [-3.713357, 40.389183], [-3.713012, 40.389429], [-3.712879, 40.389525], [-3.712009, 40.389946], [-3.711883, 40.389995], [-3.710248, 40.390645], [-3.709484, 40.390948], [-3.709105, 40.391093], [-3.709007, 40.391136], [-3.708795, 40.391227], [-3.708778, 40.391235], [-3.708688, 40.39128], [-3.70845, 40.391399], [-3.708279, 40.391487], [-3.708133, 40.391578], [-3.707937, 40.391704], [-3.707536, 40.392019], [-3.707229, 40.392289], [-3.706777, 40.39275], [-3.7063, 40.393264], [-3.704641, 40.395234], [-3.704399, 40.395085], [-3.703377, 40.394453], [-3.702393, 40.393645], [-3.699557, 40.390646], [-3.69809, 40.389096], [-3.695619, 40.386983], [-3.69231, 40.384153], [-3.690122, 40.382202], [-3.689461, 40.381415], [-3.68928, 40.381201], [-3.689194, 40.38109], [-3.689101, 40.38097], [-3.689075, 40.38087], [-3.689036, 40.380718], [-3.689017, 40.380603], [-3.689005, 40.380537], [-3.689001, 40.380473], [-3.688996, 40.380414], [-3.688971, 40.380281], [-3.688939, 40.380109], [-3.688903, 40.379974], [-3.688865, 40.379835], [-3.688808, 40.379705], [-3.688759, 40.379591], [-3.688653, 40.379412], [-3.688545, 40.379198], [-3.688503, 40.379115], [-3.688344, 40.378851], [-3.688177, 40.37858], [-3.687788, 40.377867], [-3.687354, 40.376876], [-3.687326, 40.376744], [-3.687324, 40.376479], [-3.687359, 40.376317], [-3.687581, 40.375372], [-3.687602, 40.375256], [-3.687715, 40.374619], [-3.687729, 40.374428], [-3.687733, 40.374358], [-3.687678, 40.374172], [-3.687607, 40.374092], [-3.687595, 40.374078], [-3.68759, 40.374074], [-3.687573, 40.374059], [-3.687412, 40.373914], [-3.687354, 40.373859], [-3.687281, 40.373789], [-3.687241, 40.373749], [-3.687193, 40.373705], [-3.687145, 40.373661], [-3.687083, 40.373597], [-3.687073, 40.373586], [-3.687022, 40.37349], [-3.686966, 40.373305], [-3.686823, 40.372843], [-3.686693, 40.372548], [-3.686561, 40.372328], [-3.686524, 40.372266], [-3.686488, 40.372217], [-3.686431, 40.372138], [-3.686413, 40.372118], [-3.6863, 40.371993], [-3.686207, 40.371915], [-3.686158, 40.371874], [-3.685986, 40.371773], [-3.685828, 40.371709], [-3.685677, 40.371657], [-3.68555, 40.371613], [-3.68545, 40.371584], [-3.685346, 40.371555], [-3.685057, 40.371481], [-3.684485, 40.371334], [-3.683448, 40.370893], [-3.682722, 40.370405], [-3.68254, 40.37009], [-3.682468, 40.369858], [-3.682455, 40.36968], [-3.682487, 40.369474], [-3.682505, 40.369323], [-3.682509, 40.369287], [-3.682468, 40.369077], [-3.682447, 40.368975], [-3.682334, 40.368635], [-3.682032, 40.367668], [-3.681892, 40.367281], [-3.681838, 40.366959], [-3.681842, 40.366903], [-3.681848, 40.366775], [-3.681962, 40.366432], [-3.682212, 40.366132], [-3.682414, 40.365993], [-3.682734, 40.365772], [-3.682883, 40.365586], [-3.682926, 40.365532], [-3.683002, 40.365374], [-3.683155, 40.365054], [-3.683202, 40.364767], [-3.683203, 40.364732], [-3.683207, 40.364413], [-3.683128, 40.364116], [-3.683112, 40.364058], [-3.683101, 40.364026], [-3.682955, 40.363635], [-3.682718, 40.363213], [-3.681891, 40.361197], [-3.68342, 40.361756], [-3.684305, 40.362069], [-3.6849, 40.362295], [-3.685802, 40.362709], [-3.68724, 40.3632], [-3.689025, 40.363794], [-3.689443, 40.363909], [-3.690045, 40.364059], [-3.690615, 40.364173], [-3.691248, 40.36427], [-3.691652, 40.364318], [-3.692229, 40.364385], [-3.693244, 40.364465], [-3.69387, 40.364518], [-3.694004, 40.364529], [-3.695527, 40.364516], [-3.696229, 40.364498], [-3.696599, 40.364481], [-3.69676, 40.364473], [-3.696903, 40.364462], [-3.697135, 40.364445], [-3.697447, 40.36442], [-3.698161, 40.364331], [-3.698748, 40.36424], [-3.69912, 40.364168], [-3.69934, 40.364126], [-3.700046, 40.363967], [-3.7007, 40.363826], [-3.700792, 40.363806], [-3.701073, 40.36376], [-3.701124, 40.363752], [-3.701651, 40.363672], [-3.702103, 40.363617], [-3.702617, 40.36358], [-3.703236, 40.363559], [-3.70366, 40.363565], [-3.704016, 40.363581], [-3.704017, 40.363581], [-3.704085, 40.363584], [-3.704281, 40.3636], [-3.704504, 40.363618], [-3.704901, 40.363655], [-3.705146, 40.363681], [-3.706367, 40.363817]]]}}, {"type": "Feature", "properties": {"district": "Vicálvaro", "color": [23, 190, 207]}, "geometry": {"type": "Polygon", "coordinates": [[[-3.572901, 40.411768], [-3.572618, 40.411878], [-3.57231, 40.411919], [-3.57226, 40.411923], [-3.572005, 40.411944], [-3.571673, 40.411954], [-3.571327, 40.411989], [-3.571085, 40.411976], [-3.570916, 40.411962], [-3.570571, 40.412065], [-3.570264, 40.412173], [-3.569833, 40.412341], [-3.569541, 40.412477], [-3.569154, 40.412644], [-3.568861, 40.412783], [-3.56865, 40.412852], [-3.568406, 40.412946], [-3.567961, 40.413029], [-3.564788, 40.413525], [-3.564545, 40.413533], [-3.564126, 40.413532], [-3.563692, 40.413514], [-3.563588, 40.41345], [-3.563037, 40.413449], [-3.562486, 40.413381], [-3.562047, 40.413334], [-3.561678, 40.413309], [-3.561259, 40.413271], [-3.560861, 40.413258], [-3.560475, 40.413235], [-3.560185, 40.41324], [-3.559594, 40.413181], [-3.559153, 40.413145], [-3.558715, 40.413074], [-3.558372, 40.412986], [-3.558107, 40.412924], [-3.55784, 40.41286], [-3.557524, 40.412732], [-3.557194, 40.412561], [-3.556917, 40.412444], [-3.556473, 40.412304], [-3.555905, 40.412136], [-3.555506, 40.412027], [-3.555088, 40.411969], [-3.554647, 40.411966], [-3.554173, 40.411892], [-3.553403, 40.411688], [-3.553258, 40.411704], [-3.553113, 40.411721], [-3.552452, 40.4118], [-3.552173, 40.411841], [-3.551798, 40.411875], [-3.551404, 40.41192], [-3.551247, 40.41191], [-3.551037, 40.411912], [-3.550488, 40.411942], [-3.550204, 40.411993], [-3.550098, 40.412012], [-3.549595, 40.412148], [-3.549284, 40.412324], [-3.545124, 40.411473], [-3.54495, 40.411439], [-3.544894, 40.411454], [-3.544881, 40.411458], [-3.54486, 40.411463], [-3.544853, 40.411463], [-3.544828, 40.411461], [-3.544599, 40.411402], [-3.544545, 40.411388], [-3.544452, 40.411368], [-3.54441, 40.411358], [-3.54438, 40.411358], [-3.544219, 40.411355], [-3.544018, 40.411348], [-3.544, 40.411347], [-3.543837, 40.41134], [-3.543699, 40.411334], [-3.543657, 40.411332], [-3.543483, 40.411311], [-3.543331, 40.411265], [-3.543276, 40.411259], [-3.543179, 40.411248], [-3.542696, 40.411113], [-3.542471, 40.41105], [-3.542285, 40.411025], [-3.542209, 40.411005], [-3.541959, 40.410941], [-3.541658, 40.410854], [-3.541529, 40.410803], [-3.541428, 40.410763], [-3.541394, 40.410753], [-3.541274, 40.410719], [-3.541094, 40.4107], [-3.540985, 40.410683], [-3.540933, 40.410675], [-3.54079, 40.410666], [-3.54061, 40.410657], [-3.540487, 40.410654], [-3.54043, 40.410653], [-3.540271, 40.410632], [-3.540194, 40.410621], [-3.540156, 40.410612], [-3.540014, 40.41058], [-3.539922, 40.410548], [-3.539768, 40.410492], [-3.539731, 40.410668], [-3.539728, 40.410893], [-3.539728, 40.410926], [-3.539728, 40.41095], [-3.539728, 40.410972], [-3.539731, 40.411037], [-3.539732, 40.411101], [-3.539736, 40.411165], [-3.539748, 40.411244], [-3.539757, 40.411309], [-3.53976, 40.411325], [-3.539763, 40.411344], [-3.539768, 40.411375], [-3.539769, 40.411387], [-3.539761, 40.41142], [-3.539735, 40.411467], [-3.539712, 40.411516], [-3.539706, 40.411524], [-3.539683, 40.411557], [-3.539666, 40.411592], [-3.539625, 40.411613], [-3.539515, 40.41163], [-3.539357, 40.411607], [-3.539249, 40.411583], [-3.539173, 40.411565], [-3.539086, 40.411541], [-3.539082, 40.411541], [-3.539013, 40.41153], [-3.538894, 40.411497], [-3.538855, 40.411487], [-3.538764, 40.411462], [-3.5387, 40.411445], [-3.53867, 40.411442], [-3.538505, 40.411424], [-3.53829, 40.411427], [-3.538177, 40.411509], [-3.538119, 40.411554], [-3.537982, 40.411644], [-3.537954, 40.411682], [-3.537904, 40.411743], [-3.537875, 40.411823], [-3.537867, 40.411876], [-3.537883, 40.412039], [-3.537896, 40.41217], [-3.537876, 40.412239], [-3.537851, 40.41228], [-3.537778, 40.41236], [-3.537701, 40.412401], [-3.537627, 40.412442], [-3.537572, 40.412474], [-3.537504, 40.412499], [-3.537463, 40.412516], [-3.537421, 40.412531], [-3.537328, 40.412554], [-3.537285, 40.412566], [-3.537281, 40.412567], [-3.537266, 40.412569], [-3.537194, 40.412579], [-3.537066, 40.412586], [-3.537064, 40.412586], [-3.536935, 40.412594], [-3.536804, 40.412598], [-3.536652, 40.412586], [-3.536471, 40.412569], [-3.536326, 40.412544], [-3.536319, 40.412543], [-3.536306, 40.41254], [-3.536213, 40.412518], [-3.536221, 40.412575], [-3.536224, 40.412653], [-3.536219, 40.412685], [-3.53621, 40.412742], [-3.536208, 40.412746], [-3.53619, 40.412786], [-3.536159, 40.412858], [-3.536127, 40.412905], [-3.536124, 40.412909], [-3.53611, 40.412923], [-3.536052, 40.412979], [-3.536017, 40.41301], [-3.535932, 40.413067], [-3.535826, 40.413107], [-3.535809, 40.413112], [-3.535781, 40.41312], [-3.535695, 40.413138], [-3.535629, 40.413151], [-3.535167, 40.414415], [-3.534843, 40.414335], [-3.534583, 40.41428], [-3.534293, 40.414227], [-3.533991, 40.41418], [-3.533708, 40.414145], [-3.533408, 40.414117], [-3.533364, 40.414114], [-3.533278, 40.414107], [-3.533238, 40.414107], [-3.532999, 40.414106], [-3.532803, 40.414114], [-3.532551, 40.414133], [-3.53254, 40.414134], [-3.532349, 40.414157], [-3.532038, 40.414208], [-3.531864, 40.414245], [-3.531655, 40.4143], [-3.531571, 40.414325], [-3.531497, 40.414349], [-3.531339, 40.414404], [-3.531308, 40.414416], [-3.531245, 40.414441], [-3.531173, 40.414472], [-3.531133, 40.414488], [-3.531119, 40.414495], [-3.531073, 40.414516], [-3.531042, 40.414529], [-3.531001, 40.414547], [-3.530969, 40.41456], [-3.530921, 40.414579], [-3.530859, 40.414601], [-3.530848, 40.414605], [-3.530733, 40.41464], [-3.530721, 40.414643], [-3.530608, 40.414671], [-3.530573, 40.414678], [-3.530508, 40.414692], [-3.530407, 40.414708], [-3.530226, 40.414715], [-3.53119, 40.420084], [-3.530089, 40.419321], [-3.52928, 40.418779], [-3.528255, 40.41805], [-3.527528, 40.417562], [-3.527221, 40.417381], [-3.526935, 40.417236], [-3.526783, 40.417157], [-3.526377, 40.416946], [-3.526163, 40.416841], [-3.525905, 40.416715], [-3.525772, 40.416636], [-3.525696, 40.41659], [-3.52566, 40.416571], [-3.525495, 40.416478], [-3.525278, 40.416368], [-3.525131, 40.416256], [-3.524975, 40.41606], [-3.524847, 40.415848], [-3.52469, 40.415555], [-3.52462, 40.415449], [-3.524567, 40.415364], [-3.524522, 40.41532], [-3.524495, 40.415294], [-3.524154, 40.415069], [-3.523882, 40.414903], [-3.523359, 40.414561], [-3.523294, 40.414522], [-3.523089, 40.414396], [-3.522981, 40.414338], [-3.522779, 40.414221], [-3.522563, 40.414076], [-3.522396, 40.413917], [-3.521964, 40.413377], [-3.521885, 40.413273], [-3.521785, 40.413143], [-3.521699, 40.413031], [-3.521535, 40.412816], [-3.521436, 40.41269], [-3.521433, 40.412686], [-3.521404, 40.412649], [-3.521378, 40.412616], [-3.521346, 40.412575], [-3.521319, 40.412539], [-3.521267, 40.412467], [-3.521261, 40.412459], [-3.521227, 40.41241], [-3.52121, 40.412387], [-3.521202, 40.412376], [-3.521199, 40.412372], [-3.521182, 40.412348], [-3.521173, 40.412335], [-3.521169, 40.412329], [-3.521068, 40.412187], [-3.521027, 40.412131], [-3.520988, 40.412078], [-3.520985, 40.412073], [-3.520848, 40.411886], [-3.520819, 40.411846], [-3.520798, 40.411816], [-3.520765, 40.41177], [-3.520751, 40.41175], [-3.520747, 40.411743], [-3.520691, 40.411645], [-3.520683, 40.411632], [-3.52068, 40.411623], [-3.520667, 40.41159], [-3.520654, 40.411558], [-3.520629, 40.411498], [-3.520615, 40.411456], [-3.520606, 40.411428], [-3.520602, 40.411413], [-3.520591, 40.411383], [-3.520566, 40.411313], [-3.520488, 40.411129], [-3.52043, 40.410947], [-3.52038, 40.410812], [-3.520325, 40.410705], [-3.520295, 40.410655], [-3.52027, 40.410612], [-3.520244, 40.410573], [-3.520231, 40.410553], [-3.520193, 40.410496], [-3.520094, 40.410373], [-3.519779, 40.409983], [-3.519829, 40.409963], [-3.519913, 40.40993], [-3.519804, 40.409806], [-3.519728, 40.40972], [-3.519576, 40.409523], [-3.51953, 40.409487], [-3.519418, 40.409399], [-3.519361, 40.409354], [-3.519302, 40.409308], [-3.519226, 40.409248], [-3.519173, 40.409175], [-3.519136, 40.409117], [-3.519111, 40.409064], [-3.519109, 40.409057], [-3.519106, 40.409049], [-3.519105, 40.409026], [-3.519106, 40.409016], [-3.519107, 40.409005], [-3.519107, 40.409004], [-3.519108, 40.408998], [-3.519111, 40.408983], [-3.519111, 40.408969], [-3.519112, 40.408955], [-3.519112, 40.408953], [-3.519112, 40.408952], [-3.519111, 40.408941], [-3.519109, 40.408922], [-3.519108, 40.408912], [-3.519106, 40.408901], [-3.519105, 40.408893], [-3.519095, 40.408858], [-3.519078, 40.408821], [-3.519058, 40.408787], [-3.519043, 40.408752], [-3.519039, 40.408714], [-3.51904, 40.408676], [-3.519059, 40.408598], [-3.519074, 40.408533], [-3.519078, 40.408515], [-3.519117, 40.408352], [-3.519143, 40.408245], [-3.51915, 40.408212], [-3.519167, 40.408129], [-3.519184, 40.408049], [-3.519195, 40.407996], [-3.51921, 40.407926], [-3.519219, 40.407881], [-3.519226, 40.407842], [-3.51925, 40.407702], [-3.519255, 40.407659], [-3.519272, 40.407513], [-3.519274, 40.407483], [-3.519286, 40.407343], [-3.519294, 40.407218], [-3.519299, 40.407141], [-3.519302, 40.407083], [-3.519301, 40.407008], [-3.5193, 40.406875], [-3.519295, 40.406703], [-3.519293, 40.406647], [-3.519281, 40.406481], [-3.519276, 40.40641], [-3.519275, 40.406392], [-3.519275, 40.406389], [-3.519274, 40.406374], [-3.519274, 40.406371], [-3.519271, 40.406356], [-3.519257, 40.406246], [-3.519234, 40.406079], [-3.519222, 40.405988], [-3.519207, 40.405871], [-3.51917, 40.405562], [-3.519154, 40.405427], [-3.51914, 40.405329], [-3.519129, 40.40526], [-3.519118, 40.405189], [-3.519099, 40.405077], [-3.519095, 40.405054], [-3.519089, 40.405026], [-3.519072, 40.404949], [-3.519063, 40.404918], [-3.519043, 40.404847], [-3.519, 40.404729], [-3.518989, 40.404701], [-3.518977, 40.404674], [-3.518971, 40.404657], [-3.518963, 40.404642], [-3.518925, 40.404558], [-3.518889, 40.404482], [-3.518866, 40.404431], [-3.518861, 40.40442], [-3.51885, 40.4044], [-3.518834, 40.404369], [-3.518789, 40.404285], [-3.518709, 40.404153], [-3.518686, 40.404115], [-3.518666, 40.404083], [-3.51864, 40.404042], [-3.518565, 40.403922], [-3.518423, 40.403691], [-3.518407, 40.403665], [-3.51837, 40.403597], [-3.518331, 40.403526], [-3.518269, 40.403395], [-3.518208, 40.403267], [-3.518186, 40.403205], [-3.518169, 40.403157], [-3.518147, 40.403081], [-3.518139, 40.403049], [-3.518135, 40.403034], [-3.518115, 40.40296], [-3.51809, 40.402844], [-3.518085, 40.402821], [-3.518077, 40.402766], [-3.518062, 40.402664], [-3.518061, 40.402649], [-3.518051, 40.402512], [-3.518051, 40.402482], [-3.518051, 40.402322], [-3.518064, 40.402173], [-3.518065, 40.402158], [-3.518065, 40.402153], [-3.518066, 40.402147], [-3.518074, 40.4021], [-3.518083, 40.402045], [-3.518086, 40.402027], [-3.518089, 40.401995], [-3.51809, 40.40199], [-3.51809, 40.401987], [-3.518091, 40.401967], [-3.518094, 40.401931], [-3.518101, 40.401872], [-3.518106, 40.40183], [-3.518111, 40.401805], [-3.518132, 40.401704], [-3.518136, 40.401688], [-3.518136, 40.401685], [-3.518137, 40.401683], [-3.51814, 40.401669], [-3.518164, 40.401571], [-3.518192, 40.401448], [-3.518233, 40.401273], [-3.518351, 40.400756], [-3.518374, 40.400659], [-3.518388, 40.400601], [-3.518407, 40.400524], [-3.51846, 40.400309], [-3.518465, 40.40029], [-3.518477, 40.400251], [-3.518523, 40.400108], [-3.518572, 40.399985], [-3.518621, 40.399863], [-3.518632, 40.399839], [-3.518704, 40.399687], [-3.518736, 40.399617], [-3.51879, 40.3995], [-3.518798, 40.399482], [-3.518801, 40.399475], [-3.518809, 40.399458], [-3.518837, 40.399394], [-3.519013, 40.39899], [-3.519034, 40.398942], [-3.519043, 40.398923], [-3.519057, 40.398892], [-3.519068, 40.398867], [-3.519076, 40.398849], [-3.519108, 40.398789], [-3.519121, 40.398764], [-3.519123, 40.39876], [-3.519132, 40.398741], [-3.51915, 40.398701], [-3.519172, 40.39865], [-3.519207, 40.398574], [-3.519229, 40.398524], [-3.519231, 40.39852], [-3.519233, 40.398516], [-3.519239, 40.398504], [-3.519278, 40.398421], [-3.519304, 40.398369], [-3.519311, 40.398353], [-3.519318, 40.398339], [-3.519327, 40.39832], [-3.519335, 40.398302], [-3.519339, 40.398294], [-3.51935, 40.398269], [-3.519357, 40.398254], [-3.519372, 40.398222], [-3.51939, 40.398181], [-3.519421, 40.398113], [-3.519431, 40.39809], [-3.519436, 40.398079], [-3.519445, 40.398054], [-3.519472, 40.397981], [-3.519481, 40.397958], [-3.519483, 40.39795], [-3.519489, 40.397932], [-3.519494, 40.397914], [-3.519495, 40.397909], [-3.519496, 40.397906], [-3.519497, 40.397904], [-3.519498, 40.397896], [-3.519509, 40.397846], [-3.519598, 40.397853], [-3.519619, 40.397736], [-3.520317, 40.393777], [-3.520407, 40.392102], [-3.522589, 40.391865], [-3.524342, 40.390842], [-3.526891, 40.389795], [-3.529151, 40.389385], [-3.532085, 40.391424], [-3.532861, 40.39169], [-3.537341, 40.391314], [-3.539889, 40.392253], [-3.542462, 40.393121], [-3.542709, 40.39314], [-3.542657, 40.392687], [-3.542651, 40.39249], [-3.542654, 40.39247], [-3.542676, 40.392338], [-3.542699, 40.392203], [-3.542725, 40.392055], [-3.542773, 40.391854], [-3.542833, 40.3916], [-3.542889, 40.391419], [-3.542892, 40.391409], [-3.542951, 40.391191], [-3.543044, 40.391006], [-3.543112, 40.390861], [-3.543123, 40.390813], [-3.54317, 40.390604], [-3.543279, 40.390208], [-3.543405, 40.389891], [-3.543482, 40.389705], [-3.543667, 40.389251], [-3.54398, 40.388446], [-3.544202, 40.388045], [-3.544243, 40.387971], [-3.54459, 40.387345], [-3.544693, 40.387159], [-3.544769, 40.387013], [-3.544798, 40.386995], [-3.54506, 40.386824], [-3.545245, 40.386488], [-3.545394, 40.386189], [-3.545395, 40.386186], [-3.545507, 40.385924], [-3.545614, 40.385703], [-3.545641, 40.385608], [-3.545663, 40.385531], [-3.545678, 40.385437], [-3.545683, 40.385417], [-3.545714, 40.385294], [-3.54572, 40.38527], [-3.545735, 40.385213], [-3.545768, 40.385158], [-3.545774, 40.385148], [-3.545776, 40.385144], [-3.545945, 40.384871], [-3.546075, 40.384668], [-3.546155, 40.384537], [-3.546245, 40.38439], [-3.546316, 40.384282], [-3.546372, 40.384222], [-3.546491, 40.384101], [-3.546639, 40.38395], [-3.546871, 40.38372], [-3.546948, 40.383612], [-3.54706, 40.383453], [-3.547165, 40.383295], [-3.547514, 40.382794], [-3.547597, 40.382688], [-3.547675, 40.382586], [-3.5477, 40.382547], [-3.547778, 40.382425], [-3.547867, 40.382291], [-3.547886, 40.382262], [-3.547916, 40.382218], [-3.54799, 40.382125], [-3.548068, 40.382047], [-3.548088, 40.382027], [-3.548199, 40.381918], [-3.54833, 40.381813], [-3.548544, 40.38166], [-3.548666, 40.38155], [-3.548677, 40.38154], [-3.548761, 40.381447], [-3.54884, 40.38136], [-3.5489, 40.381272], [-3.54898, 40.381155], [-3.549106, 40.380929], [-3.549191, 40.380743], [-3.54925, 40.380584], [-3.549269, 40.380523], [-3.54929, 40.380456], [-3.549307, 40.380357], [-3.549313, 40.380322], [-3.549311, 40.380169], [-3.54929, 40.379964], [-3.549241, 40.37958], [-3.549231, 40.379458], [-3.549195, 40.37904], [-3.549185, 40.378926], [-3.549183, 40.378896], [-3.549173, 40.378783], [-3.549165, 40.378736], [-3.549155, 40.378686], [-3.549127, 40.37856], [-3.549121, 40.378535], [-3.549104, 40.378461], [-3.549061, 40.378318], [-3.548919, 40.377908], [-3.548876, 40.377809], [-3.548862, 40.377777], [-3.548734, 40.377459], [-3.548719, 40.377325], [-3.548716, 40.377294], [-3.548706, 40.377183], [-3.548704, 40.377102], [-3.548711, 40.377029], [-3.548716, 40.376973], [-3.548734, 40.376911], [-3.548758, 40.37686], [-3.548814, 40.376773], [-3.54886, 40.376724], [-3.548867, 40.376718], [-3.548925, 40.376671], [-3.549007, 40.376609], [-3.549103, 40.37654], [-3.549271, 40.376455], [-3.549315, 40.376433], [-3.549417, 40.376379], [-3.549816, 40.376166], [-3.55003, 40.376017], [-3.550203, 40.37588], [-3.550262, 40.375815], [-3.550366, 40.3757], [-3.550428, 40.37562], [-3.550513, 40.375511], [-3.550724, 40.375132], [-3.55084, 40.374843], [-3.550841, 40.374843], [-3.550945, 40.374542], [-3.551138, 40.374049], [-3.551224, 40.373668], [-3.551254, 40.373432], [-3.551246, 40.372852], [-3.551263, 40.372596], [-3.551246, 40.372361], [-3.551229, 40.372279], [-3.551203, 40.372154], [-3.55113, 40.371888], [-3.551118, 40.371812], [-3.551144, 40.371483], [-3.551167, 40.371316], [-3.551141, 40.371105], [-3.551116, 40.37092], [-3.551156, 40.37069], [-3.551156, 40.370691], [-3.551201, 40.37047], [-3.551203, 40.37046], [-3.551254, 40.370214], [-3.551459, 40.370169], [-3.55177, 40.368314], [-3.551813, 40.368152], [-3.551887, 40.36805], [-3.551927, 40.367989], [-3.551957, 40.367945], [-3.552028, 40.367826], [-3.552066, 40.367763], [-3.552151, 40.367618], [-3.552192, 40.367526], [-3.552199, 40.367512], [-3.552215, 40.367464], [-3.552231, 40.367415], [-3.552243, 40.367349], [-3.552256, 40.367279], [-3.552286, 40.367013], [-3.552308, 40.366878], [-3.552316, 40.366843], [-3.552326, 40.366804], [-3.552336, 40.366783], [-3.552376, 40.366701], [-3.552497, 40.366476], [-3.552592, 40.366326], [-3.552625, 40.366275], [-3.552652, 40.366235], [-3.55269, 40.366181], [-3.552808, 40.366048], [-3.552848, 40.36601], [-3.552876, 40.365984], [-3.553017, 40.36589], [-3.553147, 40.365822], [-3.553309, 40.365735], [-3.553466, 40.365626], [-3.55362, 40.365504], [-3.553724, 40.365433], [-3.553792, 40.365374], [-3.553832, 40.365342], [-3.553855, 40.365324], [-3.553871, 40.365311], [-3.553952, 40.36525], [-3.554171, 40.365105], [-3.554284, 40.365037], [-3.554376, 40.364983], [-3.554558, 40.364839], [-3.554757, 40.364686], [-3.555023, 40.364513], [-3.555199, 40.364365], [-3.555428, 40.36419], [-3.555598, 40.364101], [-3.555453, 40.363908], [-3.555561, 40.363841], [-3.555624, 40.363801], [-3.555618, 40.363762], [-3.555616, 40.36374], [-3.555612, 40.363687], [-3.555599, 40.363552], [-3.555596, 40.363453], [-3.555604, 40.363355], [-3.555644, 40.363118], [-3.55569, 40.362971], [-3.555788, 40.36287], [-3.555814, 40.362825], [-3.555873, 40.362719], [-3.555969, 40.362428], [-3.55604, 40.362303], [-3.556047, 40.362246], [-3.556048, 40.362195], [-3.556074, 40.36209], [-3.55608, 40.362005], [-3.556083, 40.36197], [-3.55608, 40.361858], [-3.556068, 40.361638], [-3.556058, 40.361552], [-3.556027, 40.361473], [-3.556005, 40.361421], [-3.555938, 40.361339], [-3.555925, 40.361283], [-3.555917, 40.361234], [-3.555915, 40.361207], [-3.555914, 40.361181], [-3.555866, 40.361063], [-3.555864, 40.361032], [-3.555847, 40.360968], [-3.555808, 40.360775], [-3.555771, 40.36063], [-3.555786, 40.360532], [-3.555778, 40.360438], [-3.555781, 40.360334], [-3.555782, 40.36032], [-3.555765, 40.36023], [-3.555768, 40.360173], [-3.555757, 40.360079], [-3.555753, 40.360014], [-3.555728, 40.359913], [-3.555718, 40.359839], [-3.555709, 40.359813], [-3.555686, 40.359746], [-3.555653, 40.359684], [-3.555628, 40.359637], [-3.555578, 40.359535], [-3.555502, 40.359432], [-3.555419, 40.35951], [-3.555402, 40.359524], [-3.555332, 40.359579], [-3.555299, 40.359607], [-3.555256, 40.359645], [-3.554329, 40.360363], [-3.553879, 40.360719], [-3.553336, 40.361158], [-3.553121, 40.361327], [-3.552914, 40.36149], [-3.552801, 40.361278], [-3.552855, 40.360032], [-3.552907, 40.357681], [-3.553293, 40.356014], [-3.553387, 40.355902], [-3.553583, 40.356129], [-3.553937, 40.356538], [-3.554319, 40.356838], [-3.554608, 40.357324], [-3.555063, 40.357461], [-3.555069, 40.357463], [-3.555863, 40.357704], [-3.564782, 40.3598], [-3.566028, 40.360093], [-3.567226, 40.360553], [-3.567339, 40.360597], [-3.570393, 40.361769], [-3.576524, 40.365957], [-3.576878, 40.366165], [-3.576885, 40.366169], [-3.577412, 40.36648], [-3.577952, 40.366724], [-3.578314, 40.366782], [-3.578567, 40.366823], [-3.581089, 40.366954], [-3.582785, 40.367042], [-3.584381, 40.367243], [-3.58518, 40.367496], [-3.585288, 40.36755], [-3.585903, 40.367859], [-3.586065, 40.36794], [-3.587027, 40.368448], [-3.587029, 40.368449], [-3.587329, 40.368608], [-3.58962, 40.369828], [-3.591923, 40.371055], [-3.595748, 40.372832], [-3.597419, 40.373676], [-3.598379, 40.374147], [-3.598875, 40.374449], [-3.59939, 40.374824], [-3.599778, 40.375231], [-3.600103, 40.375602], [-3.600717, 40.376715], [-3.60048, 40.376829], [-3.600207, 40.377004], [-3.599915, 40.377311], [-3.599681, 40.377595], [-3.599532, 40.377915], [-3.599467, 40.378089], [-3.599337, 40.378395], [-3.599169, 40.378701], [-3.599028, 40.378868], [-3.59882, 40.379014], [-3.598481, 40.379256], [-3.597809, 40.379658], [-3.5995, 40.382329], [-3.599575, 40.382358], [-3.600138, 40.382398], [-3.600552, 40.382525], [-3.600834, 40.382667], [-3.601042, 40.382878], [-3.601155, 40.383128], [-3.601128, 40.383404], [-3.600825, 40.383924], [-3.600861, 40.384157], [-3.601058, 40.384649], [-3.601367, 40.385122], [-3.60171, 40.385578], [-3.602336, 40.386197], [-3.60287, 40.386453], [-3.603029, 40.38653], [-3.603482, 40.386657], [-3.603741, 40.386665], [-3.603911, 40.386664], [-3.604137, 40.386628], [-3.60526, 40.385974], [-3.605557, 40.386249], [-3.605761, 40.386386], [-3.605897, 40.386437], [-3.606089, 40.386445], [-3.606191, 40.386436], [-3.606315, 40.386401], [-3.606438, 40.38634], [-3.60655, 40.386275], [-3.607613, 40.387021], [-3.608682, 40.387571], [-3.609995, 40.388145], [-3.611576, 40.388554], [-3.611825, 40.388619], [-3.616861, 40.389784], [-3.618566, 40.390168], [-3.619535, 40.390386], [-3.621864, 40.390911], [-3.624421, 40.391521], [-3.624432, 40.391523], [-3.625074, 40.391677], [-3.629406, 40.392623], [-3.627713, 40.396334], [-3.627489, 40.396826], [-3.627053, 40.397959], [-3.627029, 40.398023], [-3.62688, 40.398584], [-3.626781, 40.398956], [-3.626545, 40.399869], [-3.626264, 40.400955], [-3.626147, 40.401297], [-3.625848, 40.402168], [-3.625576, 40.402906], [-3.625401, 40.403297], [-3.625229, 40.403639], [-3.623953, 40.406222], [-3.620362, 40.413083], [-3.620198, 40.41334], [-3.620125, 40.413454], [-3.620091, 40.413502], [-3.620049, 40.413561], [-3.619976, 40.413669], [-3.619894, 40.413777], [-3.619812, 40.413884], [-3.619754, 40.413954], [-3.619685, 40.414037], [-3.619493, 40.414246], [-3.619004, 40.414677], [-3.618751, 40.414876], [-3.618579, 40.415], [-3.618399, 40.415102], [-3.618227, 40.415198], [-3.618158, 40.415242], [-3.618037, 40.415304], [-3.617954, 40.415344], [-3.61773, 40.415429], [-3.617448, 40.415539], [-3.613911, 40.416934], [-3.610801, 40.417945], [-3.610242, 40.413606], [-3.606359, 40.412544], [-3.590144, 40.408105], [-3.589526, 40.408439], [-3.589202, 40.408653], [-3.588879, 40.408919], [-3.588346, 40.409375], [-3.587107, 40.41068], [-3.586242, 40.411642], [-3.585089, 40.413051], [-3.583849, 40.414549], [-3.583102, 40.415822], [-3.582994, 40.416758], [-3.582973, 40.417716], [-3.582946, 40.417938], [-3.58289, 40.418184], [-3.582805, 40.418474], [-3.582432, 40.41921], [-3.577483, 40.426013], [-3.575254, 40.425574], [-3.575798, 40.42471], [-3.576012, 40.424366], [-3.576147, 40.424147], [-3.576279, 40.423893], [-3.576363, 40.423689], [-3.576448, 40.4235], [-3.57661, 40.422993], [-3.57668, 40.422737], [-3.576717, 40.422603], [-3.576782, 40.422286], [-3.576841, 40.421982], [-3.57697, 40.421621], [-3.577171, 40.421211], [-3.577311, 40.420986], [-3.577649, 40.420247], [-3.57831, 40.419252], [-3.578428, 40.41902], [-3.578625, 40.418634], [-3.578792, 40.418308], [-3.57914, 40.41786], [-3.579262, 40.417698], [-3.579532, 40.417338], [-3.578746, 40.416196], [-3.578495, 40.415778], [-3.578287, 40.415405], [-3.578057, 40.414992], [-3.578056, 40.41499], [-3.578187, 40.414841], [-3.57764, 40.413663], [-3.572901, 40.411768]]]}}, {"type": "Feature", "properties": {"district": "Villa de Vallecas", "color": [158, 218, 229]}, "geometry": {"type": "Polygon", "coordinates": [[[-3.600103, 40.375602], [-3.599778, 40.375231], [-3.59939, 40.374824], [-3.598875, 40.374449], [-3.598379, 40.374147], [-3.597419, 40.373676], [-3.595748, 40.372832], [-3.591923, 40.371055], [-3.58962, 40.369828], [-3.587329, 40.368608], [-3.587029, 40.368449], [-3.587027, 40.368448], [-3.586065, 40.36794], [-3.585903, 40.367859], [-3.585288, 40.36755], [-3.58518, 40.367496], [-3.584381, 40.367243], [-3.582785, 40.367042], [-3.581089, 40.366954], [-3.578567, 40.366823], [-3.578314, 40.366782], [-3.577952, 40.366724], [-3.577412, 40.36648], [-3.576885, 40.366169], [-3.576878, 40.366165], [-3.576524, 40.365957], [-3.570393, 40.361769], [-3.567339, 40.360597], [-3.567226, 40.360553], [-3.566028, 40.360093], [-3.564782, 40.3598], [-3.555863, 40.357704], [-3.555069, 40.357463], [-3.555063, 40.357461], [-3.554608, 40.357324], [-3.554319, 40.356838], [-3.553937, 40.356538], [-3.553583, 40.356129], [-3.553387, 40.355902], [-3.554728, 40.354308], [-3.556636, 40.353099], [-3.55769, 40.352667], [-3.558914, 40.35027], [-3.560741, 40.349177], [-3.562157, 40.347094], [-3.56536, 40.344379], [-3.56622, 40.343309], [-3.568246, 40.340904], [-3.569945, 40.337632], [-3.571882, 40.334615], [-3.572738, 40.33366], [-3.575281, 40.331862], [-3.576763, 40.330251], [-3.57952, 40.32795], [-3.582487, 40.326256], [-3.583244, 40.324809], [-3.584363, 40.322564], [-3.585071, 40.320416], [-3.585074, 40.318355], [-3.583817, 40.315813], [-3.582409, 40.316141], [-3.581886, 40.315882], [-3.580484, 40.315968], [-3.579282, 40.315868], [-3.577796, 40.314648], [-3.576126, 40.314886], [-3.577243, 40.314283], [-3.577968, 40.313891], [-3.57801, 40.31389], [-3.57876, 40.313857], [-3.579692, 40.313876], [-3.580656, 40.313791], [-3.580665, 40.313789], [-3.58167, 40.313591], [-3.582528, 40.313526], [-3.583472, 40.313307], [-3.584502, 40.313202], [-3.584506, 40.313201], [-3.58558, 40.313071], [-3.587435, 40.312791], [-3.589401, 40.312697], [-3.593328, 40.312422], [-3.594325, 40.31238], [-3.595338, 40.31235], [-3.598259, 40.312065], [-3.599239, 40.312169], [-3.600198, 40.312333], [-3.60213, 40.312667], [-3.606385, 40.31347], [-3.60812, 40.313655], [-3.60812, 40.313664], [-3.60812, 40.313665], [-3.611151, 40.314313], [-3.613877, 40.315589], [-3.615092, 40.316853], [-3.615965, 40.317762], [-3.61745, 40.318192], [-3.620008, 40.319118], [-3.623534, 40.31985], [-3.624692, 40.320427], [-3.625982, 40.319236], [-3.625998, 40.319217], [-3.626065, 40.319238], [-3.626123, 40.31926], [-3.626168, 40.319278], [-3.626441, 40.319355], [-3.626707, 40.31943], [-3.626915, 40.319489], [-3.626968, 40.319504], [-3.627241, 40.319581], [-3.62747, 40.319645], [-3.627657, 40.319698], [-3.627926, 40.319799], [-3.627942, 40.319806], [-3.628185, 40.319897], [-3.628214, 40.319908], [-3.62857, 40.320041], [-3.62878, 40.32012], [-3.628876, 40.320157], [-3.628894, 40.320163], [-3.628963, 40.320189], [-3.62924, 40.320293], [-3.629346, 40.320333], [-3.629405, 40.32036], [-3.629813, 40.320543], [-3.630173, 40.320705], [-3.630381, 40.320798], [-3.630585, 40.32089], [-3.630757, 40.320967], [-3.63088, 40.321022], [-3.630892, 40.321028], [-3.631036, 40.321093], [-3.63126, 40.321228], [-3.631292, 40.321247], [-3.631342, 40.321277], [-3.631446, 40.32134], [-3.63148, 40.321361], [-3.631586, 40.321424], [-3.631846, 40.321582], [-3.631992, 40.32167], [-3.632265, 40.321834], [-3.632433, 40.321981], [-3.632446, 40.321992], [-3.63258, 40.322109], [-3.632698, 40.322212], [-3.632774, 40.322278], [-3.632796, 40.322297], [-3.632851, 40.322345], [-3.632906, 40.322388], [-3.633012, 40.322471], [-3.633025, 40.322481], [-3.633038, 40.322491], [-3.633227, 40.322638], [-3.633538, 40.32288], [-3.634033, 40.323264], [-3.634487, 40.323617], [-3.63508, 40.324078], [-3.634996, 40.32415], [-3.634977, 40.324165], [-3.635136, 40.324278], [-3.635191, 40.324317], [-3.635413, 40.324521], [-3.635486, 40.3246], [-3.635562, 40.324681], [-3.635653, 40.324766], [-3.635721, 40.32483], [-3.63581, 40.324907], [-3.636024, 40.325092], [-3.636239, 40.325232], [-3.636343, 40.325295], [-3.636407, 40.325335], [-3.636667, 40.325492], [-3.636781, 40.325573], [-3.63693, 40.325671], [-3.637044, 40.325757], [-3.637134, 40.325829], [-3.637175, 40.325856], [-3.637225, 40.325888], [-3.637325, 40.325933], [-3.637367, 40.325952], [-3.637385, 40.32596], [-3.637466, 40.326016], [-3.637563, 40.326087], [-3.637721, 40.326185], [-3.637808, 40.326238], [-3.638003, 40.326361], [-3.63822, 40.326505], [-3.638244, 40.326521], [-3.638253, 40.326528], [-3.638262, 40.326534], [-3.638397, 40.32664], [-3.638401, 40.326642], [-3.638481, 40.326702], [-3.638528, 40.326737], [-3.638666, 40.32683], [-3.638927, 40.327005], [-3.639155, 40.327148], [-3.639355, 40.327273], [-3.639436, 40.327323], [-3.639627, 40.327443], [-3.63964, 40.327451], [-3.639926, 40.327629], [-3.640005, 40.327679], [-3.640122, 40.327752], [-3.640191, 40.327796], [-3.640403, 40.327899], [-3.640567, 40.327987], [-3.640645, 40.328029], [-3.640838, 40.328109], [-3.640953, 40.328157], [-3.641174, 40.328241], [-3.641365, 40.328314], [-3.641693, 40.3285], [-3.641782, 40.328577], [-3.641804, 40.328597], [-3.641811, 40.328603], [-3.641856, 40.328644], [-3.641873, 40.328663], [-3.641889, 40.328681], [-3.641944, 40.328741], [-3.642003, 40.328807], [-3.642144, 40.328876], [-3.642307, 40.328938], [-3.642491, 40.329009], [-3.642512, 40.329017], [-3.642529, 40.329024], [-3.642694, 40.329098], [-3.642754, 40.329125], [-3.642969, 40.329252], [-3.643005, 40.329274], [-3.643046, 40.32932], [-3.64308, 40.329358], [-3.643195, 40.329475], [-3.643281, 40.329563], [-3.643299, 40.329581], [-3.643341, 40.329624], [-3.643404, 40.329696], [-3.643439, 40.329737], [-3.64353, 40.329841], [-3.643569, 40.329886], [-3.643616, 40.329949], [-3.643762, 40.33014], [-3.643871, 40.330267], [-3.643891, 40.33029], [-3.643971, 40.330381], [-3.644132, 40.330546], [-3.644192, 40.330606], [-3.644299, 40.3307], [-3.644309, 40.330709], [-3.644382, 40.330772], [-3.644502, 40.330856], [-3.644591, 40.33091], [-3.644695, 40.330961], [-3.644726, 40.330976], [-3.644876, 40.331044], [-3.644999, 40.3311], [-3.645036, 40.33112], [-3.645074, 40.33114], [-3.645194, 40.331206], [-3.645265, 40.331246], [-3.645423, 40.331326], [-3.645541, 40.331389], [-3.645569, 40.331404], [-3.645615, 40.331428], [-3.645725, 40.331476], [-3.645805, 40.331521], [-3.645912, 40.331576], [-3.64607, 40.331652], [-3.646103, 40.331667], [-3.646324, 40.331772], [-3.646471, 40.33184], [-3.64658, 40.331894], [-3.646595, 40.331901], [-3.646619, 40.331912], [-3.646713, 40.331955], [-3.646801, 40.332], [-3.646967, 40.332091], [-3.647097, 40.332164], [-3.647194, 40.332218], [-3.647338, 40.332301], [-3.647451, 40.332373], [-3.647505, 40.332407], [-3.647574, 40.332455], [-3.647635, 40.332495], [-3.647666, 40.332515], [-3.647791, 40.3326], [-3.647794, 40.332602], [-3.647961, 40.332723], [-3.648002, 40.332752], [-3.648051, 40.332785], [-3.648187, 40.332869], [-3.648397, 40.333011], [-3.648606, 40.333146], [-3.648664, 40.333177], [-3.648745, 40.333217], [-3.64883, 40.333254], [-3.648951, 40.333312], [-3.649007, 40.333341], [-3.649025, 40.33335], [-3.649138, 40.333403], [-3.649222, 40.333341], [-3.649207, 40.333329], [-3.649209, 40.333295], [-3.649232, 40.333234], [-3.649233, 40.333232], [-3.649267, 40.333146], [-3.649304, 40.333054], [-3.649317, 40.333028], [-3.649326, 40.33301], [-3.649359, 40.332929], [-3.649361, 40.332927], [-3.649377, 40.332892], [-3.64938, 40.332884], [-3.649389, 40.332863], [-3.649394, 40.332854], [-3.649403, 40.332838], [-3.649416, 40.332817], [-3.649429, 40.332797], [-3.64944, 40.332777], [-3.64945, 40.332763], [-3.649453, 40.332759], [-3.649457, 40.332753], [-3.649475, 40.332738], [-3.649487, 40.332716], [-3.649494, 40.332705], [-3.6495, 40.332695], [-3.649512, 40.332675], [-3.649528, 40.332655], [-3.649536, 40.332645], [-3.649561, 40.33262], [-3.649571, 40.332614], [-3.649601, 40.332595], [-3.649605, 40.332593], [-3.649654, 40.332562], [-3.649671, 40.332554], [-3.649689, 40.332545], [-3.64969, 40.332544], [-3.649706, 40.332535], [-3.649718, 40.332529], [-3.649724, 40.332526], [-3.649738, 40.332518], [-3.649748, 40.332512], [-3.649754, 40.332509], [-3.649779, 40.332496], [-3.649807, 40.332473], [-3.649828, 40.332458], [-3.649829, 40.332456], [-3.649838, 40.332447], [-3.649851, 40.332433], [-3.649858, 40.332426], [-3.649864, 40.332418], [-3.64989, 40.332383], [-3.649901, 40.332371], [-3.649911, 40.33236], [-3.649933, 40.332339], [-3.649953, 40.33232], [-3.64998, 40.332293], [-3.649994, 40.332278], [-3.650014, 40.332265], [-3.650034, 40.332266], [-3.650036, 40.332266], [-3.650076, 40.332275], [-3.650092, 40.332281], [-3.650112, 40.332289], [-3.65014, 40.332306], [-3.650173, 40.332324], [-3.650202, 40.332348], [-3.650279, 40.332401], [-3.650312, 40.332382], [-3.655043, 40.330021], [-3.655707, 40.329727], [-3.657629, 40.328875], [-3.657558, 40.32914], [-3.657519, 40.329284], [-3.657607, 40.329839], [-3.658045, 40.331034], [-3.658232, 40.331356], [-3.65841, 40.331659], [-3.65852, 40.332017], [-3.658664, 40.332483], [-3.658681, 40.332906], [-3.658698, 40.333318], [-3.658914, 40.333966], [-3.660153, 40.335085], [-3.660921, 40.335915], [-3.660956, 40.335953], [-3.661527, 40.337148], [-3.661494, 40.337602], [-3.661534, 40.337857], [-3.661623, 40.337965], [-3.661722, 40.338083], [-3.661854, 40.338216], [-3.662059, 40.338422], [-3.662201, 40.338542], [-3.662358, 40.338675], [-3.662789, 40.338911], [-3.663215, 40.339235], [-3.663231, 40.339265], [-3.663337, 40.339451], [-3.663361, 40.339743], [-3.663101, 40.340005], [-3.662941, 40.340166], [-3.662915, 40.340212], [-3.662853, 40.340322], [-3.662931, 40.340459], [-3.663273, 40.341337], [-3.663539, 40.341931], [-3.663667, 40.342087], [-3.663839, 40.342298], [-3.663944, 40.342532], [-3.663991, 40.342638], [-3.664252, 40.343359], [-3.664338, 40.343472], [-3.664658, 40.343894], [-3.66512, 40.344084], [-3.665329, 40.344171], [-3.66618, 40.34425], [-3.666367, 40.344267], [-3.667372, 40.344518], [-3.667739, 40.344621], [-3.668445, 40.344818], [-3.668817, 40.344911], [-3.669048, 40.344968], [-3.669213, 40.345134], [-3.669352, 40.345273], [-3.669455, 40.345503], [-3.669456, 40.345657], [-3.669358, 40.345836], [-3.669161, 40.346221], [-3.668966, 40.346836], [-3.669022, 40.347179], [-3.669109, 40.347705], [-3.669418, 40.348624], [-3.669714, 40.349039], [-3.669927, 40.349337], [-3.670148, 40.349437], [-3.670459, 40.349577], [-3.670599, 40.34964], [-3.671235, 40.34979], [-3.671691, 40.349953], [-3.67194, 40.350042], [-3.672523, 40.350242], [-3.672714, 40.350307], [-3.672913, 40.350438], [-3.673044, 40.350559], [-3.673115, 40.350624], [-3.673148, 40.350678], [-3.673285, 40.350904], [-3.673436, 40.351313], [-3.673545, 40.351718], [-3.673591, 40.351872], [-3.673668, 40.352133], [-3.673718, 40.352475], [-3.673761, 40.352774], [-3.673855, 40.353014], [-3.674159, 40.3533], [-3.674246, 40.353335], [-3.674612, 40.35348], [-3.675042, 40.353614], [-3.675046, 40.353616], [-3.675115, 40.353625], [-3.675499, 40.353679], [-3.675704, 40.353739], [-3.675936, 40.353807], [-3.676176, 40.353984], [-3.676349, 40.354316], [-3.67652, 40.354567], [-3.676661, 40.354947], [-3.676824, 40.355476], [-3.677087, 40.356354], [-3.677205, 40.356817], [-3.677392, 40.357105], [-3.677414, 40.357139], [-3.677668, 40.357411], [-3.677787, 40.357478], [-3.678055, 40.35763], [-3.678416, 40.357766], [-3.678777, 40.357901], [-3.679169, 40.358112], [-3.679226, 40.358156], [-3.679447, 40.358326], [-3.68074, 40.359548], [-3.680948, 40.359745], [-3.681319, 40.359917], [-3.681467, 40.360088], [-3.681509, 40.360185], [-3.681522, 40.360216], [-3.681891, 40.361197], [-3.680896, 40.360878], [-3.680781, 40.360852], [-3.680362, 40.360758], [-3.68028, 40.360746], [-3.679698, 40.360663], [-3.678876, 40.360619], [-3.678494, 40.360619], [-3.678363, 40.360619], [-3.678362, 40.360619], [-3.677763, 40.360637], [-3.67744, 40.360654], [-3.677044, 40.360675], [-3.676664, 40.360695], [-3.676375, 40.36071], [-3.675708, 40.360761], [-3.67559, 40.360771], [-3.674887, 40.360825], [-3.674374, 40.360874], [-3.674177, 40.360897], [-3.673941, 40.360925], [-3.67315, 40.361093], [-3.673026, 40.36112], [-3.672152, 40.361256], [-3.67151, 40.36137], [-3.671172, 40.361436], [-3.670811, 40.361507], [-3.670121, 40.361661], [-3.669542, 40.36182], [-3.66944, 40.361851], [-3.668875, 40.362024], [-3.668246, 40.362247], [-3.667889, 40.362392], [-3.667563, 40.362523], [-3.667245, 40.362664], [-3.667175, 40.362695], [-3.666696, 40.36293], [-3.666503, 40.363032], [-3.666024, 40.363284], [-3.664447, 40.364144], [-3.65707, 40.368777], [-3.655997, 40.369372], [-3.655603, 40.36959], [-3.654716, 40.37036], [-3.654405, 40.370886], [-3.653589, 40.373629], [-3.653305, 40.374326], [-3.652766, 40.375646], [-3.652361, 40.376046], [-3.651505, 40.3761], [-3.649907, 40.376313], [-3.648576, 40.376524], [-3.645068, 40.37723], [-3.641511, 40.377954], [-3.634376, 40.379773], [-3.633027, 40.380102], [-3.632586, 40.380209], [-3.630191, 40.380779], [-3.627162, 40.381504], [-3.625905, 40.381793], [-3.624586, 40.382093], [-3.625323, 40.383234], [-3.624765, 40.384161], [-3.624329, 40.385012], [-3.6237, 40.38643], [-3.621864, 40.390911], [-3.619535, 40.390386], [-3.618566, 40.390168], [-3.616861, 40.389784], [-3.611825, 40.388619], [-3.611576, 40.388554], [-3.609995, 40.388145], [-3.608682, 40.387571], [-3.607613, 40.387021], [-3.60655, 40.386275], [-3.606438, 40.38634], [-3.606315, 40.386401], [-3.606191, 40.386436], [-3.606089, 40.386445], [-3.605897, 40.386437], [-3.605761, 40.386386], [-3.605557, 40.386249], [-3.60526, 40.385974], [-3.604137, 40.386628], [-3.603911, 40.386664], [-3.603741, 40.386665], [-3.603482, 40.386657], [-3.603029, 40.38653], [-3.60287, 40.386453], [-3.602336, 40.386197], [-3.60171, 40.385578], [-3.601367, 40.385122], [-3.601058, 40.384649], [-3.600861, 40.384157], [-3.600825, 40.383924], [-3.601128, 40.383404], [-3.601155, 40.383128], [-3.601042, 40.382878], [-3.600834, 40.382667], [-3.600552, 40.382525], [-3.600138, 40.382398], [-3.599575, 40.382358], [-3.5995, 40.382329], [-3.597809, 40.379658], [-3.598481, 40.379256], [-3.59882, 40.379014], [-3.599028, 40.378868], [-3.599169, 40.378701], [-3.599337, 40.378395], [-3.599467, 40.378089], [-3.599532, 40.377915], [-3.599681, 40.377595], [-3.599915, 40.377311], [-3.600207, 40.377004], [-3.60048, 40.376829], [-3.600717, 40.376715], [-3.600103, 40.375602]]]}}, {"type": "Feature", "properties": {"district": "Villaverde", "color": [31, 119, 180]}, "geometry": {"type": "Polygon", "coordinates": [[[-3.657629, 40.328875], [-3.659912, 40.327862], [-3.660354, 40.327771], [-3.660433, 40.327766], [-3.660513, 40.32776], [-3.660608, 40.327753], [-3.660612, 40.327753], [-3.660793, 40.327742], [-3.660905, 40.327745], [-3.660909, 40.327745], [-3.661111, 40.327763], [-3.661197, 40.327776], [-3.661283, 40.327782], [-3.661395, 40.327795], [-3.661448, 40.327825], [-3.661481, 40.327843], [-3.661602, 40.327915], [-3.661679, 40.327972], [-3.661762, 40.328033], [-3.661806, 40.328065], [-3.661808, 40.328067], [-3.662035, 40.328209], [-3.662053, 40.328227], [-3.662074, 40.328248], [-3.662131, 40.328307], [-3.662226, 40.328395], [-3.662289, 40.32844], [-3.662308, 40.328454], [-3.662369, 40.328497], [-3.662469, 40.328562], [-3.662497, 40.328579], [-3.662546, 40.328607], [-3.662667, 40.328663], [-3.662675, 40.328665], [-3.662734, 40.328683], [-3.662762, 40.328692], [-3.662768, 40.328693], [-3.662847, 40.328707], [-3.662848, 40.328708], [-3.662926, 40.328717], [-3.663051, 40.328762], [-3.663101, 40.328795], [-3.663159, 40.328834], [-3.663211, 40.328873], [-3.66322, 40.328885], [-3.663232, 40.3289], [-3.663232, 40.328902], [-3.663241, 40.328934], [-3.663249, 40.328966], [-3.663325, 40.329003], [-3.663352, 40.329016], [-3.663427, 40.329031], [-3.663514, 40.329056], [-3.663582, 40.32907], [-3.663588, 40.329071], [-3.663602, 40.329076], [-3.663704, 40.329112], [-3.664134, 40.328869], [-3.665047, 40.328458], [-3.665047, 40.328457], [-3.665018, 40.328431], [-3.665167, 40.328314], [-3.665249, 40.328254], [-3.665348, 40.328171], [-3.665484, 40.328081], [-3.665661, 40.327976], [-3.665666, 40.327973], [-3.665763, 40.327911], [-3.665826, 40.32787], [-3.665964, 40.32778], [-3.666001, 40.327755], [-3.666121, 40.327677], [-3.666152, 40.327655], [-3.666287, 40.327562], [-3.666439, 40.327449], [-3.666477, 40.327421], [-3.666514, 40.327394], [-3.666527, 40.327384], [-3.666616, 40.327318], [-3.666703, 40.327253], [-3.66673, 40.327232], [-3.666814, 40.327167], [-3.666885, 40.327107], [-3.666929, 40.32707], [-3.666954, 40.327048], [-3.666964, 40.327017], [-3.666965, 40.327011], [-3.667015, 40.326857], [-3.667031, 40.326808], [-3.667055, 40.326742], [-3.667066, 40.326712], [-3.667081, 40.326678], [-3.667107, 40.326617], [-3.667146, 40.326575], [-3.667164, 40.326555], [-3.667328, 40.326427], [-3.66733, 40.326425], [-3.667497, 40.326289], [-3.667603, 40.326213], [-3.667677, 40.326159], [-3.667802, 40.326063], [-3.667865, 40.326015], [-3.667995, 40.325909], [-3.668048, 40.325866], [-3.668206, 40.325762], [-3.668264, 40.325721], [-3.668335, 40.325671], [-3.668345, 40.325665], [-3.668537, 40.325546], [-3.668659, 40.325471], [-3.668704, 40.325446], [-3.668863, 40.325354], [-3.669001, 40.325285], [-3.669023, 40.325274], [-3.669148, 40.325219], [-3.669203, 40.325194], [-3.66936, 40.325125], [-3.669493, 40.325063], [-3.669506, 40.325057], [-3.669687, 40.325024], [-3.669854, 40.324995], [-3.669979, 40.324983], [-3.670154, 40.324978], [-3.670257, 40.324975], [-3.670454, 40.324972], [-3.670575, 40.325009], [-3.670592, 40.325016], [-3.67066, 40.325044], [-3.670721, 40.32508], [-3.670746, 40.325095], [-3.670856, 40.32514], [-3.671044, 40.325207], [-3.671257, 40.32527], [-3.671505, 40.325336], [-3.671739, 40.3254], [-3.671763, 40.325408], [-3.672019, 40.325488], [-3.672232, 40.325552], [-3.672292, 40.32557], [-3.672308, 40.325575], [-3.672438, 40.32561], [-3.672551, 40.325634], [-3.672601, 40.325644], [-3.672729, 40.325674], [-3.672909, 40.325726], [-3.673064, 40.325776], [-3.673075, 40.325779], [-3.673268, 40.325831], [-3.673275, 40.325833], [-3.67351, 40.325894], [-3.673689, 40.325937], [-3.674028, 40.325994], [-3.674138, 40.326011], [-3.674197, 40.326019], [-3.67426, 40.326028], [-3.674357, 40.326041], [-3.674559, 40.326046], [-3.674564, 40.326046], [-3.674569, 40.326046], [-3.6749, 40.32605], [-3.674971, 40.32605], [-3.675226, 40.326053], [-3.675391, 40.326047], [-3.675542, 40.326042], [-3.675844, 40.326052], [-3.675909, 40.326054], [-3.676053, 40.326068], [-3.676323, 40.326142], [-3.676445, 40.32618], [-3.676786, 40.326287], [-3.676972, 40.326344], [-3.677109, 40.32638], [-3.6772, 40.326394], [-3.677472, 40.326396], [-3.677543, 40.326397], [-3.677752, 40.326403], [-3.678097, 40.326421], [-3.678457, 40.326442], [-3.678577, 40.326449], [-3.678651, 40.326453], [-3.678741, 40.326458], [-3.678821, 40.326464], [-3.679025, 40.326479], [-3.679071, 40.326487], [-3.679173, 40.326505], [-3.679219, 40.326492], [-3.679275, 40.326478], [-3.679651, 40.326308], [-3.679911, 40.326173], [-3.680075, 40.326074], [-3.680099, 40.326059], [-3.680101, 40.326058], [-3.680269, 40.325947], [-3.680383, 40.325849], [-3.680437, 40.325803], [-3.680629, 40.325607], [-3.68067, 40.32555], [-3.680742, 40.325442], [-3.680814, 40.325282], [-3.680821, 40.325267], [-3.680822, 40.325264], [-3.680854, 40.325182], [-3.6809, 40.32506], [-3.680947, 40.32493], [-3.680987, 40.324865], [-3.681004, 40.324849], [-3.681056, 40.324797], [-3.681103, 40.324738], [-3.681176, 40.324619], [-3.681212, 40.32456], [-3.681315, 40.32448], [-3.68151, 40.324332], [-3.681567, 40.32429], [-3.681745, 40.324161], [-3.681772, 40.324142], [-3.682009, 40.323966], [-3.682136, 40.323881], [-3.682163, 40.323863], [-3.682255, 40.323809], [-3.682352, 40.323768], [-3.682376, 40.323758], [-3.682433, 40.323732], [-3.682559, 40.323678], [-3.682651, 40.323641], [-3.682676, 40.323631], [-3.682709, 40.323617], [-3.682919, 40.323568], [-3.682951, 40.323564], [-3.683099, 40.323542], [-3.683298, 40.323504], [-3.683383, 40.323482], [-3.683401, 40.323478], [-3.683413, 40.323473], [-3.683505, 40.32344], [-3.68354, 40.323426], [-3.683592, 40.323388], [-3.683628, 40.323361], [-3.683662, 40.323333], [-3.683763, 40.32325], [-3.683829, 40.32319], [-3.683849, 40.323129], [-3.683856, 40.323109], [-3.683949, 40.323042], [-3.684159, 40.322891], [-3.684328, 40.322729], [-3.684437, 40.322616], [-3.684474, 40.322578], [-3.684517, 40.322509], [-3.684548, 40.32246], [-3.684569, 40.322426], [-3.684674, 40.322235], [-3.684696, 40.322188], [-3.685434, 40.322128], [-3.685451, 40.322126], [-3.686357, 40.322048], [-3.686593, 40.322027], [-3.68716, 40.321976], [-3.687364, 40.321956], [-3.687432, 40.32195], [-3.687667, 40.321948], [-3.687861, 40.321915], [-3.689132, 40.321561], [-3.689375, 40.321497], [-3.690927, 40.321084], [-3.691126, 40.321013], [-3.691268, 40.320962], [-3.69153, 40.320833], [-3.691681, 40.320758], [-3.692322, 40.320448], [-3.693019, 40.320109], [-3.696162, 40.322218], [-3.699625, 40.322347], [-3.703125, 40.322121], [-3.708041, 40.323014], [-3.710078, 40.323401], [-3.712543, 40.323494], [-3.712908, 40.325629], [-3.714445, 40.328059], [-3.720169, 40.330807], [-3.722689, 40.332786], [-3.723666, 40.333553], [-3.724926, 40.334986], [-3.724911, 40.3351], [-3.722998, 40.349597], [-3.721562, 40.360471], [-3.720992, 40.364786], [-3.720984, 40.364785], [-3.714153, 40.364359], [-3.709766, 40.364022], [-3.708094, 40.363943], [-3.707988, 40.363938], [-3.707102, 40.363881], [-3.707097, 40.363881], [-3.706367, 40.363817], [-3.705146, 40.363681], [-3.704901, 40.363655], [-3.704504, 40.363618], [-3.704281, 40.3636], [-3.704085, 40.363584], [-3.704017, 40.363581], [-3.704016, 40.363581], [-3.70366, 40.363565], [-3.703236, 40.363559], [-3.702617, 40.36358], [-3.702103, 40.363617], [-3.701651, 40.363672], [-3.701124, 40.363752], [-3.701073, 40.36376], [-3.700792, 40.363806], [-3.7007, 40.363826], [-3.700046, 40.363967], [-3.69934, 40.364126], [-3.69912, 40.364168], [-3.698748, 40.36424], [-3.698161, 40.364331], [-3.697447, 40.36442], [-3.697135, 40.364445], [-3.696903, 40.364462], [-3.69676, 40.364473], [-3.696599, 40.364481], [-3.696229, 40.364498], [-3.695527, 40.364516], [-3.694004, 40.364529], [-3.69387, 40.364518], [-3.693244, 40.364465], [-3.692229, 40.364385], [-3.691652, 40.364318], [-3.691248, 40.36427], [-3.690615, 40.364173], [-3.690045, 40.364059], [-3.689443, 40.363909], [-3.689025, 40.363794], [-3.68724, 40.3632], [-3.685802, 40.362709], [-3.6849, 40.362295], [-3.684305, 40.362069], [-3.68342, 40.361756], [-3.681891, 40.361197], [-3.681522, 40.360216], [-3.681509, 40.360185], [-3.681467, 40.360088], [-3.681319, 40.359917], [-3.680948, 40.359745], [-3.68074, 40.359548], [-3.679447, 40.358326], [-3.679226, 40.358156], [-3.679169, 40.358112], [-3.678777, 40.357901], [-3.678416, 40.357766], [-3.678055, 40.35763], [-3.677787, 40.357478], [-3.677668, 40.357411], [-3.677414, 40.357139], [-3.677392, 40.357105], [-3.677205, 40.356817], [-3.677087, 40.356354], [-3.676824, 40.355476], [-3.676661, 40.354947], [-3.67652, 40.354567], [-3.676349, 40.354316], [-3.676176, 40.353984], [-3.675936, 40.353807], [-3.675704, 40.353739], [-3.675499, 40.353679], [-3.675115, 40.353625], [-3.675046, 40.353616], [-3.675042, 40.353614], [-3.674612, 40.35348], [-3.674246, 40.353335], [-3.674159, 40.3533], [-3.673855, 40.353014], [-3.673761, 40.352774], [-3.673718, 40.352475], [-3.673668, 40.352133], [-3.673591, 40.351872], [-3.673545, 40.351718], [-3.673436, 40.351313], [-3.673285, 40.350904], [-3.673148, 40.350678], [-3.673115, 40.350624], [-3.673044, 40.350559], [-3.672913, 40.350438], [-3.672714, 40.350307], [-3.672523, 40.350242], [-3.67194, 40.350042], [-3.671691, 40.349953], [-3.671235, 40.34979], [-3.670599, 40.34964], [-3.670459, 40.349577], [-3.670148, 40.349437], [-3.669927, 40.349337], [-3.669714, 40.349039], [-3.669418, 40.348624], [-3.669109, 40.347705], [-3.669022, 40.347179], [-3.668966, 40.346836], [-3.669161, 40.346221], [-3.669358, 40.345836], [-3.669456, 40.345657], [-3.669455, 40.345503], [-3.669352, 40.345273], [-3.669213, 40.345134], [-3.669048, 40.344968], [-3.668817, 40.344911], [-3.668445, 40.344818], [-3.667739, 40.344621], [-3.667372, 40.344518], [-3.666367, 40.344267], [-3.66618, 40.34425], [-3.665329, 40.344171], [-3.66512, 40.344084], [-3.664658, 40.343894], [-3.664338, 40.343472], [-3.664252, 40.343359], [-3.663991, 40.342638], [-3.663944, 40.342532], [-3.663839, 40.342298], [-3.663667, 40.342087], [-3.663539, 40.341931], [-3.663273, 40.341337], [-3.662931, 40.340459], [-3.662853, 40.340322], [-3.662915, 40.340212], [-3.662941, 40.340166], [-3.663101, 40.340005], [-3.663361, 40.339743], [-3.663337, 40.339451], [-3.663231, 40.339265], [-3.663215, 40.339235], [-3.662789, 40.338911], [-3.662358, 40.338675], [-3.662201, 40.338542], [-3.662059, 40.338422], [-3.661854, 40.338216], [-3.661722, 40.338083], [-3.661623, 40.337965], [-3.661534, 40.337857], [-3.661494, 40.337602], [-3.661527, 40.337148], [-3.660956, 40.335953], [-3.660921, 40.335915], [-3.660153, 40.335085], [-3.658914, 40.333966], [-3.658698, 40.333318], [-3.658681, 40.332906], [-3.658664, 40.332483], [-3.65852, 40.332017], [-3.65841, 40.331659], [-3.658232, 40.331356], [-3.658045, 40.331034], [-3.657607, 40.329839], [-3.657519, 40.329284], [-3.657558, 40.32914], [-3.657629, 40.328875]]]}}]}