{"type": "FeatureCollection", "features": [{"id": "0", "type": "Feature", "properties": {"district": "Ciutat Vella", "color": [31, 119, 180]}, "geometry": {"type": "Polygon", "coordinates": [[[2.197344, 41.381204], [2.196778, 41.38027], [2.194871, 41.380956], [2.19391, 41.379185], [2.193567, 41.378547], [2.192906, 41.377316], [2.189493, 41.37068], [2.189908, 41.369679], [2.191087, 41.369379], [2.191554, 41.370127], [2.192041, 41.369949], [2.187824, 41.363425], [2.187166, 41.361715], [2.187237, 41.3617], [2.187138, 41.361443], [2.1869, 41.361496], [2.185416, 41.357635], [2.184533, 41.357827], [2.184723, 41.358319], [2.185211, 41.358212], [2.187021, 41.362933], [2.186482, 41.36305], [2.186628, 41.363431], [2.187234, 41.363561], [2.18925, 41.366679], [2.187864, 41.367188], [2.187553, 41.366706], [2.187269, 41.366012], [2.186787, 41.365418], [2.185944, 41.364786], [2.186201, 41.364416], [2.186885, 41.364165], [2.186703, 41.363879], [2.185924, 41.364167], [2.185564, 41.364695], [2.185292, 41.364591], [2.185077, 41.365237], [2.184901, 41.365203], [2.184747, 41.365666], [2.185287, 41.365786], [2.185387, 41.365483], [2.186623, 41.366927], [2.186881, 41.368154], [2.186459, 41.368193], [2.186509, 41.368472], [2.186906, 41.368435], [2.187215, 41.370093], [2.186979, 41.370118], [2.186746, 41.368925], [2.186464, 41.368954], [2.186283, 41.367944], [2.185069, 41.368065], [2.185136, 41.368447], [2.184546, 41.368506], [2.184896, 41.370377], [2.184486, 41.370415], [2.184573, 41.37096], [2.187079, 41.370696], [2.187134, 41.371062], [2.185657, 41.371188], [2.185867, 41.372455], [2.18735, 41.372326], [2.187478, 41.373116], [2.187102, 41.373151], [2.186741, 41.373262], [2.186854, 41.373472], [2.18672, 41.373549], [2.187066, 41.373896], [2.187411, 41.374532], [2.186662, 41.374765], [2.185988, 41.374503], [2.185682, 41.372534], [2.184835, 41.372603], [2.184138, 41.372929], [2.184285, 41.373092], [2.184876, 41.372822], [2.184922, 41.373107], [2.184314, 41.373338], [2.184394, 41.37347], [2.184942, 41.373262], [2.184992, 41.37355], [2.184369, 41.373738], [2.18444, 41.373871], [2.185016, 41.373699], [2.185062, 41.373993], [2.184398, 41.374134], [2.184453, 41.374275], [2.185086, 41.374139], [2.185133, 41.374439], [2.184464, 41.374547], [2.184502, 41.37469], [2.185156, 41.374585], [2.185204, 41.374883], [2.184652, 41.374932], [2.184677, 41.375077], [2.185217, 41.375027], [2.186738, 41.375603], [2.186799, 41.375865], [2.186567, 41.375897], [2.186611, 41.376091], [2.186843, 41.376059], [2.187219, 41.377547], [2.186328, 41.379773], [2.186197, 41.379842], [2.186125, 41.380024], [2.184715, 41.380695], [2.184204, 41.380632], [2.183568, 41.380464], [2.185026, 41.376729], [2.182856, 41.374008], [2.180998, 41.374843], [2.180797, 41.375397], [2.181513, 41.375093], [2.181426, 41.375372], [2.183186, 41.377566], [2.18245, 41.379428], [2.182407, 41.379448], [2.179581, 41.375909], [2.180794, 41.375398], [2.180996, 41.374844], [2.179542, 41.375506], [2.178868, 41.374662], [2.178203, 41.373833], [2.183134, 41.371598], [2.18208, 41.370279], [2.177639, 41.372299], [2.177618, 41.372361], [2.176904, 41.372681], [2.176842, 41.372717], [2.176845, 41.372819], [2.176397, 41.373025], [2.175664, 41.373361], [2.175608, 41.373391], [2.176388, 41.374348], [2.175189, 41.374651], [2.173217, 41.374796], [2.172735, 41.37483], [2.172711, 41.374831], [2.171904, 41.374892], [2.170056, 41.375017], [2.169612, 41.375002], [2.16856, 41.374951], [2.167851, 41.374985], [2.167636, 41.37518], [2.167441, 41.375374], [2.166539, 41.37605], [2.1661, 41.3764], [2.166078, 41.376418], [2.165461, 41.37691], [2.164673, 41.377537], [2.164667, 41.377541], [2.164344, 41.37778], [2.163236, 41.378651], [2.163114, 41.378743], [2.163345, 41.380338], [2.163344, 41.380437], [2.16348, 41.381351], [2.163524, 41.381671], [2.163586, 41.382121], [2.163618, 41.382349], [2.163626, 41.382399], [2.163873, 41.384133], [2.163885, 41.384217], [2.164032, 41.385249], [2.16405, 41.385402], [2.164851, 41.385917], [2.170048, 41.385471], [2.171379, 41.386918], [2.172297, 41.387916], [2.17275, 41.388418], [2.172797, 41.38846], [2.172817, 41.388476], [2.173439, 41.388984], [2.173755, 41.38898], [2.175841, 41.388952], [2.177367, 41.39011], [2.178485, 41.390529], [2.17984, 41.391039], [2.179861, 41.391056], [2.180199, 41.391346], [2.180218, 41.39136], [2.18135, 41.392222], [2.182394, 41.391427], [2.183465, 41.390612], [2.184605, 41.389756], [2.18687, 41.39141], [2.187947, 41.390571], [2.189188, 41.38962], [2.192561, 41.387036], [2.19297, 41.386731], [2.193367, 41.386423], [2.193561, 41.386291], [2.193635, 41.386335], [2.195779, 41.387888], [2.195909, 41.387536], [2.196405, 41.387416], [2.199728, 41.384937], [2.199557, 41.384814], [2.19916, 41.384623], [2.196422, 41.383508], [2.195424, 41.381895], [2.197344, 41.381204]]]}}, {"id": "1", "type": "Feature", "properties": {"district": "Eixample", "color": [255, 127, 14]}, "geometry": {"type": "Polygon", "coordinates": [[[2.16785, 41.374985], [2.167844, 41.374986], [2.16767, 41.374995], [2.166967, 41.375023], [2.166167, 41.375016], [2.165463, 41.375011], [2.165252, 41.375009], [2.164053, 41.375011], [2.1634, 41.37501], [2.16309, 41.375006], [2.162148, 41.37501], [2.16164, 41.375012], [2.160933, 41.375006], [2.160739, 41.375004], [2.160467, 41.375014], [2.159344, 41.375018], [2.158428, 41.375026], [2.157711, 41.375016], [2.156409, 41.375014], [2.156126, 41.375013], [2.155852, 41.375011], [2.154374, 41.375002], [2.154123, 41.375], [2.154018, 41.375001], [2.15157, 41.37501], [2.150514, 41.375006], [2.14982, 41.375295], [2.149646, 41.375367], [2.149382, 41.375475], [2.149071, 41.375679], [2.149052, 41.375691], [2.148921, 41.375763], [2.148259, 41.37626], [2.147088, 41.377137], [2.145955, 41.377987], [2.145776, 41.378125], [2.145278, 41.378545], [2.144886, 41.378825], [2.143928, 41.379542], [2.143012, 41.380255], [2.143004, 41.380264], [2.142978, 41.380286], [2.142549, 41.380653], [2.142328, 41.380842], [2.142403, 41.38206], [2.142423, 41.382391], [2.142528, 41.383885], [2.14254, 41.384069], [2.142632, 41.385473], [2.142649, 41.385651], [2.142755, 41.386604], [2.142928, 41.387611], [2.143044, 41.388231], [2.143304, 41.3892], [2.143511, 41.390081], [2.143626, 41.390495], [2.143626, 41.390496], [2.14367, 41.390687], [2.143945, 41.391448], [2.144383, 41.392384], [2.144775, 41.392429], [2.144842, 41.392486], [2.144989, 41.392611], [2.14493, 41.392877], [2.145581, 41.393046], [2.145908, 41.393129], [2.146184, 41.393197], [2.147794, 41.393599], [2.147898, 41.393626], [2.149571, 41.39406], [2.151277, 41.394493], [2.153148, 41.394968], [2.154705, 41.39535], [2.154776, 41.395367], [2.155665, 41.395592], [2.159307, 41.396512], [2.15955, 41.396685], [2.159602, 41.396722], [2.159721, 41.396804], [2.160003, 41.396998], [2.161587, 41.398206], [2.161859, 41.398407], [2.162924, 41.399211], [2.162996, 41.399266], [2.164118, 41.400117], [2.165245, 41.400972], [2.165254, 41.400979], [2.166333, 41.401792], [2.167459, 41.400929], [2.168668, 41.401831], [2.169789, 41.402671], [2.170905, 41.403502], [2.172043, 41.40435], [2.170899, 41.405231], [2.169798, 41.406081], [2.168656, 41.406966], [2.169938, 41.407928], [2.170988, 41.408727], [2.172088, 41.409549], [2.173207, 41.410394], [2.174292, 41.411206], [2.175423, 41.412041], [2.176016, 41.411631], [2.176588, 41.411181], [2.177146, 41.410749], [2.177723, 41.410302], [2.17884, 41.409471], [2.178926, 41.409434], [2.180017, 41.408575], [2.181114, 41.407751], [2.182244, 41.406896], [2.183091, 41.406245], [2.183366, 41.406034], [2.184497, 41.405181], [2.185964, 41.404073], [2.18573, 41.403832], [2.18562, 41.403661], [2.185526, 41.403319], [2.185428, 41.4032], [2.185459, 41.403107], [2.185486, 41.403039], [2.185597, 41.402818], [2.185646, 41.402731], [2.185698, 41.402642], [2.185753, 41.402545], [2.185967, 41.402467], [2.185949, 41.402441], [2.186549, 41.402278], [2.186823, 41.402289], [2.18682, 41.401766], [2.186827, 41.398268], [2.186829, 41.396895], [2.186758, 41.39669], [2.186738, 41.396633], [2.186772, 41.395488], [2.186737, 41.394906], [2.186718, 41.394594], [2.185822, 41.393938], [2.183531, 41.39226], [2.182394, 41.391427], [2.18135, 41.392222], [2.180218, 41.39136], [2.180199, 41.391346], [2.179861, 41.391056], [2.17984, 41.391039], [2.178485, 41.390529], [2.177367, 41.39011], [2.175841, 41.388952], [2.173755, 41.38898], [2.173439, 41.388984], [2.172817, 41.388476], [2.172797, 41.38846], [2.17275, 41.388418], [2.172297, 41.387916], [2.171379, 41.386918], [2.170048, 41.385471], [2.164851, 41.385917], [2.16405, 41.385402], [2.164032, 41.385249], [2.163885, 41.384217], [2.163873, 41.384133], [2.163626, 41.382399], [2.163618, 41.382349], [2.163586, 41.382121], [2.163524, 41.381671], [2.16348, 41.381351], [2.163344, 41.380437], [2.163345, 41.380338], [2.163114, 41.378743], [2.163236, 41.378651], [2.164344, 41.37778], [2.164667, 41.377541], [2.164673, 41.377537], [2.165461, 41.37691], [2.166078, 41.376418], [2.1661, 41.3764], [2.166539, 41.37605], [2.167441, 41.375374], [2.167636, 41.37518], [2.167851, 41.374985], [2.16785, 41.374985]]]}}, {"id": "2", "type": "Feature", "properties": {"district": "Gràcia", "color": [44, 160, 44]}, "geometry": {"type": "Polygon", "coordinates": [[[2.162996, 41.399266], [2.162924, 41.399211], [2.161859, 41.398407], [2.161587, 41.398206], [2.160003, 41.396998], [2.159721, 41.396804], [2.159602, 41.396722], [2.15955, 41.396685], [2.159307, 41.396512], [2.155665, 41.395592], [2.155311, 41.396292], [2.154966, 41.396735], [2.154048, 41.397673], [2.153247, 41.398449], [2.153233, 41.398462], [2.153113, 41.398573], [2.152026, 41.399658], [2.151644, 41.40005], [2.151174, 41.400534], [2.151161, 41.400739], [2.15121, 41.401057], [2.151153, 41.401471], [2.15103, 41.401671], [2.150858, 41.401874], [2.150175, 41.402776], [2.149973, 41.403043], [2.14989, 41.403226], [2.15003, 41.403746], [2.150326, 41.40413], [2.150358, 41.404351], [2.150019, 41.405211], [2.149965, 41.405425], [2.149972, 41.40558], [2.150055, 41.405788], [2.150036, 41.405944], [2.149939, 41.406125], [2.149504, 41.406481], [2.149129, 41.406792], [2.14907, 41.406832], [2.148853, 41.406701], [2.149004, 41.406569], [2.148936, 41.406525], [2.148792, 41.406647], [2.148729, 41.406602], [2.148536, 41.406757], [2.148525, 41.406766], [2.148518, 41.406761], [2.148493, 41.406763], [2.148479, 41.406775], [2.148448, 41.406753], [2.148388, 41.406802], [2.148498, 41.406879], [2.148371, 41.406979], [2.148585, 41.40714], [2.148654, 41.407191], [2.14805, 41.407676], [2.147584, 41.408062], [2.147417, 41.408238], [2.147165, 41.40855], [2.146688, 41.409163], [2.146292, 41.409677], [2.145951, 41.410107], [2.145784, 41.410482], [2.145692, 41.41068], [2.145352, 41.411096], [2.145331, 41.411122], [2.145212, 41.41121], [2.144998, 41.411327], [2.144517, 41.4114], [2.143112, 41.411506], [2.142765, 41.411537], [2.141908, 41.411619], [2.141012, 41.411725], [2.140979, 41.41173], [2.140934, 41.411737], [2.140902, 41.411742], [2.140688, 41.411864], [2.140197, 41.412221], [2.139936, 41.412421], [2.139808, 41.412543], [2.137871, 41.414027], [2.137846, 41.414047], [2.137666, 41.414194], [2.137138, 41.414368], [2.136316, 41.415128], [2.136055, 41.41537], [2.13628, 41.415977], [2.135177, 41.416981], [2.134201, 41.417797], [2.132305, 41.418542], [2.132141, 41.418568], [2.131274, 41.418216], [2.130523, 41.418316], [2.130224, 41.418666], [2.130062, 41.419113], [2.130106, 41.419373], [2.130133, 41.419509], [2.130138, 41.419568], [2.130132, 41.419607], [2.13009, 41.419649], [2.130046, 41.419662], [2.129999, 41.419658], [2.129952, 41.419636], [2.129912, 41.419609], [2.129871, 41.419574], [2.129841, 41.419546], [2.129798, 41.419517], [2.129757, 41.419487], [2.129703, 41.419462], [2.12965, 41.419446], [2.129599, 41.419436], [2.12955, 41.419433], [2.129506, 41.419438], [2.129466, 41.419448], [2.129402, 41.419475], [2.129346, 41.419507], [2.129272, 41.41953], [2.129468, 41.419509], [2.129672, 41.419563], [2.129817, 41.419761], [2.129881, 41.419999], [2.130112, 41.420091], [2.130529, 41.41994], [2.130666, 41.419824], [2.130788, 41.419552], [2.130873, 41.419447], [2.130987, 41.419394], [2.13114, 41.419389], [2.131298, 41.419471], [2.131637, 41.419641], [2.132113, 41.419806], [2.132187, 41.419878], [2.132215, 41.419962], [2.132198, 41.420047], [2.131994, 41.420272], [2.131732, 41.42061], [2.131467, 41.4209], [2.131358, 41.421], [2.131282, 41.421117], [2.131257, 41.421294], [2.131286, 41.421336], [2.13139, 41.421385], [2.131647, 41.421398], [2.132116, 41.421471], [2.132474, 41.421505], [2.13283, 41.421574], [2.132969, 41.421694], [2.13312, 41.4218], [2.133315, 41.421829], [2.133551, 41.421791], [2.133792, 41.421782], [2.134032, 41.421858], [2.134226, 41.421895], [2.134522, 41.421892], [2.134727, 41.421841], [2.135197, 41.421425], [2.135231, 41.421424], [2.135259, 41.421454], [2.135253, 41.421481], [2.135038, 41.421872], [2.134699, 41.422258], [2.134657, 41.422318], [2.134612, 41.422349], [2.134492, 41.422419], [2.134414, 41.42247], [2.134306, 41.422557], [2.134259, 41.422607], [2.134223, 41.422671], [2.134215, 41.422759], [2.134288, 41.423019], [2.134405, 41.423256], [2.134491, 41.423403], [2.134652, 41.423613], [2.134777, 41.423585], [2.134825, 41.423695], [2.134849, 41.423724], [2.134884, 41.423759], [2.134972, 41.423812], [2.135045, 41.423868], [2.135162, 41.423973], [2.135238, 41.424061], [2.135306, 41.424171], [2.135358, 41.42428], [2.135371, 41.424317], [2.135372, 41.424347], [2.135364, 41.424378], [2.135345, 41.424406], [2.135107, 41.424622], [2.13507, 41.42467], [2.135051, 41.424705], [2.135042, 41.424738], [2.135046, 41.424774], [2.135063, 41.424806], [2.135145, 41.424849], [2.135747, 41.42465], [2.135871, 41.424591], [2.136048, 41.424428], [2.136081, 41.424347], [2.136107, 41.423842], [2.136197, 41.42366], [2.136413, 41.423554], [2.137026, 41.423502], [2.137193, 41.423464], [2.137397, 41.423397], [2.137677, 41.423244], [2.137826, 41.423104], [2.138003, 41.422878], [2.138371, 41.422038], [2.138438, 41.421881], [2.138396, 41.421695], [2.138318, 41.421589], [2.138192, 41.421522], [2.137829, 41.421377], [2.137698, 41.421293], [2.137664, 41.421207], [2.137667, 41.421038], [2.137725, 41.420943], [2.137809, 41.420884], [2.138065, 41.420793], [2.138866, 41.420563], [2.14001, 41.420242], [2.140137, 41.420528], [2.140373, 41.421062], [2.140459, 41.421099], [2.140561, 41.421144], [2.140902, 41.421295], [2.141123, 41.421345], [2.141713, 41.421538], [2.141852, 41.42156], [2.142, 41.42154], [2.142121, 41.421499], [2.143251, 41.420634], [2.143772, 41.420218], [2.143878, 41.420149], [2.144041, 41.420168], [2.144045, 41.420168], [2.144185, 41.420291], [2.144532, 41.420532], [2.144687, 41.420696], [2.144823, 41.420792], [2.145147, 41.420894], [2.145682, 41.420989], [2.146938, 41.421249], [2.147758, 41.421576], [2.147811, 41.421586], [2.147905, 41.421605], [2.149312, 41.421629], [2.14939, 41.421606], [2.149483, 41.421534], [2.149509, 41.421431], [2.149529, 41.42074], [2.149525, 41.420681], [2.14952, 41.420616], [2.149355, 41.420447], [2.149356, 41.420389], [2.149393, 41.420361], [2.150116, 41.420304], [2.150222, 41.420288], [2.150972, 41.420205], [2.151286, 41.420167], [2.151601, 41.42018], [2.151746, 41.420144], [2.151714, 41.419819], [2.151675, 41.41948], [2.151608, 41.419159], [2.151413, 41.418798], [2.151115, 41.418405], [2.150937, 41.418005], [2.150928, 41.417891], [2.150968, 41.417784], [2.151236, 41.417506], [2.151748, 41.417161], [2.151899, 41.417019], [2.151928, 41.416906], [2.152694, 41.416818], [2.152933, 41.41663], [2.152943, 41.416624], [2.15315, 41.416496], [2.153661, 41.416037], [2.154165, 41.415606], [2.154521, 41.415351], [2.15466, 41.415225], [2.154757, 41.415198], [2.155032, 41.414982], [2.15511, 41.414945], [2.155227, 41.414925], [2.155338, 41.414951], [2.155437, 41.415002], [2.155454, 41.415011], [2.155583, 41.415097], [2.155873, 41.415125], [2.15617, 41.415303], [2.156385, 41.415447], [2.15655, 41.415546], [2.156663, 41.415656], [2.157168, 41.41643], [2.157227, 41.416498], [2.157368, 41.416553], [2.157458, 41.416544], [2.15759, 41.41649], [2.157899, 41.415866], [2.158192, 41.415404], [2.158527, 41.415036], [2.158911, 41.414668], [2.159295, 41.414365], [2.15962, 41.414122], [2.159986, 41.413959], [2.16003, 41.413949], [2.160495, 41.413851], [2.160721, 41.413955], [2.161049, 41.414073], [2.161166, 41.414081], [2.161362, 41.413907], [2.161387, 41.413819], [2.161395, 41.413703], [2.161318, 41.413613], [2.161303, 41.413499], [2.162018, 41.412643], [2.162053, 41.412601], [2.162329, 41.412328], [2.162641, 41.411932], [2.16349, 41.410905], [2.163902, 41.410498], [2.164279, 41.410315], [2.16441, 41.410151], [2.165159, 41.409573], [2.165874, 41.409035], [2.166492, 41.408569], [2.167137, 41.408089], [2.167804, 41.407592], [2.168656, 41.406966], [2.169798, 41.406081], [2.170899, 41.405231], [2.172043, 41.40435], [2.170905, 41.403502], [2.169789, 41.402671], [2.168668, 41.401831], [2.167459, 41.400929], [2.166333, 41.401792], [2.165254, 41.400979], [2.165245, 41.400972], [2.164118, 41.400117], [2.162996, 41.399266]]]}}, {"id": "3", "type": "Feature", "properties": {"district": "Horta-Guinardó", "color": [214, 39, 40]}, "geometry": {"type": "Polygon", "coordinates": [[[2.149529, 41.42074], [2.149509, 41.421431], [2.149483, 41.421534], [2.14939, 41.421606], [2.149312, 41.421629], [2.147905, 41.421605], [2.147811, 41.421586], [2.147758, 41.421576], [2.146938, 41.421249], [2.145682, 41.420989], [2.145147, 41.420894], [2.144823, 41.420792], [2.144687, 41.420696], [2.144532, 41.420532], [2.144185, 41.420291], [2.144045, 41.420168], [2.144041, 41.420168], [2.143878, 41.420149], [2.143772, 41.420218], [2.143251, 41.420634], [2.142121, 41.421499], [2.142, 41.42154], [2.141852, 41.42156], [2.141713, 41.421538], [2.141123, 41.421345], [2.140902, 41.421295], [2.140561, 41.421144], [2.140459, 41.421099], [2.140373, 41.421062], [2.140137, 41.420528], [2.14001, 41.420242], [2.138866, 41.420563], [2.138065, 41.420793], [2.137809, 41.420884], [2.137725, 41.420943], [2.137667, 41.421038], [2.137664, 41.421207], [2.137698, 41.421293], [2.137829, 41.421377], [2.138192, 41.421522], [2.138318, 41.421589], [2.138396, 41.421695], [2.138438, 41.421881], [2.138371, 41.422038], [2.138003, 41.422878], [2.137826, 41.423104], [2.137677, 41.423244], [2.137397, 41.423397], [2.137193, 41.423464], [2.137026, 41.423502], [2.136413, 41.423554], [2.136197, 41.42366], [2.136107, 41.423842], [2.136081, 41.424347], [2.136048, 41.424428], [2.135871, 41.424591], [2.135747, 41.42465], [2.135145, 41.424849], [2.135063, 41.424806], [2.135046, 41.424774], [2.135042, 41.424738], [2.135051, 41.424705], [2.13507, 41.42467], [2.135107, 41.424622], [2.135345, 41.424406], [2.135364, 41.424378], [2.135372, 41.424347], [2.135371, 41.424317], [2.135358, 41.42428], [2.135306, 41.424171], [2.135238, 41.424061], [2.135162, 41.423973], [2.135045, 41.423868], [2.134972, 41.423812], [2.134884, 41.423759], [2.134849, 41.423724], [2.134825, 41.423695], [2.134777, 41.423585], [2.134652, 41.423613], [2.134491, 41.423403], [2.134405, 41.423256], [2.134288, 41.423019], [2.134215, 41.422759], [2.134223, 41.422671], [2.134259, 41.422607], [2.134306, 41.422557], [2.134414, 41.42247], [2.134492, 41.422419], [2.134612, 41.422349], [2.134657, 41.422318], [2.134699, 41.422258], [2.135038, 41.421872], [2.135253, 41.421481], [2.135259, 41.421454], [2.135231, 41.421424], [2.135197, 41.421425], [2.134727, 41.421841], [2.134522, 41.421892], [2.134226, 41.421895], [2.134032, 41.421858], [2.133792, 41.421782], [2.133551, 41.421791], [2.133315, 41.421829], [2.13312, 41.4218], [2.132969, 41.421694], [2.13283, 41.421574], [2.132474, 41.421505], [2.132116, 41.421471], [2.131647, 41.421398], [2.13139, 41.421385], [2.131286, 41.421336], [2.131257, 41.421294], [2.131282, 41.421117], [2.131358, 41.421], [2.131467, 41.4209], [2.131732, 41.42061], [2.131994, 41.420272], [2.132198, 41.420047], [2.132215, 41.419962], [2.132187, 41.419878], [2.132113, 41.419806], [2.131637, 41.419641], [2.131298, 41.419471], [2.13114, 41.419389], [2.130987, 41.419394], [2.130873, 41.419447], [2.130788, 41.419552], [2.130666, 41.419824], [2.130529, 41.41994], [2.130112, 41.420091], [2.129881, 41.419999], [2.129817, 41.419761], [2.129672, 41.419563], [2.129468, 41.419509], [2.129272, 41.41953], [2.129121, 41.419586], [2.129004, 41.419676], [2.128903, 41.419871], [2.128855, 41.419913], [2.128775, 41.419924], [2.128692, 41.419906], [2.128455, 41.419726], [2.128327, 41.419699], [2.128164, 41.419734], [2.128044, 41.419718], [2.12786, 41.419603], [2.127585, 41.419499], [2.127456, 41.419377], [2.127468, 41.419214], [2.127579, 41.419162], [2.127746, 41.419114], [2.127923, 41.419032], [2.128136, 41.418811], [2.128168, 41.418736], [2.128144, 41.418652], [2.128085, 41.418561], [2.12793, 41.418446], [2.127886, 41.418393], [2.127882, 41.418333], [2.127933, 41.418254], [2.128075, 41.418138], [2.128485, 41.417914], [2.12876, 41.417666], [2.128923, 41.417501], [2.12889, 41.417448], [2.1288, 41.417487], [2.128787, 41.417469], [2.12817, 41.417744], [2.128048, 41.417799], [2.126795, 41.418357], [2.126447, 41.418512], [2.125865, 41.418769], [2.125429, 41.418961], [2.125319, 41.419009], [2.125245, 41.419039], [2.125193, 41.419059], [2.125155, 41.419075], [2.124931, 41.419156], [2.124845, 41.419181], [2.124732, 41.419212], [2.124394, 41.419354], [2.12429, 41.419398], [2.12301, 41.419944], [2.122876, 41.42], [2.122533, 41.420147], [2.122059, 41.420349], [2.121955, 41.420394], [2.121825, 41.420449], [2.121561, 41.420563], [2.121548, 41.42054], [2.121434, 41.420591], [2.121269, 41.420662], [2.121271, 41.420666], [2.121209, 41.420692], [2.121213, 41.420694], [2.121164, 41.420714], [2.121433, 41.420828], [2.121507, 41.420866], [2.121536, 41.420903], [2.121573, 41.421025], [2.121502, 41.421228], [2.121406, 41.421379], [2.121157, 41.42164], [2.120993, 41.421769], [2.120893, 41.421872], [2.120808, 41.422008], [2.120671, 41.422318], [2.120525, 41.422565], [2.120469, 41.422668], [2.120463, 41.42276], [2.120491, 41.422875], [2.120539, 41.422961], [2.120542, 41.42308], [2.120448, 41.423664], [2.12045, 41.423889], [2.120528, 41.424127], [2.121229, 41.425273], [2.121333, 41.425463], [2.121349, 41.425563], [2.121326, 41.425656], [2.121261, 41.425739], [2.121157, 41.425803], [2.121233, 41.425847], [2.121924, 41.426493], [2.121986, 41.426671], [2.122151, 41.426999], [2.122275, 41.427158], [2.122314, 41.427199], [2.122443, 41.427253], [2.122465, 41.427347], [2.12247, 41.427373], [2.122618, 41.427562], [2.122662, 41.427758], [2.122739, 41.427852], [2.12283, 41.427997], [2.122815, 41.42808], [2.122828, 41.428126], [2.122882, 41.428179], [2.123043, 41.428562], [2.123113, 41.428681], [2.123627, 41.428898], [2.123855, 41.429191], [2.123922, 41.429337], [2.126627, 41.431594], [2.126446, 41.431711], [2.12653, 41.431852], [2.126683, 41.43203], [2.127097, 41.432454], [2.127423, 41.432828], [2.128283, 41.433554], [2.12832, 41.433707], [2.128292, 41.433902], [2.128352, 41.434163], [2.128527, 41.434492], [2.128792, 41.434973], [2.128832, 41.435169], [2.12887, 41.435247], [2.129018, 41.435405], [2.129068, 41.435534], [2.129202, 41.435735], [2.129281, 41.435798], [2.129092, 41.436026], [2.129005, 41.436208], [2.128863, 41.436569], [2.128842, 41.436648], [2.128835, 41.436747], [2.12885, 41.436836], [2.129041, 41.437146], [2.129214, 41.437564], [2.12943, 41.438215], [2.129501, 41.438612], [2.129485, 41.438994], [2.129367, 41.43941], [2.129328, 41.439698], [2.129416, 41.440233], [2.129664, 41.440444], [2.129822, 41.440643], [2.12991, 41.440874], [2.129892, 41.441073], [2.129803, 41.441271], [2.129645, 41.441447], [2.129564, 41.441598], [2.129544, 41.441728], [2.129685, 41.442145], [2.129794, 41.442255], [2.129956, 41.442476], [2.129948, 41.442855], [2.13026, 41.443152], [2.130468, 41.443419], [2.130584, 41.443666], [2.130646, 41.443744], [2.130657, 41.443791], [2.130737, 41.443812], [2.130812, 41.443827], [2.131109, 41.443849], [2.131329, 41.443923], [2.131744, 41.444042], [2.132009, 41.444074], [2.132258, 41.44417], [2.132352, 41.44425], [2.132849, 41.444722], [2.132881, 41.444811], [2.132898, 41.445258], [2.132902, 41.445394], [2.132877, 41.445433], [2.132958, 41.445474], [2.13311, 41.445519], [2.133445, 41.445661], [2.133662, 41.445849], [2.133745, 41.445981], [2.133917, 41.446183], [2.133969, 41.446309], [2.13413, 41.446547], [2.13418, 41.446584], [2.134237, 41.446692], [2.134345, 41.44682], [2.134408, 41.446951], [2.134633, 41.44722], [2.134653, 41.44731], [2.134647, 41.447459], [2.134662, 41.447521], [2.134705, 41.447592], [2.13556, 41.44747], [2.135691, 41.447435], [2.135946, 41.447365], [2.13617, 41.447384], [2.136267, 41.447431], [2.136592, 41.447655], [2.136692, 41.44776], [2.136893, 41.447716], [2.137275, 41.447657], [2.137306, 41.447682], [2.137594, 41.447902], [2.137701, 41.44789], [2.137789, 41.447872], [2.138134, 41.447831], [2.139702, 41.447636], [2.140366, 41.447614], [2.140492, 41.447612], [2.140667, 41.447598], [2.140795, 41.447575], [2.140906, 41.447544], [2.141177, 41.447373], [2.141314, 41.447225], [2.141354, 41.447199], [2.141399, 41.447151], [2.141533, 41.447087], [2.141665, 41.447094], [2.141974, 41.447146], [2.142315, 41.447263], [2.142663, 41.447427], [2.143066, 41.447468], [2.143233, 41.447499], [2.143658, 41.447633], [2.143878, 41.44753], [2.144154, 41.447437], [2.144391, 41.447388], [2.144644, 41.447393], [2.14504, 41.447439], [2.145206, 41.447415], [2.145344, 41.447351], [2.1454, 41.447381], [2.14548, 41.447395], [2.145731, 41.447515], [2.145785, 41.447531], [2.146086, 41.44757], [2.146617, 41.447567], [2.146766, 41.44755], [2.146969, 41.447509], [2.147403, 41.44717], [2.147511, 41.447113], [2.147637, 41.44708], [2.147785, 41.447005], [2.148057, 41.446918], [2.148177, 41.446944], [2.148661, 41.446789], [2.14877, 41.44682], [2.149096, 41.447064], [2.149289, 41.447181], [2.149455, 41.447257], [2.149643, 41.447305], [2.14979, 41.447315], [2.150558, 41.447291], [2.151475, 41.447355], [2.151597, 41.447331], [2.151689, 41.447303], [2.151931, 41.447269], [2.152105, 41.447294], [2.152344, 41.447373], [2.152619, 41.44752], [2.152802, 41.447666], [2.153136, 41.448221], [2.153318, 41.448517], [2.153346, 41.44869], [2.153394, 41.44881], [2.153468, 41.448914], [2.153528, 41.448978], [2.153658, 41.449086], [2.153736, 41.449136], [2.153951, 41.449243], [2.154171, 41.449329], [2.154367, 41.449372], [2.154529, 41.449394], [2.15488, 41.449487], [2.154985, 41.449515], [2.155354, 41.449721], [2.155836, 41.449901], [2.155971, 41.449923], [2.156426, 41.449929], [2.15661, 41.449891], [2.157185, 41.449665], [2.157304, 41.449605], [2.157523, 41.449631], [2.15773, 41.449706], [2.159104, 41.45042], [2.159124, 41.450462], [2.159185, 41.450361], [2.159378, 41.450192], [2.159481, 41.449963], [2.15949, 41.44977], [2.159437, 41.449632], [2.159423, 41.449599], [2.159429, 41.449504], [2.159426, 41.449439], [2.159352, 41.449395], [2.159011, 41.448915], [2.158353, 41.448109], [2.158085, 41.44785], [2.157754, 41.447606], [2.157612, 41.447523], [2.157393, 41.447461], [2.157122, 41.447461], [2.157049, 41.447415], [2.157047, 41.447345], [2.15711, 41.447275], [2.157451, 41.447096], [2.157532, 41.446953], [2.157557, 41.446854], [2.157541, 41.446664], [2.157228, 41.446029], [2.157107, 41.445974], [2.156115, 41.445783], [2.155826, 41.445793], [2.155712, 41.445742], [2.15567, 41.445688], [2.155682, 41.445623], [2.155745, 41.445548], [2.155969, 41.44554], [2.156235, 41.445502], [2.156577, 41.445361], [2.156799, 41.445231], [2.15707, 41.445067], [2.157383, 41.445023], [2.157516, 41.444986], [2.157587, 41.444949], [2.157826, 41.444748], [2.157898, 41.444624], [2.157973, 41.44429], [2.158041, 41.444141], [2.158268, 41.444015], [2.158335, 41.443934], [2.158445, 41.443735], [2.158503, 41.443429], [2.158545, 41.443355], [2.158704, 41.442984], [2.158868, 41.442767], [2.159065, 41.442505], [2.159198, 41.442374], [2.159391, 41.442256], [2.159702, 41.44215], [2.159789, 41.442276], [2.15996, 41.44239], [2.159997, 41.442353], [2.160129, 41.442204], [2.160334, 41.442136], [2.16081, 41.441933], [2.160973, 41.441859], [2.161101, 41.441798], [2.161542, 41.441608], [2.161685, 41.441632], [2.162201, 41.441412], [2.162312, 41.441386], [2.162512, 41.441383], [2.162632, 41.441381], [2.162721, 41.441332], [2.162792, 41.441218], [2.162795, 41.441035], [2.162768, 41.440967], [2.162707, 41.440862], [2.162631, 41.440836], [2.162278, 41.440823], [2.162139, 41.440802], [2.162056, 41.44079], [2.161925, 41.440752], [2.161808, 41.440684], [2.161671, 41.440532], [2.161523, 41.440207], [2.161498, 41.440014], [2.161528, 41.439929], [2.161584, 41.439775], [2.161614, 41.439589], [2.161799, 41.439255], [2.161993, 41.438997], [2.162328, 41.438668], [2.162509, 41.438545], [2.162862, 41.438342], [2.163682, 41.437886], [2.163617, 41.437824], [2.163423, 41.437638], [2.163302, 41.437523], [2.163152, 41.437379], [2.163131, 41.437358], [2.163157, 41.437356], [2.163272, 41.437347], [2.163211, 41.437288], [2.163286, 41.437244], [2.163375, 41.437192], [2.16353, 41.437102], [2.163447, 41.436986], [2.163355, 41.436857], [2.163246, 41.436704], [2.163232, 41.436684], [2.163157, 41.436579], [2.164268, 41.436281], [2.163729, 41.434926], [2.1636, 41.434536], [2.163485, 41.434188], [2.163483, 41.434182], [2.163463, 41.434125], [2.163363, 41.433792], [2.163149, 41.43308], [2.163133, 41.432987], [2.163085, 41.432715], [2.163106, 41.432442], [2.163139, 41.432263], [2.16316, 41.432154], [2.163201, 41.432081], [2.163312, 41.431884], [2.163829, 41.43108], [2.163834, 41.431072], [2.163951, 41.430846], [2.164339, 41.430655], [2.164635, 41.430501], [2.16529, 41.430117], [2.166177, 41.429601], [2.165905, 41.429459], [2.165686, 41.4294], [2.165682, 41.429335], [2.165574, 41.429259], [2.165561, 41.429207], [2.165536, 41.429189], [2.165496, 41.429155], [2.165474, 41.429145], [2.165448, 41.429132], [2.165319, 41.429085], [2.165177, 41.429075], [2.164806, 41.428858], [2.164675, 41.428776], [2.163644, 41.428113], [2.1637, 41.428036], [2.16374, 41.428023], [2.163943, 41.427956], [2.164427, 41.42788], [2.164825, 41.427822], [2.164998, 41.427796], [2.165382, 41.427738], [2.166012, 41.427684], [2.166746, 41.427625], [2.167137, 41.427579], [2.167288, 41.427563], [2.167419, 41.427548], [2.168396, 41.427409], [2.169969, 41.427173], [2.170025, 41.427165], [2.170155, 41.427158], [2.170236, 41.427134], [2.171052, 41.426896], [2.172357, 41.42652], [2.17353, 41.426186], [2.175576, 41.425603], [2.175664, 41.425579], [2.176164, 41.42544], [2.176545, 41.425002], [2.176815, 41.424678], [2.176957, 41.424513], [2.177639, 41.423787], [2.178259, 41.423132], [2.17862, 41.422731], [2.178976, 41.422345], [2.179429, 41.421858], [2.179742, 41.421524], [2.179783, 41.42148], [2.180301, 41.420931], [2.180642, 41.420538], [2.180757, 41.420365], [2.180827, 41.420167], [2.180844, 41.419992], [2.180816, 41.419773], [2.18072, 41.419391], [2.180688, 41.419246], [2.180565, 41.418717], [2.180556, 41.418659], [2.180519, 41.418433], [2.180511, 41.418377], [2.180432, 41.417815], [2.180412, 41.417537], [2.180396, 41.417084], [2.180414, 41.416497], [2.180424, 41.416288], [2.180452, 41.415862], [2.180233, 41.415577], [2.179551, 41.415077], [2.179012, 41.414683], [2.178842, 41.41456], [2.177666, 41.413708], [2.176646, 41.412951], [2.175423, 41.412041], [2.174292, 41.411206], [2.173207, 41.410394], [2.172088, 41.409549], [2.170988, 41.408727], [2.169938, 41.407928], [2.168656, 41.406966], [2.167804, 41.407592], [2.167137, 41.408089], [2.166492, 41.408569], [2.165874, 41.409035], [2.165159, 41.409573], [2.16441, 41.410151], [2.164279, 41.410315], [2.163902, 41.410498], [2.16349, 41.410905], [2.162641, 41.411932], [2.162329, 41.412328], [2.162053, 41.412601], [2.162018, 41.412643], [2.161303, 41.413499], [2.161318, 41.413613], [2.161395, 41.413703], [2.161387, 41.413819], [2.161362, 41.413907], [2.161166, 41.414081], [2.161049, 41.414073], [2.160721, 41.413955], [2.160495, 41.413851], [2.16003, 41.413949], [2.159986, 41.413959], [2.15962, 41.414122], [2.159295, 41.414365], [2.158911, 41.414668], [2.158527, 41.415036], [2.158192, 41.415404], [2.157899, 41.415866], [2.15759, 41.41649], [2.157458, 41.416544], [2.157368, 41.416553], [2.157227, 41.416498], [2.157168, 41.41643], [2.156663, 41.415656], [2.15655, 41.415546], [2.156385, 41.415447], [2.15617, 41.415303], [2.155873, 41.415125], [2.155583, 41.415097], [2.155454, 41.415011], [2.155437, 41.415002], [2.155338, 41.414951], [2.155227, 41.414925], [2.15511, 41.414945], [2.155032, 41.414982], [2.154757, 41.415198], [2.15466, 41.415225], [2.154521, 41.415351], [2.154165, 41.415606], [2.153661, 41.416037], [2.15315, 41.416496], [2.152943, 41.416624], [2.152933, 41.41663], [2.152694, 41.416818], [2.151928, 41.416906], [2.151899, 41.417019], [2.151748, 41.417161], [2.151236, 41.417506], [2.150968, 41.417784], [2.150928, 41.417891], [2.150937, 41.418005], [2.151115, 41.418405], [2.151413, 41.418798], [2.151608, 41.419159], [2.151675, 41.41948], [2.151714, 41.419819], [2.151746, 41.420144], [2.151601, 41.42018], [2.151286, 41.420167], [2.150972, 41.420205], [2.150222, 41.420288], [2.150116, 41.420304], [2.149393, 41.420361], [2.149356, 41.420389], [2.149355, 41.420447], [2.14952, 41.420616], [2.149525, 41.420681], [2.149529, 41.42074]]]}}, {"id": "4", "type": "Feature", "properties": {"district": "Les Corts", "color": [148, 103, 189]}, "geometry": {"type": "Polygon", "coordinates": [[[2.129126, 41.379425], [2.127524, 41.378508], [2.127324, 41.378404], [2.126968, 41.378226], [2.126248, 41.377791], [2.125741, 41.377482], [2.125286, 41.377213], [2.124712, 41.376873], [2.123731, 41.37626], [2.122816, 41.375683], [2.121822, 41.375731], [2.121787, 41.375848], [2.12177, 41.376523], [2.12177, 41.377085], [2.12179, 41.377292], [2.121777, 41.377448], [2.121778, 41.377487], [2.121704, 41.377707], [2.121562, 41.378026], [2.12146, 41.377982], [2.121442, 41.377971], [2.119698, 41.37695], [2.118816, 41.376414], [2.117849, 41.375827], [2.11735, 41.37582], [2.116896, 41.375837], [2.114239, 41.375895], [2.113199, 41.375921], [2.112383, 41.375923], [2.109272, 41.375982], [2.109292, 41.376528], [2.109256, 41.377118], [2.108764, 41.377832], [2.10865, 41.377948], [2.108578, 41.377972], [2.108464, 41.377974], [2.10841, 41.377961], [2.10835, 41.377981], [2.108306, 41.378], [2.108278, 41.378032], [2.108234, 41.37812], [2.108194, 41.378219], [2.107972, 41.378361], [2.107675, 41.378517], [2.10713, 41.378707], [2.106965, 41.378752], [2.106488, 41.378819], [2.106327, 41.37888], [2.106193, 41.378966], [2.106095, 41.379009], [2.10603, 41.379048], [2.105969, 41.379111], [2.105921, 41.379175], [2.105794, 41.379356], [2.105721, 41.379424], [2.105661, 41.379448], [2.104931, 41.379442], [2.10475, 41.379422], [2.104593, 41.379451], [2.104162, 41.379685], [2.103715, 41.379958], [2.102535, 41.380668], [2.102151, 41.380867], [2.101864, 41.381125], [2.101539, 41.38171], [2.101524, 41.381744], [2.101472, 41.381914], [2.101479, 41.382122], [2.10168, 41.383574], [2.102382, 41.383614], [2.102615, 41.383721], [2.102888, 41.38395], [2.103126, 41.384181], [2.1032, 41.384254], [2.103271, 41.384322], [2.103372, 41.384377], [2.103567, 41.384686], [2.103575, 41.38474], [2.103475, 41.384841], [2.103298, 41.384958], [2.103279, 41.384974], [2.103271, 41.384987], [2.103261, 41.385072], [2.103153, 41.38511], [2.103061, 41.38513], [2.103042, 41.385135], [2.103033, 41.385142], [2.10301, 41.385161], [2.102993, 41.38518], [2.102986, 41.385197], [2.102976, 41.385253], [2.102924, 41.385276], [2.102859, 41.38531], [2.102835, 41.385328], [2.102829, 41.385347], [2.102819, 41.385435], [2.102734, 41.38549], [2.102751, 41.385537], [2.102668, 41.385591], [2.102645, 41.385683], [2.10254, 41.385699], [2.102425, 41.385744], [2.102342, 41.385831], [2.10235, 41.385901], [2.102313, 41.385939], [2.102282, 41.385987], [2.102249, 41.386012], [2.102158, 41.386037], [2.101981, 41.386154], [2.101947, 41.386191], [2.10186, 41.386296], [2.101616, 41.386514], [2.101501, 41.386569], [2.101334, 41.386727], [2.100995, 41.386972], [2.101059, 41.38703], [2.101111, 41.387062], [2.10121, 41.387111], [2.10141, 41.387192], [2.101592, 41.387242], [2.102043, 41.387342], [2.102123, 41.387384], [2.102117, 41.387401], [2.101997, 41.387444], [2.1019, 41.387464], [2.101789, 41.387514], [2.101494, 41.387739], [2.101327, 41.387845], [2.101112, 41.387893], [2.101032, 41.387903], [2.10076, 41.388005], [2.100504, 41.388216], [2.100392, 41.388589], [2.100258, 41.388981], [2.100223, 41.389058], [2.100201, 41.38914], [2.100087, 41.389902], [2.100044, 41.39001], [2.099969, 41.390262], [2.099918, 41.390593], [2.099985, 41.390823], [2.099928, 41.39102], [2.099884, 41.391182], [2.09989, 41.391255], [2.099869, 41.391621], [2.099902, 41.391913], [2.099805, 41.392067], [2.099519, 41.392327], [2.099174, 41.392767], [2.098972, 41.392918], [2.098827, 41.393015], [2.098597, 41.393114], [2.098369, 41.39316], [2.098032, 41.393255], [2.097961, 41.393331], [2.097921, 41.393393], [2.097875, 41.393783], [2.097874, 41.393954], [2.097956, 41.394057], [2.098014, 41.394134], [2.09819, 41.394287], [2.098297, 41.394435], [2.098414, 41.394665], [2.098475, 41.394903], [2.098632, 41.395054], [2.09876, 41.395157], [2.099023, 41.395365], [2.099027, 41.395548], [2.099004, 41.39573], [2.099202, 41.396027], [2.09937, 41.396248], [2.099596, 41.396407], [2.099763, 41.396578], [2.099995, 41.396977], [2.10009, 41.397329], [2.100163, 41.397439], [2.100328, 41.397741], [2.100416, 41.397897], [2.10045, 41.397958], [2.100487, 41.398487], [2.100507, 41.398549], [2.100808, 41.398719], [2.101091, 41.398872], [2.101491, 41.399011], [2.101626, 41.399107], [2.101789, 41.399277], [2.101949, 41.399362], [2.102072, 41.399455], [2.10216, 41.399583], [2.102162, 41.399915], [2.102366, 41.400267], [2.102519, 41.400521], [2.102578, 41.400652], [2.102538, 41.401049], [2.102546, 41.401121], [2.102603, 41.401122], [2.10276, 41.401088], [2.102841, 41.401083], [2.102916, 41.401095], [2.102949, 41.401102], [2.102979, 41.401105], [2.103011, 41.401104], [2.103064, 41.401095], [2.103091, 41.401091], [2.103122, 41.401089], [2.103151, 41.40109], [2.103182, 41.401096], [2.103221, 41.401102], [2.103331, 41.401115], [2.10342, 41.401103], [2.103518, 41.401087], [2.103612, 41.401066], [2.103687, 41.401047], [2.103776, 41.401024], [2.10384, 41.401006], [2.104001, 41.400957], [2.1044, 41.400831], [2.104591, 41.40077], [2.104916, 41.400683], [2.10532, 41.400646], [2.105352, 41.400637], [2.105424, 41.400615], [2.105444, 41.400604], [2.105462, 41.400588], [2.105481, 41.400571], [2.105504, 41.40053], [2.105517, 41.400511], [2.105535, 41.400491], [2.105555, 41.400475], [2.105574, 41.400463], [2.105593, 41.400454], [2.105612, 41.400446], [2.105631, 41.400443], [2.105647, 41.400445], [2.105667, 41.400448], [2.105687, 41.400448], [2.105707, 41.400439], [2.105728, 41.400431], [2.105809, 41.400408], [2.105833, 41.400397], [2.105885, 41.400372], [2.10591, 41.400362], [2.105925, 41.400359], [2.105948, 41.400356], [2.105968, 41.400347], [2.106015, 41.40033], [2.106031, 41.400321], [2.106049, 41.400304], [2.106279, 41.400214], [2.106334, 41.4002], [2.106363, 41.400191], [2.106399, 41.400176], [2.106444, 41.400153], [2.10647, 41.400143], [2.106483, 41.400138], [2.106526, 41.400129], [2.10654, 41.400119], [2.106566, 41.400109], [2.106609, 41.400083], [2.106662, 41.400064], [2.106692, 41.400049], [2.106713, 41.400035], [2.106734, 41.400016], [2.106746, 41.400001], [2.106761, 41.399988], [2.106792, 41.399968], [2.106808, 41.399953], [2.106825, 41.39994], [2.106907, 41.399902], [2.106955, 41.399873], [2.106965, 41.399867], [2.106982, 41.39986], [2.107009, 41.39985], [2.107062, 41.399822], [2.10708, 41.39981], [2.107098, 41.399793], [2.10711, 41.399769], [2.107135, 41.399745], [2.107154, 41.399713], [2.107177, 41.399675], [2.107195, 41.399656], [2.107207, 41.399639], [2.107216, 41.399623], [2.107222, 41.399601], [2.107228, 41.399568], [2.10724, 41.399549], [2.107269, 41.3995], [2.107282, 41.399477], [2.107296, 41.399457], [2.107307, 41.399434], [2.107319, 41.399418], [2.107342, 41.399403], [2.107368, 41.399389], [2.107406, 41.399369], [2.107471, 41.399331], [2.107515, 41.39931], [2.10754, 41.399299], [2.107616, 41.399278], [2.107658, 41.399264], [2.107714, 41.399255], [2.107744, 41.399244], [2.107768, 41.399231], [2.10819, 41.39884], [2.10826, 41.398684], [2.108275, 41.398658], [2.10829, 41.398645], [2.108307, 41.398633], [2.108337, 41.398615], [2.108353, 41.398607], [2.10843, 41.398566], [2.108654, 41.398451], [2.108752, 41.398312], [2.108728, 41.398293], [2.108714, 41.39828], [2.108706, 41.39825], [2.108715, 41.398196], [2.108778, 41.398047], [2.108793, 41.39801], [2.10888, 41.39783], [2.108898, 41.397788], [2.10896, 41.39769], [2.108974, 41.397662], [2.108975, 41.397634], [2.108962, 41.397603], [2.108953, 41.397588], [2.108951, 41.397577], [2.108951, 41.397567], [2.108955, 41.397555], [2.109005, 41.397468], [2.109014, 41.39746], [2.109027, 41.397444], [2.109054, 41.397418], [2.109152, 41.397344], [2.109222, 41.397299], [2.109246, 41.397285], [2.109267, 41.397269], [2.109292, 41.397245], [2.10932, 41.39721], [2.109334, 41.397183], [2.109339, 41.397139], [2.109353, 41.397013], [2.109584, 41.396758], [2.10984, 41.396161], [2.110273, 41.395838], [2.110479, 41.395809], [2.110598, 41.395813], [2.111144, 41.395915], [2.111821, 41.396258], [2.112148, 41.396486], [2.112694, 41.396996], [2.11315, 41.397248], [2.114393, 41.396542], [2.114696, 41.396376], [2.115813, 41.39577], [2.116492, 41.395567], [2.116927, 41.395485], [2.11729, 41.395379], [2.117592, 41.395234], [2.117883, 41.395057], [2.118093, 41.394833], [2.11825, 41.394624], [2.118388, 41.394377], [2.118443, 41.394081], [2.118421, 41.393452], [2.118333, 41.393101], [2.11814, 41.39282], [2.117966, 41.392596], [2.117538, 41.392186], [2.117762, 41.392028], [2.11822, 41.391848], [2.118687, 41.391748], [2.11956, 41.391483], [2.119815, 41.391374], [2.119889, 41.391329], [2.120039, 41.391248], [2.120385, 41.390946], [2.1205, 41.390845], [2.120619, 41.390686], [2.120685, 41.390511], [2.120793, 41.390328], [2.120913, 41.390082], [2.121785, 41.390423], [2.122557, 41.390717], [2.12301, 41.390848], [2.123117, 41.39086], [2.123201, 41.390865], [2.123877, 41.391035], [2.1256, 41.391473], [2.127051, 41.39185], [2.129393, 41.392456], [2.129576, 41.392506], [2.129764, 41.392558], [2.129947, 41.39254], [2.130633, 41.392472], [2.131738, 41.392306], [2.132484, 41.392194], [2.134833, 41.39184], [2.136436, 41.391584], [2.137579, 41.391401], [2.138327, 41.391253], [2.139317, 41.391481], [2.141857, 41.392093], [2.142813, 41.392319], [2.14402, 41.392613], [2.144383, 41.392384], [2.143945, 41.391448], [2.14367, 41.390687], [2.143626, 41.390496], [2.143626, 41.390495], [2.143511, 41.390081], [2.143304, 41.3892], [2.143044, 41.388231], [2.142928, 41.387611], [2.142755, 41.386604], [2.142649, 41.385651], [2.142632, 41.385473], [2.142383, 41.385365], [2.142192, 41.385262], [2.141732, 41.384918], [2.140334, 41.38396], [2.140248, 41.383896], [2.139055, 41.383217], [2.13821, 41.382821], [2.137577, 41.382577], [2.136271, 41.382083], [2.136194, 41.382048], [2.13548, 41.381799], [2.133557, 41.381143], [2.132396, 41.380826], [2.131735, 41.38065], [2.131413, 41.380525], [2.130717, 41.380202], [2.130207, 41.379971], [2.129899, 41.379822], [2.129412, 41.379586], [2.129145, 41.379435], [2.129142, 41.379434], [2.129126, 41.379425]]]}}, {"id": "5", "type": "Feature", "properties": {"district": "Nou Barris", "color": [140, 86, 75]}, "geometry": {"type": "Polygon", "coordinates": [[[2.183027, 41.430178], [2.18312, 41.429986], [2.184099, 41.428656], [2.184105, 41.428648], [2.184691, 41.427833], [2.184347, 41.427627], [2.184299, 41.427629], [2.182536, 41.427697], [2.179816, 41.427804], [2.179326, 41.427849], [2.179183, 41.427873], [2.178936, 41.427915], [2.177325, 41.42816], [2.177246, 41.427778], [2.177236, 41.427732], [2.177237, 41.427115], [2.177231, 41.427053], [2.177233, 41.426883], [2.177306, 41.426802], [2.177368, 41.425486], [2.176164, 41.42544], [2.175664, 41.425579], [2.175576, 41.425603], [2.17353, 41.426186], [2.172357, 41.42652], [2.171052, 41.426896], [2.170236, 41.427134], [2.170155, 41.427158], [2.170025, 41.427165], [2.169969, 41.427173], [2.168396, 41.427409], [2.167419, 41.427548], [2.167288, 41.427563], [2.167137, 41.427579], [2.166746, 41.427625], [2.166012, 41.427684], [2.165382, 41.427738], [2.164998, 41.427796], [2.164825, 41.427822], [2.164427, 41.42788], [2.163943, 41.427956], [2.16374, 41.428023], [2.1637, 41.428036], [2.163644, 41.428113], [2.164675, 41.428776], [2.164806, 41.428858], [2.165177, 41.429075], [2.165319, 41.429085], [2.165448, 41.429132], [2.165474, 41.429145], [2.165496, 41.429155], [2.165536, 41.429189], [2.165561, 41.429207], [2.165574, 41.429259], [2.165682, 41.429335], [2.165686, 41.4294], [2.165905, 41.429459], [2.166177, 41.429601], [2.16529, 41.430117], [2.164635, 41.430501], [2.164339, 41.430655], [2.163951, 41.430846], [2.163834, 41.431072], [2.163829, 41.43108], [2.163312, 41.431884], [2.163201, 41.432081], [2.16316, 41.432154], [2.163139, 41.432263], [2.163106, 41.432442], [2.163085, 41.432715], [2.163133, 41.432987], [2.163149, 41.43308], [2.163363, 41.433792], [2.163463, 41.434125], [2.163483, 41.434182], [2.163485, 41.434188], [2.1636, 41.434536], [2.163729, 41.434926], [2.164268, 41.436281], [2.163157, 41.436579], [2.163232, 41.436684], [2.163246, 41.436704], [2.163355, 41.436857], [2.163447, 41.436986], [2.16353, 41.437102], [2.163375, 41.437192], [2.163286, 41.437244], [2.163211, 41.437288], [2.163272, 41.437347], [2.163157, 41.437356], [2.163131, 41.437358], [2.163152, 41.437379], [2.163302, 41.437523], [2.163423, 41.437638], [2.163617, 41.437824], [2.163682, 41.437886], [2.162862, 41.438342], [2.162509, 41.438545], [2.162328, 41.438668], [2.161993, 41.438997], [2.161799, 41.439255], [2.161614, 41.439589], [2.161584, 41.439775], [2.161528, 41.439929], [2.161498, 41.440014], [2.161523, 41.440207], [2.161671, 41.440532], [2.161808, 41.440684], [2.161925, 41.440752], [2.162056, 41.44079], [2.162139, 41.440802], [2.162278, 41.440823], [2.162631, 41.440836], [2.162707, 41.440862], [2.162768, 41.440967], [2.162795, 41.441035], [2.162792, 41.441218], [2.162721, 41.441332], [2.162632, 41.441381], [2.162512, 41.441383], [2.162312, 41.441386], [2.162201, 41.441412], [2.161685, 41.441632], [2.161542, 41.441608], [2.161101, 41.441798], [2.160973, 41.441859], [2.16081, 41.441933], [2.160334, 41.442136], [2.160129, 41.442204], [2.159997, 41.442353], [2.15996, 41.44239], [2.159789, 41.442276], [2.159702, 41.44215], [2.159391, 41.442256], [2.159198, 41.442374], [2.159065, 41.442505], [2.158868, 41.442767], [2.158704, 41.442984], [2.158545, 41.443355], [2.158503, 41.443429], [2.158445, 41.443735], [2.158335, 41.443934], [2.158268, 41.444015], [2.158041, 41.444141], [2.157973, 41.44429], [2.157898, 41.444624], [2.157826, 41.444748], [2.157587, 41.444949], [2.157516, 41.444986], [2.157383, 41.445023], [2.15707, 41.445067], [2.156799, 41.445231], [2.156577, 41.445361], [2.156235, 41.445502], [2.155969, 41.44554], [2.155745, 41.445548], [2.155682, 41.445623], [2.15567, 41.445688], [2.155712, 41.445742], [2.155826, 41.445793], [2.156115, 41.445783], [2.157107, 41.445974], [2.157228, 41.446029], [2.157541, 41.446664], [2.157557, 41.446854], [2.157532, 41.446953], [2.157451, 41.447096], [2.15711, 41.447275], [2.157047, 41.447345], [2.157049, 41.447415], [2.157122, 41.447461], [2.157393, 41.447461], [2.157612, 41.447523], [2.157754, 41.447606], [2.158085, 41.44785], [2.158353, 41.448109], [2.159011, 41.448915], [2.159352, 41.449395], [2.159426, 41.449439], [2.159429, 41.449504], [2.159423, 41.449599], [2.159437, 41.449632], [2.15949, 41.44977], [2.159481, 41.449963], [2.159378, 41.450192], [2.159185, 41.450361], [2.159124, 41.450462], [2.159151, 41.450518], [2.159637, 41.450517], [2.159985, 41.450467], [2.160226, 41.4504], [2.162113, 41.450207], [2.163725, 41.449777], [2.163812, 41.449783], [2.164084, 41.449823], [2.164106, 41.449826], [2.164247, 41.449901], [2.165656, 41.451479], [2.165057, 41.452635], [2.164987, 41.454564], [2.164855, 41.454756], [2.164435, 41.455156], [2.164142, 41.455483], [2.163808, 41.455892], [2.164444, 41.456836], [2.164608, 41.457115], [2.165005, 41.458067], [2.166013, 41.458605], [2.166855, 41.459081], [2.167195, 41.459582], [2.167352, 41.459615], [2.167899, 41.459848], [2.167964, 41.459877], [2.167993, 41.459903], [2.168021, 41.459927], [2.168033, 41.459935], [2.168091, 41.459974], [2.168152, 41.460027], [2.16819, 41.460071], [2.168244, 41.460159], [2.168269, 41.460229], [2.16828, 41.46028], [2.168703, 41.460347], [2.168896, 41.46044], [2.16895, 41.460465], [2.169284, 41.460576], [2.169378, 41.460601], [2.169542, 41.460631], [2.16982, 41.460655], [2.169939, 41.460683], [2.170123, 41.46074], [2.170153, 41.460761], [2.170285, 41.46078], [2.170461, 41.460895], [2.170561, 41.460949], [2.170601, 41.460957], [2.170675, 41.460959], [2.170882, 41.461025], [2.170989, 41.461031], [2.171098, 41.461023], [2.171178, 41.461016], [2.171251, 41.461065], [2.171298, 41.461076], [2.171361, 41.46106], [2.171547, 41.460983], [2.171638, 41.460994], [2.171815, 41.461213], [2.171865, 41.461265], [2.171915, 41.461293], [2.17197, 41.461454], [2.171998, 41.461503], [2.172015, 41.461518], [2.172055, 41.461528], [2.172228, 41.461616], [2.172361, 41.461704], [2.172448, 41.461743], [2.172849, 41.461998], [2.173034, 41.46212], [2.173386, 41.462263], [2.17353, 41.462306], [2.173722, 41.462494], [2.173846, 41.462615], [2.174453, 41.463203], [2.175002, 41.463483], [2.175365, 41.46361], [2.176335, 41.46387], [2.177293, 41.464152], [2.177332, 41.464164], [2.178441, 41.464394], [2.178553, 41.464418], [2.178716, 41.464433], [2.178801, 41.464467], [2.178841, 41.464479], [2.178857, 41.464483], [2.17908, 41.464523], [2.179197, 41.464546], [2.179261, 41.464559], [2.179765, 41.464665], [2.180373, 41.464783], [2.180405, 41.464813], [2.180404, 41.464883], [2.179872, 41.465657], [2.179974, 41.465791], [2.180064, 41.465874], [2.180138, 41.46592], [2.180171, 41.46594], [2.18018, 41.466015], [2.180226, 41.466014], [2.180254, 41.466145], [2.180288, 41.466154], [2.180353, 41.466378], [2.180448, 41.466486], [2.180469, 41.466624], [2.180339, 41.466602], [2.180048, 41.466243], [2.17958, 41.465989], [2.179546, 41.46598], [2.179496, 41.465976], [2.179418, 41.465992], [2.179062, 41.466394], [2.179012, 41.466465], [2.178911, 41.466724], [2.178883, 41.467298], [2.178853, 41.467615], [2.178861, 41.467727], [2.178902, 41.467891], [2.179676, 41.467551], [2.180617, 41.467682], [2.180751, 41.467687], [2.180955, 41.467695], [2.181571, 41.467796], [2.181988, 41.46792], [2.182372, 41.467965], [2.182463, 41.467966], [2.182719, 41.468003], [2.182752, 41.468058], [2.182991, 41.468118], [2.183096, 41.468119], [2.183453, 41.468192], [2.183607, 41.468221], [2.18379, 41.468243], [2.183982, 41.468253], [2.18422, 41.468234], [2.184431, 41.468197], [2.184565, 41.468159], [2.184785, 41.468014], [2.185074, 41.467867], [2.185464, 41.4677], [2.186139, 41.467699], [2.186274, 41.46769], [2.186259, 41.46782], [2.18636, 41.467803], [2.186997, 41.467844], [2.187017, 41.467847], [2.187148, 41.466374], [2.187134, 41.466015], [2.187332, 41.463648], [2.187457, 41.462128], [2.187444, 41.462119], [2.187501, 41.461336], [2.187589, 41.460289], [2.187665, 41.459802], [2.187767, 41.459246], [2.187948, 41.458708], [2.188053, 41.458433], [2.188225, 41.458121], [2.188434, 41.457778], [2.188629, 41.457597], [2.188846, 41.457328], [2.188419, 41.457097], [2.188226, 41.4571], [2.18777, 41.456982], [2.187722, 41.456947], [2.187803, 41.456854], [2.188038, 41.456539], [2.188214, 41.456254], [2.188286, 41.456121], [2.188389, 41.455911], [2.188453, 41.455759], [2.188487, 41.455678], [2.18855, 41.455519], [2.188616, 41.455335], [2.18873, 41.454996], [2.1886, 41.454969], [2.188424, 41.454933], [2.188536, 41.454579], [2.188763, 41.45376], [2.188846, 41.453276], [2.188916, 41.452696], [2.188913, 41.452606], [2.188898, 41.452022], [2.188844, 41.451437], [2.188829, 41.451302], [2.188779, 41.450797], [2.188612, 41.449972], [2.188458, 41.449356], [2.188393, 41.449137], [2.188299, 41.448868], [2.188197, 41.448575], [2.187725, 41.447014], [2.187692, 41.446965], [2.187621, 41.446859], [2.187351, 41.445792], [2.186747, 41.443907], [2.186477, 41.443065], [2.186278, 41.442443], [2.186288, 41.44232], [2.186298, 41.442212], [2.186301, 41.442162], [2.185798, 41.440722], [2.185444, 41.439707], [2.185103, 41.438717], [2.185027, 41.438462], [2.184776, 41.437611], [2.18458, 41.436964], [2.184472, 41.436603], [2.184303, 41.436029], [2.184217, 41.435749], [2.184187, 41.435649], [2.183955, 41.434888], [2.183925, 41.43479], [2.183746, 41.434373], [2.183669, 41.434141], [2.183305, 41.43304], [2.183117, 41.432469], [2.182884, 41.432217], [2.182709, 41.431799], [2.182644, 41.431517], [2.182594, 41.431015], [2.182724, 41.43061], [2.18295, 41.430288], [2.183016, 41.430193], [2.183027, 41.430178]]]}}, {"id": "6", "type": "Feature", "properties": {"district": "Sant Andreu", "color": [227, 119, 194]}, "geometry": {"type": "Polygon", "coordinates": [[[2.190127, 41.414556], [2.18897, 41.413668], [2.18788, 41.414518], [2.187537, 41.414794], [2.186888, 41.415269], [2.18687, 41.415282], [2.185661, 41.416211], [2.185508, 41.416338], [2.185113, 41.416626], [2.184786, 41.416871], [2.184422, 41.417154], [2.183353, 41.417958], [2.182191, 41.417117], [2.181079, 41.416308], [2.180711, 41.416033], [2.180452, 41.415862], [2.180424, 41.416288], [2.180414, 41.416497], [2.180396, 41.417084], [2.180412, 41.417537], [2.180432, 41.417815], [2.180511, 41.418377], [2.180519, 41.418433], [2.180556, 41.418659], [2.180565, 41.418717], [2.180688, 41.419246], [2.18072, 41.419391], [2.180816, 41.419773], [2.180844, 41.419992], [2.180827, 41.420167], [2.180757, 41.420365], [2.180642, 41.420538], [2.180301, 41.420931], [2.179783, 41.42148], [2.179742, 41.421524], [2.179429, 41.421858], [2.178976, 41.422345], [2.17862, 41.422731], [2.178259, 41.423132], [2.177639, 41.423787], [2.176957, 41.424513], [2.176815, 41.424678], [2.176545, 41.425002], [2.176164, 41.42544], [2.177368, 41.425486], [2.177306, 41.426802], [2.177233, 41.426883], [2.177231, 41.427053], [2.177237, 41.427115], [2.177236, 41.427732], [2.177246, 41.427778], [2.177325, 41.42816], [2.178936, 41.427915], [2.179183, 41.427873], [2.179326, 41.427849], [2.179816, 41.427804], [2.182536, 41.427697], [2.184299, 41.427629], [2.184347, 41.427627], [2.184691, 41.427833], [2.184105, 41.428648], [2.184099, 41.428656], [2.18312, 41.429986], [2.183027, 41.430178], [2.183016, 41.430193], [2.18295, 41.430288], [2.182724, 41.43061], [2.182594, 41.431015], [2.182644, 41.431517], [2.182709, 41.431799], [2.182884, 41.432217], [2.183117, 41.432469], [2.183305, 41.43304], [2.183669, 41.434141], [2.183746, 41.434373], [2.183925, 41.43479], [2.183955, 41.434888], [2.184187, 41.435649], [2.184217, 41.435749], [2.184303, 41.436029], [2.184472, 41.436603], [2.18458, 41.436964], [2.184776, 41.437611], [2.185027, 41.438462], [2.185103, 41.438717], [2.185444, 41.439707], [2.185798, 41.440722], [2.186301, 41.442162], [2.186298, 41.442212], [2.186288, 41.44232], [2.186278, 41.442443], [2.186477, 41.443065], [2.186747, 41.443907], [2.187351, 41.445792], [2.187621, 41.446859], [2.187692, 41.446965], [2.187725, 41.447014], [2.188197, 41.448575], [2.188299, 41.448868], [2.188393, 41.449137], [2.188458, 41.449356], [2.188612, 41.449972], [2.188779, 41.450797], [2.188829, 41.451302], [2.188844, 41.451437], [2.188898, 41.452022], [2.188913, 41.452606], [2.188916, 41.452696], [2.188846, 41.453276], [2.188763, 41.45376], [2.188536, 41.454579], [2.188424, 41.454933], [2.1886, 41.454969], [2.18873, 41.454996], [2.188616, 41.455335], [2.18855, 41.455519], [2.188487, 41.455678], [2.188453, 41.455759], [2.188389, 41.455911], [2.188286, 41.456121], [2.188214, 41.456254], [2.188038, 41.456539], [2.187803, 41.456854], [2.187722, 41.456947], [2.18777, 41.456982], [2.188226, 41.4571], [2.188419, 41.457097], [2.188846, 41.457328], [2.188629, 41.457597], [2.188434, 41.457778], [2.188225, 41.458121], [2.188053, 41.458433], [2.187948, 41.458708], [2.187767, 41.459246], [2.187665, 41.459802], [2.187589, 41.460289], [2.187501, 41.461336], [2.187444, 41.462119], [2.187457, 41.462128], [2.187658, 41.462069], [2.187722, 41.461603], [2.18785, 41.461164], [2.188113, 41.460488], [2.188324, 41.460062], [2.18872, 41.45944], [2.189138, 41.458895], [2.18966, 41.458338], [2.190045, 41.457976], [2.189961, 41.457929], [2.190162, 41.457706], [2.190663, 41.457293], [2.190649, 41.457263], [2.190824, 41.457126], [2.19087, 41.457146], [2.19149, 41.456666], [2.192781, 41.455713], [2.194653, 41.454377], [2.194626, 41.454348], [2.195337, 41.453855], [2.195712, 41.453581], [2.196475, 41.453025], [2.196755, 41.452864], [2.197479, 41.452368], [2.198065, 41.451903], [2.198921, 41.451213], [2.199474, 41.450767], [2.200955, 41.449317], [2.201322, 41.449008], [2.201988, 41.44836], [2.202156, 41.448196], [2.202818, 41.447526], [2.20332, 41.446998], [2.203839, 41.446453], [2.204616, 41.445626], [2.204916, 41.445303], [2.205233, 41.444973], [2.205545, 41.444643], [2.206247, 41.443874], [2.206798, 41.443176], [2.207272, 41.442449], [2.20745, 41.442176], [2.207731, 41.441649], [2.208058, 41.440947], [2.208337, 41.440208], [2.208627, 41.439183], [2.209062, 41.437639], [2.209316, 41.436746], [2.209253, 41.436541], [2.209721, 41.435296], [2.209707, 41.435228], [2.209701, 41.435198], [2.209984, 41.434677], [2.210163, 41.434354], [2.210604, 41.433477], [2.209371, 41.433259], [2.208661, 41.433189], [2.208409, 41.433187], [2.208062, 41.43314], [2.207512, 41.432963], [2.207131, 41.432824], [2.207034, 41.43286], [2.206533, 41.432686], [2.206342, 41.432629], [2.206216, 41.432591], [2.206205, 41.432439], [2.206315, 41.431836], [2.206496, 41.431101], [2.206673, 41.430601], [2.206744, 41.430587], [2.206739, 41.430068], [2.20761, 41.429643], [2.207636, 41.429554], [2.207237, 41.429094], [2.207272, 41.428458], [2.207333, 41.428112], [2.20734, 41.427993], [2.207325, 41.427863], [2.207229, 41.427694], [2.207213, 41.427594], [2.207197, 41.427562], [2.205581, 41.428308], [2.205205, 41.428481], [2.203525, 41.429256], [2.203468, 41.429279], [2.202774, 41.429568], [2.202298, 41.429723], [2.201881, 41.429881], [2.201215, 41.430061], [2.200833, 41.43013], [2.200145, 41.430168], [2.19966, 41.430134], [2.199264, 41.430059], [2.198546, 41.429819], [2.197998, 41.429525], [2.197781, 41.429358], [2.197592, 41.429172], [2.197326, 41.428856], [2.19713, 41.428478], [2.197006, 41.42824], [2.196574, 41.427403], [2.196427, 41.427073], [2.19635, 41.426712], [2.196542, 41.426592], [2.195898, 41.424451], [2.195609, 41.422698], [2.195608, 41.422652], [2.195536, 41.422456], [2.195453, 41.422334], [2.195192, 41.422364], [2.194987, 41.421735], [2.194551, 41.420537], [2.19404, 41.418974], [2.193321, 41.417171], [2.193193, 41.416906], [2.192403, 41.414657], [2.192366, 41.414568], [2.192073, 41.414772], [2.191191, 41.415384], [2.190942, 41.415191], [2.190127, 41.414556]]]}}, {"id": "7", "type": "Feature", "properties": {"district": "Sant Martí", "color": [127, 127, 127]}, "geometry": {"type": "Polygon", "coordinates": [[[2.205003, 41.390906], [2.202118, 41.390005], [2.201417, 41.388785], [2.20276, 41.387773], [2.202989, 41.387945], [2.20369, 41.387419], [2.203363, 41.386874], [2.203044, 41.386422], [2.202612, 41.385889], [2.20221, 41.385448], [2.201716, 41.384972], [2.201208, 41.384539], [2.200794, 41.38422], [2.200121, 41.383808], [2.199573, 41.383532], [2.19915, 41.38385], [2.199895, 41.384201], [2.20003, 41.384154], [2.200402, 41.384384], [2.200712, 41.384609], [2.201208, 41.385023], [2.201897, 41.385677], [2.20268, 41.386594], [2.2024, 41.386805], [2.201289, 41.38597], [2.201495, 41.385814], [2.200839, 41.38532], [2.200115, 41.385866], [2.201882, 41.387196], [2.200461, 41.388267], [2.200342, 41.388179], [2.200224, 41.388267], [2.1984, 41.386895], [2.198518, 41.386805], [2.1984, 41.386717], [2.19953, 41.385865], [2.200067, 41.38518], [2.199728, 41.384937], [2.196405, 41.387416], [2.195909, 41.387536], [2.195779, 41.387888], [2.193635, 41.386335], [2.193561, 41.386291], [2.193367, 41.386423], [2.19297, 41.386731], [2.192561, 41.387036], [2.189188, 41.38962], [2.187947, 41.390571], [2.18687, 41.39141], [2.184605, 41.389756], [2.183465, 41.390612], [2.182394, 41.391427], [2.183531, 41.39226], [2.185822, 41.393938], [2.186718, 41.394594], [2.186737, 41.394906], [2.186772, 41.395488], [2.186738, 41.396633], [2.186758, 41.39669], [2.186829, 41.396895], [2.186827, 41.398268], [2.18682, 41.401766], [2.186823, 41.402289], [2.186549, 41.402278], [2.185949, 41.402441], [2.185967, 41.402467], [2.185753, 41.402545], [2.185698, 41.402642], [2.185646, 41.402731], [2.185597, 41.402818], [2.185486, 41.403039], [2.185459, 41.403107], [2.185428, 41.4032], [2.185526, 41.403319], [2.18562, 41.403661], [2.18573, 41.403832], [2.185964, 41.404073], [2.184497, 41.405181], [2.183366, 41.406034], [2.183091, 41.406245], [2.182244, 41.406896], [2.181114, 41.407751], [2.180017, 41.408575], [2.178926, 41.409434], [2.17884, 41.409471], [2.177723, 41.410302], [2.177146, 41.410749], [2.176588, 41.411181], [2.176016, 41.411631], [2.175423, 41.412041], [2.176646, 41.412951], [2.177666, 41.413708], [2.178842, 41.41456], [2.179012, 41.414683], [2.179551, 41.415077], [2.180233, 41.415577], [2.180452, 41.415862], [2.180711, 41.416033], [2.181079, 41.416308], [2.182191, 41.417117], [2.183353, 41.417958], [2.184422, 41.417154], [2.184786, 41.416871], [2.185113, 41.416626], [2.185508, 41.416338], [2.185661, 41.416211], [2.18687, 41.415282], [2.186888, 41.415269], [2.187537, 41.414794], [2.18788, 41.414518], [2.18897, 41.413668], [2.190127, 41.414556], [2.190942, 41.415191], [2.191191, 41.415384], [2.192073, 41.414772], [2.192366, 41.414568], [2.192403, 41.414657], [2.193193, 41.416906], [2.193321, 41.417171], [2.19404, 41.418974], [2.194551, 41.420537], [2.194987, 41.421735], [2.195192, 41.422364], [2.195453, 41.422334], [2.195536, 41.422456], [2.195608, 41.422652], [2.195609, 41.422698], [2.195898, 41.424451], [2.196542, 41.426592], [2.19635, 41.426712], [2.196427, 41.427073], [2.196574, 41.427403], [2.197006, 41.42824], [2.19713, 41.428478], [2.197326, 41.428856], [2.197592, 41.429172], [2.197781, 41.429358], [2.197998, 41.429525], [2.198546, 41.429819], [2.199264, 41.430059], [2.19966, 41.430134], [2.200145, 41.430168], [2.200833, 41.43013], [2.201215, 41.430061], [2.201881, 41.429881], [2.202298, 41.429723], [2.202774, 41.429568], [2.203468, 41.429279], [2.203525, 41.429256], [2.205205, 41.428481], [2.205581, 41.428308], [2.207197, 41.427562], [2.207154, 41.427476], [2.207121, 41.42733], [2.207061, 41.427126], [2.20703, 41.427056], [2.207009, 41.427026], [2.206856, 41.426852], [2.206846, 41.426829], [2.206816, 41.426786], [2.206457, 41.426393], [2.206338, 41.426064], [2.20629, 41.425974], [2.206156, 41.425837], [2.206055, 41.425568], [2.206157, 41.425507], [2.206243, 41.425502], [2.206365, 41.425468], [2.206463, 41.425443], [2.206885, 41.425313], [2.207257, 41.425137], [2.20745, 41.42501], [2.207775, 41.424988], [2.207852, 41.425001], [2.208103, 41.425053], [2.208438, 41.425178], [2.208495, 41.425151], [2.20875, 41.425085], [2.209002, 41.425022], [2.209125, 41.424927], [2.209154, 41.424948], [2.209168, 41.424941], [2.209214, 41.424787], [2.209353, 41.424462], [2.209416, 41.424252], [2.209599, 41.424114], [2.209624, 41.424129], [2.209704, 41.42407], [2.209808, 41.424017], [2.209907, 41.423984], [2.210258, 41.423827], [2.210398, 41.423756], [2.210542, 41.423663], [2.210719, 41.423531], [2.210897, 41.423352], [2.210971, 41.423268], [2.211031, 41.423176], [2.211098, 41.42296], [2.211135, 41.422805], [2.211288, 41.422339], [2.21135, 41.422173], [2.211472, 41.42185], [2.211481, 41.421821], [2.211622, 41.42138], [2.212344, 41.420835], [2.212634, 41.420801], [2.212807, 41.420749], [2.212897, 41.420722], [2.213211, 41.420546], [2.21375, 41.420281], [2.213916, 41.420189], [2.213949, 41.420157], [2.214003, 41.420134], [2.214389, 41.419894], [2.214547, 41.419782], [2.215037, 41.419412], [2.215119, 41.419347], [2.215262, 41.419235], [2.216101, 41.418602], [2.216336, 41.418453], [2.216437, 41.418377], [2.216536, 41.418301], [2.216628, 41.418223], [2.216746, 41.418105], [2.216855, 41.41798], [2.217157, 41.41759], [2.217424, 41.417285], [2.217745, 41.416953], [2.217992, 41.41663], [2.218174, 41.416492], [2.21824, 41.416449], [2.218322, 41.416363], [2.218379, 41.416315], [2.218558, 41.416187], [2.219083, 41.415875], [2.219428, 41.415602], [2.219477, 41.415543], [2.21977, 41.415248], [2.219903, 41.415078], [2.220148, 41.414691], [2.220325, 41.414456], [2.220539, 41.414243], [2.220822, 41.414013], [2.221113, 41.413873], [2.221293, 41.413744], [2.221376, 41.413636], [2.221391, 41.413573], [2.221399, 41.413528], [2.221058, 41.413155], [2.221027, 41.413093], [2.221039, 41.413074], [2.221101, 41.413029], [2.222307, 41.412522], [2.222496, 41.412444], [2.222583, 41.412408], [2.222788, 41.412323], [2.222798, 41.412319], [2.222884, 41.412163], [2.223038, 41.412093], [2.22313, 41.412052], [2.223255, 41.411989], [2.225845, 41.410937], [2.22702, 41.41046], [2.227192, 41.41039], [2.229207, 41.409571], [2.226133, 41.405283], [2.224691, 41.406351], [2.224403, 41.405914], [2.22364, 41.4062], [2.221667, 41.404629], [2.222264, 41.404187], [2.222714, 41.404924], [2.22328, 41.405429], [2.223593, 41.405182], [2.223071, 41.4047], [2.222463, 41.403698], [2.222099, 41.403404], [2.221889, 41.403573], [2.222019, 41.403805], [2.22004, 41.405274], [2.217854, 41.404053], [2.217094, 41.403042], [2.218475, 41.402119], [2.218256, 41.401935], [2.216833, 41.402885], [2.215895, 41.40217], [2.214257, 41.399989], [2.215706, 41.398917], [2.215305, 41.398621], [2.214195, 41.399442], [2.211641, 41.397496], [2.210709, 41.396254], [2.212025, 41.395219], [2.211473, 41.394819], [2.211275, 41.394675], [2.209724, 41.395889], [2.206808, 41.393776], [2.205303, 41.391634], [2.205762, 41.391223], [2.206352, 41.390776], [2.206309, 41.390744], [2.205758, 41.390327], [2.205003, 41.390906]]]}}, {"id": "8", "type": "Feature", "properties": {"district": "Sants-Montjuïc", "color": [188, 189, 34]}, "geometry": {"type": "Polygon", "coordinates": [[[2.176842, 41.372717], [2.176904, 41.372681], [2.177618, 41.372361], [2.177639, 41.372299], [2.177454, 41.372064], [2.177128, 41.372093], [2.17682, 41.369889], [2.177173, 41.369859], [2.17709, 41.369308], [2.176737, 41.369338], [2.17646, 41.367462], [2.176777, 41.367434], [2.176593, 41.367145], [2.179652, 41.366036], [2.179803, 41.366279], [2.180874, 41.365875], [2.180543, 41.365374], [2.182322, 41.364728], [2.18236, 41.364787], [2.182812, 41.364879], [2.1827, 41.365198], [2.18321, 41.365311], [2.183342, 41.364876], [2.183171, 41.364838], [2.183395, 41.364169], [2.183546, 41.363275], [2.183167, 41.363204], [2.179323, 41.357174], [2.177377, 41.354167], [2.176093, 41.352005], [2.1761, 41.351597], [2.175948, 41.351328], [2.175449, 41.350742], [2.17529, 41.350291], [2.171977, 41.335005], [2.170003, 41.326466], [2.173189, 41.317088], [2.172345, 41.316925], [2.169188, 41.326338], [2.171217, 41.335115], [2.169833, 41.335282], [2.170396, 41.337865], [2.169792, 41.337938], [2.172148, 41.348775], [2.171794, 41.348819], [2.171854, 41.34908], [2.171918, 41.349232], [2.172069, 41.349471], [2.172392, 41.349353], [2.174912, 41.353245], [2.174646, 41.353339], [2.174882, 41.353684], [2.175131, 41.353587], [2.178116, 41.35821], [2.177806, 41.358333], [2.178057, 41.358724], [2.178371, 41.358607], [2.182152, 41.364464], [2.180373, 41.36511], [2.179343, 41.363497], [2.178913, 41.363657], [2.1792, 41.3641], [2.175996, 41.365263], [2.173368, 41.361817], [2.176772, 41.360559], [2.175457, 41.358531], [2.170958, 41.36019], [2.169969, 41.358658], [2.173135, 41.356531], [2.167444, 41.347873], [2.167198, 41.347969], [2.16751, 41.348437], [2.163315, 41.351269], [2.163141, 41.351226], [2.162556, 41.351895], [2.161472, 41.351375], [2.161617, 41.351204], [2.161504, 41.35115], [2.165945, 41.34589], [2.165413, 41.345635], [2.161741, 41.349984], [2.160422, 41.349351], [2.160789, 41.348907], [2.160422, 41.348732], [2.161573, 41.347366], [2.153325, 41.342653], [2.152908, 41.34272], [2.153151, 41.344422], [2.152789, 41.344451], [2.15294, 41.345552], [2.15088, 41.345747], [2.150635, 41.344132], [2.149622, 41.33662], [2.145672, 41.336504], [2.14569, 41.336245], [2.145341, 41.336364], [2.144356, 41.334769], [2.147357, 41.333717], [2.145923, 41.331391], [2.146165, 41.331309], [2.145981, 41.33101], [2.148516, 41.330125], [2.155724, 41.341835], [2.159227, 41.343421], [2.160699, 41.342849], [2.16661, 41.341885], [2.165784, 41.340003], [2.164964, 41.340137], [2.159179, 41.326982], [2.158502, 41.327], [2.158845, 41.327778], [2.15464, 41.327803], [2.154454, 41.327139], [2.153827, 41.327143], [2.153687, 41.326648], [2.153412, 41.325957], [2.153147, 41.325172], [2.152917, 41.324363], [2.152418, 41.323144], [2.152932, 41.322964], [2.152529, 41.322297], [2.151965, 41.322495], [2.151028, 41.320945], [2.140875, 41.321534], [2.132319, 41.321207], [2.128459, 41.321607], [2.126783, 41.321865], [2.123991, 41.322396], [2.120644, 41.323093], [2.11651, 41.324228], [2.114204, 41.325435], [2.112989, 41.327296], [2.11037, 41.330225], [2.110305, 41.330224], [2.109113, 41.33119], [2.108377, 41.332028], [2.107225, 41.333054], [2.106017, 41.334058], [2.103713, 41.335359], [2.103203, 41.335525], [2.102304, 41.335936], [2.10147, 41.336425], [2.102609, 41.336954], [2.103516, 41.337206], [2.105853, 41.338058], [2.107552, 41.338659], [2.107933, 41.338729], [2.11125, 41.339888], [2.126392, 41.344926], [2.127263, 41.345357], [2.126909, 41.345884], [2.128291, 41.346723], [2.128694, 41.346191], [2.128891, 41.346253], [2.128937, 41.346165], [2.129528, 41.34636], [2.129492, 41.346414], [2.129859, 41.346552], [2.12995, 41.346424], [2.130354, 41.346542], [2.130409, 41.346461], [2.130801, 41.346742], [2.131971, 41.347402], [2.132541, 41.347861], [2.132859, 41.347894], [2.13311, 41.347756], [2.133843, 41.348115], [2.133423, 41.348525], [2.134864, 41.349139], [2.13524, 41.348654], [2.136956, 41.349306], [2.137021, 41.349344], [2.137175, 41.349434], [2.136241, 41.350246], [2.135561, 41.35096], [2.135591, 41.351022], [2.134567, 41.352264], [2.1344, 41.352205], [2.133894, 41.352854], [2.133813, 41.353004], [2.133752, 41.353094], [2.133651, 41.35324], [2.133536, 41.353469], [2.133433, 41.353692], [2.133323, 41.353906], [2.133232, 41.354044], [2.132011, 41.355614], [2.132302, 41.3557], [2.132578, 41.355797], [2.13273, 41.35591], [2.132839, 41.35606], [2.133031, 41.356615], [2.133139, 41.357048], [2.1332, 41.357495], [2.133208, 41.357872], [2.133181, 41.358364], [2.133204, 41.358668], [2.133209, 41.358732], [2.133226, 41.359063], [2.133258, 41.359299], [2.133279, 41.359586], [2.133301, 41.35974], [2.133359, 41.359931], [2.133456, 41.36009], [2.133511, 41.360144], [2.133707, 41.360316], [2.134102, 41.360644], [2.134172, 41.360688], [2.134275, 41.360762], [2.134512, 41.360931], [2.135148, 41.361405], [2.135359, 41.361527], [2.135827, 41.361938], [2.133825, 41.363465], [2.133557, 41.363674], [2.132807, 41.365246], [2.13269, 41.365663], [2.132672, 41.36583], [2.132308, 41.366357], [2.132057, 41.366722], [2.131678, 41.367795], [2.131483, 41.368152], [2.131456, 41.368202], [2.131446, 41.368219], [2.131367, 41.368521], [2.131288, 41.368521], [2.131023, 41.368948], [2.130755, 41.36928], [2.130637, 41.369458], [2.130246, 41.369866], [2.129977, 41.370097], [2.129955, 41.370114], [2.129512, 41.37048], [2.129569, 41.370524], [2.129373, 41.370665], [2.129096, 41.370855], [2.129039, 41.370835], [2.128857, 41.37094], [2.128876, 41.370979], [2.128545, 41.371085], [2.128101, 41.371254], [2.127584, 41.37154], [2.127382, 41.371635], [2.127099, 41.371769], [2.12715, 41.371803], [2.126795, 41.372039], [2.126495, 41.372258], [2.126424, 41.372247], [2.126325, 41.372326], [2.126176, 41.372442], [2.125379, 41.372999], [2.125058, 41.373191], [2.124968, 41.373231], [2.124347, 41.373569], [2.124274, 41.373614], [2.124028, 41.374052], [2.123948, 41.374081], [2.123738, 41.374368], [2.123789, 41.374407], [2.12346, 41.374723], [2.123316, 41.374803], [2.122275, 41.375303], [2.1219, 41.375589], [2.121847, 41.37565], [2.121822, 41.375731], [2.122816, 41.375683], [2.123731, 41.37626], [2.124712, 41.376873], [2.125286, 41.377213], [2.125741, 41.377482], [2.126248, 41.377791], [2.126968, 41.378226], [2.127324, 41.378404], [2.127524, 41.378508], [2.129126, 41.379425], [2.129142, 41.379434], [2.129145, 41.379435], [2.129412, 41.379586], [2.129899, 41.379822], [2.130207, 41.379971], [2.130717, 41.380202], [2.131413, 41.380525], [2.131735, 41.38065], [2.132396, 41.380826], [2.133557, 41.381143], [2.13548, 41.381799], [2.136194, 41.382048], [2.136271, 41.382083], [2.137577, 41.382577], [2.13821, 41.382821], [2.139055, 41.383217], [2.140248, 41.383896], [2.140334, 41.38396], [2.141732, 41.384918], [2.142192, 41.385262], [2.142383, 41.385365], [2.142632, 41.385473], [2.14254, 41.384069], [2.142528, 41.383885], [2.142423, 41.382391], [2.142403, 41.38206], [2.142328, 41.380842], [2.142549, 41.380653], [2.142978, 41.380286], [2.143004, 41.380264], [2.143012, 41.380255], [2.143928, 41.379542], [2.144886, 41.378825], [2.145278, 41.378545], [2.145776, 41.378125], [2.145955, 41.377987], [2.147088, 41.377137], [2.148259, 41.37626], [2.148921, 41.375763], [2.149052, 41.375691], [2.149071, 41.375679], [2.149382, 41.375475], [2.149646, 41.375367], [2.14982, 41.375295], [2.150514, 41.375006], [2.15157, 41.37501], [2.154018, 41.375001], [2.154123, 41.375], [2.154374, 41.375002], [2.155852, 41.375011], [2.156126, 41.375013], [2.156409, 41.375014], [2.157711, 41.375016], [2.158428, 41.375026], [2.159344, 41.375018], [2.160467, 41.375014], [2.160739, 41.375004], [2.160933, 41.375006], [2.16164, 41.375012], [2.162148, 41.37501], [2.16309, 41.375006], [2.1634, 41.37501], [2.164053, 41.375011], [2.165252, 41.375009], [2.165463, 41.375011], [2.166167, 41.375016], [2.166967, 41.375023], [2.16767, 41.374995], [2.167844, 41.374986], [2.16785, 41.374985], [2.167851, 41.374985], [2.16856, 41.374951], [2.169612, 41.375002], [2.170056, 41.375017], [2.171904, 41.374892], [2.172711, 41.374831], [2.172735, 41.37483], [2.173217, 41.374796], [2.175189, 41.374651], [2.176388, 41.374348], [2.175608, 41.373391], [2.175664, 41.373361], [2.176397, 41.373025], [2.176845, 41.372819], [2.176842, 41.372717]]]}}, {"id": "9", "type": "Feature", "properties": {"district": "Sarrià-Sant Gervasi", "color": [23, 190, 207]}, "geometry": {"type": "MultiPolygon", "coordinates": [[[[2.152026, 41.399658], [2.153113, 41.398573], [2.153233, 41.398462], [2.153247, 41.398449], [2.154048, 41.397673], [2.154966, 41.396735], [2.155311, 41.396292], [2.155665, 41.395592], [2.154776, 41.395367], [2.154705, 41.39535], [2.153148, 41.394968], [2.151277, 41.394493], [2.149571, 41.39406], [2.147898, 41.393626], [2.147794, 41.393599], [2.146184, 41.393197], [2.145908, 41.393129], [2.145581, 41.393046], [2.14493, 41.392877], [2.144989, 41.392611], [2.144842, 41.392486], [2.144775, 41.392429], [2.144383, 41.392384], [2.14402, 41.392613], [2.142813, 41.392319], [2.141857, 41.392093], [2.139317, 41.391481], [2.138327, 41.391253], [2.137579, 41.391401], [2.136436, 41.391584], [2.134833, 41.39184], [2.132484, 41.392194], [2.131738, 41.392306], [2.130633, 41.392472], [2.129947, 41.39254], [2.129764, 41.392558], [2.129576, 41.392506], [2.129393, 41.392456], [2.127051, 41.39185], [2.1256, 41.391473], [2.123877, 41.391035], [2.123201, 41.390865], [2.123117, 41.39086], [2.12301, 41.390848], [2.122557, 41.390717], [2.121785, 41.390423], [2.120913, 41.390082], [2.120793, 41.390328], [2.120685, 41.390511], [2.120619, 41.390686], [2.1205, 41.390845], [2.120385, 41.390946], [2.120039, 41.391248], [2.119889, 41.391329], [2.119815, 41.391374], [2.11956, 41.391483], [2.118687, 41.391748], [2.11822, 41.391848], [2.117762, 41.392028], [2.117538, 41.392186], [2.117966, 41.392596], [2.11814, 41.39282], [2.118333, 41.393101], [2.118421, 41.393452], [2.118443, 41.394081], [2.118388, 41.394377], [2.11825, 41.394624], [2.118093, 41.394833], [2.117883, 41.395057], [2.117592, 41.395234], [2.11729, 41.395379], [2.116927, 41.395485], [2.116492, 41.395567], [2.115813, 41.39577], [2.114696, 41.396376], [2.114393, 41.396542], [2.11315, 41.397248], [2.112694, 41.396996], [2.112148, 41.396486], [2.111821, 41.396258], [2.111144, 41.395915], [2.110598, 41.395813], [2.110479, 41.395809], [2.110273, 41.395838], [2.10984, 41.396161], [2.109584, 41.396758], [2.109353, 41.397013], [2.109339, 41.397139], [2.109334, 41.397183], [2.10932, 41.39721], [2.109292, 41.397245], [2.109267, 41.397269], [2.109246, 41.397285], [2.109222, 41.397299], [2.109152, 41.397344], [2.109054, 41.397418], [2.109027, 41.397444], [2.109014, 41.39746], [2.109005, 41.397468], [2.108955, 41.397555], [2.108951, 41.397567], [2.108951, 41.397577], [2.108953, 41.397588], [2.108962, 41.397603], [2.108975, 41.397634], [2.108974, 41.397662], [2.10896, 41.39769], [2.108898, 41.397788], [2.10888, 41.39783], [2.108793, 41.39801], [2.108778, 41.398047], [2.108715, 41.398196], [2.108706, 41.39825], [2.108714, 41.39828], [2.108728, 41.398293], [2.108752, 41.398312], [2.108654, 41.398451], [2.10843, 41.398566], [2.108353, 41.398607], [2.108337, 41.398615], [2.108307, 41.398633], [2.10829, 41.398645], [2.108275, 41.398658], [2.10826, 41.398684], [2.10819, 41.39884], [2.107768, 41.399231], [2.107744, 41.399244], [2.107714, 41.399255], [2.107658, 41.399264], [2.107616, 41.399278], [2.10754, 41.399299], [2.107515, 41.39931], [2.107471, 41.399331], [2.107406, 41.399369], [2.107368, 41.399389], [2.107342, 41.399403], [2.107319, 41.399418], [2.107307, 41.399434], [2.107296, 41.399457], [2.107282, 41.399477], [2.107269, 41.3995], [2.10724, 41.399549], [2.107228, 41.399568], [2.107222, 41.399601], [2.107216, 41.399623], [2.107207, 41.399639], [2.107195, 41.399656], [2.107177, 41.399675], [2.107154, 41.399713], [2.107135, 41.399745], [2.10711, 41.399769], [2.107098, 41.399793], [2.10708, 41.39981], [2.107062, 41.399822], [2.107009, 41.39985], [2.106982, 41.39986], [2.106965, 41.399867], [2.106955, 41.399873], [2.106907, 41.399902], [2.106825, 41.39994], [2.106808, 41.399953], [2.106792, 41.399968], [2.106761, 41.399988], [2.106746, 41.400001], [2.106734, 41.400016], [2.106713, 41.400035], [2.106692, 41.400049], [2.106662, 41.400064], [2.106609, 41.400083], [2.106566, 41.400109], [2.10654, 41.400119], [2.106526, 41.400129], [2.106483, 41.400138], [2.10647, 41.400143], [2.106444, 41.400153], [2.106399, 41.400176], [2.106363, 41.400191], [2.106334, 41.4002], [2.106279, 41.400214], [2.106049, 41.400304], [2.106031, 41.400321], [2.106015, 41.40033], [2.105968, 41.400347], [2.105948, 41.400356], [2.105925, 41.400359], [2.10591, 41.400362], [2.105885, 41.400372], [2.105833, 41.400397], [2.105809, 41.400408], [2.105728, 41.400431], [2.105707, 41.400439], [2.105687, 41.400448], [2.105667, 41.400448], [2.105647, 41.400445], [2.105631, 41.400443], [2.105612, 41.400446], [2.105593, 41.400454], [2.105574, 41.400463], [2.105555, 41.400475], [2.105535, 41.400491], [2.105517, 41.400511], [2.105504, 41.40053], [2.105481, 41.400571], [2.105462, 41.400588], [2.105444, 41.400604], [2.105424, 41.400615], [2.105352, 41.400637], [2.10532, 41.400646], [2.104916, 41.400683], [2.104591, 41.40077], [2.1044, 41.400831], [2.104001, 41.400957], [2.10384, 41.401006], [2.103776, 41.401024], [2.103687, 41.401047], [2.103612, 41.401066], [2.103518, 41.401087], [2.10342, 41.401103], [2.103331, 41.401115], [2.103221, 41.401102], [2.103182, 41.401096], [2.103151, 41.40109], [2.103122, 41.401089], [2.103091, 41.401091], [2.103064, 41.401095], [2.103011, 41.401104], [2.102979, 41.401105], [2.102949, 41.401102], [2.102916, 41.401095], [2.103043, 41.40135], [2.103132, 41.401633], [2.10318, 41.402038], [2.103279, 41.40231], [2.103469, 41.402587], [2.103698, 41.402991], [2.103771, 41.403214], [2.103818, 41.403484], [2.103817, 41.403737], [2.103651, 41.404178], [2.103489, 41.40446], [2.103407, 41.40454], [2.103175, 41.404618], [2.102946, 41.404718], [2.10272, 41.404808], [2.102371, 41.404896], [2.101955, 41.40498], [2.101895, 41.405064], [2.101824, 41.405163], [2.101737, 41.405385], [2.101726, 41.405943], [2.101664, 41.406355], [2.101548, 41.40652], [2.101409, 41.406655], [2.101381, 41.406792], [2.101339, 41.407204], [2.101336, 41.407263], [2.101299, 41.407319], [2.101221, 41.407409], [2.100863, 41.407831], [2.100582, 41.408355], [2.100167, 41.408409], [2.099016, 41.408827], [2.098817, 41.408885], [2.098183, 41.40904], [2.097796, 41.409107], [2.097527, 41.409097], [2.097361, 41.409047], [2.097216, 41.40897], [2.097093, 41.408806], [2.096901, 41.408462], [2.096665, 41.408231], [2.0962, 41.407939], [2.095489, 41.40779], [2.094039, 41.408009], [2.093007, 41.408173], [2.09249, 41.408224], [2.091818, 41.408182], [2.091481, 41.408138], [2.091428, 41.408148], [2.090713, 41.408278], [2.089801, 41.408373], [2.089171, 41.408498], [2.088688, 41.408581], [2.087806, 41.408866], [2.087487, 41.408973], [2.087196, 41.409159], [2.086919, 41.409398], [2.086592, 41.409564], [2.086379, 41.409626], [2.085984, 41.409663], [2.085576, 41.409641], [2.085385, 41.409614], [2.085192, 41.409519], [2.085031, 41.409453], [2.084647, 41.409165], [2.084456, 41.408991], [2.084219, 41.408821], [2.083135, 41.407951], [2.082649, 41.407476], [2.082524, 41.407289], [2.082593, 41.407162], [2.082377, 41.407025], [2.082129, 41.406883], [2.081285, 41.406484], [2.081137, 41.406437], [2.080974, 41.406351], [2.080906, 41.406239], [2.080815, 41.406155], [2.080452, 41.405956], [2.080413, 41.405875], [2.080481, 41.405168], [2.080436, 41.404993], [2.080392, 41.404798], [2.080187, 41.404491], [2.079864, 41.404208], [2.079478, 41.403895], [2.079005, 41.403445], [2.078848, 41.403336], [2.078693, 41.403256], [2.078428, 41.403171], [2.078231, 41.402979], [2.078071, 41.402919], [2.077887, 41.4029], [2.077732, 41.402914], [2.076876, 41.403113], [2.076409, 41.40318], [2.075852, 41.403208], [2.075604, 41.403179], [2.075344, 41.403108], [2.075042, 41.402992], [2.07481, 41.402863], [2.074564, 41.40311], [2.074121, 41.403434], [2.073662, 41.403705], [2.072936, 41.403533], [2.072155, 41.403872], [2.071572, 41.40457], [2.070931, 41.405231], [2.070737, 41.405453], [2.070283, 41.405809], [2.069603, 41.406293], [2.069426, 41.406869], [2.069719, 41.407057], [2.070044, 41.40708], [2.070422, 41.407132], [2.071067, 41.407181], [2.071373, 41.407212], [2.071566, 41.407303], [2.071755, 41.40748], [2.071882, 41.407657], [2.071897, 41.40774], [2.071681, 41.408182], [2.071506, 41.408557], [2.071447, 41.408749], [2.071414, 41.408975], [2.071412, 41.409113], [2.0715, 41.409381], [2.071672, 41.409763], [2.071761, 41.409913], [2.071935, 41.410166], [2.072786, 41.410104], [2.072992, 41.41011], [2.073143, 41.410135], [2.073303, 41.410181], [2.073572, 41.410336], [2.073729, 41.41048], [2.074593, 41.410995], [2.074795, 41.411076], [2.074954, 41.411148], [2.075331, 41.411238], [2.075683, 41.411271], [2.07595, 41.411228], [2.076134, 41.411168], [2.076412, 41.411027], [2.076563, 41.410894], [2.076626, 41.410829], [2.076725, 41.411092], [2.076825, 41.41126], [2.07697, 41.41142], [2.077365, 41.411627], [2.077571, 41.411759], [2.076623, 41.412293], [2.07841, 41.414155], [2.078437, 41.414166], [2.078332, 41.414284], [2.078401, 41.41477], [2.078532, 41.415071], [2.078627, 41.415055], [2.079386, 41.415033], [2.079651, 41.415069], [2.079754, 41.415109], [2.079918, 41.415201], [2.080027, 41.415308], [2.080115, 41.415488], [2.080133, 41.415645], [2.080138, 41.415723], [2.080054, 41.415954], [2.079865, 41.416197], [2.079705, 41.416336], [2.079483, 41.416485], [2.079387, 41.416675], [2.079359, 41.416712], [2.079315, 41.416795], [2.079199, 41.41688], [2.079149, 41.416921], [2.079102, 41.417056], [2.079093, 41.417232], [2.078946, 41.41762], [2.078866, 41.417719], [2.078567, 41.417886], [2.078612, 41.41806], [2.078717, 41.418324], [2.078693, 41.418402], [2.078594, 41.418553], [2.077637, 41.41851], [2.077454, 41.418962], [2.077307, 41.419144], [2.076978, 41.419385], [2.076902, 41.419527], [2.076887, 41.419649], [2.076982, 41.4205], [2.076988, 41.420671], [2.077068, 41.420819], [2.077047, 41.420908], [2.076954, 41.420992], [2.07667, 41.421151], [2.0765, 41.421209], [2.075785, 41.421591], [2.075293, 41.421959], [2.07494, 41.422464], [2.075096, 41.422552], [2.075287, 41.422596], [2.07536, 41.422619], [2.075395, 41.422624], [2.075424, 41.422624], [2.075454, 41.422619], [2.075491, 41.422611], [2.075626, 41.422577], [2.075784, 41.422537], [2.075858, 41.42252], [2.075934, 41.422493], [2.076015, 41.422482], [2.076109, 41.422461], [2.076238, 41.42245], [2.07638, 41.422443], [2.076572, 41.422419], [2.076675, 41.422412], [2.076816, 41.422406], [2.077135, 41.422408], [2.077243, 41.422412], [2.077309, 41.422426], [2.077588, 41.42248], [2.077951, 41.422466], [2.077985, 41.422488], [2.078013, 41.422504], [2.07807, 41.422537], [2.078119, 41.422554], [2.078208, 41.422574], [2.078313, 41.422588], [2.07843, 41.422607], [2.078593, 41.422643], [2.078734, 41.422667], [2.07886, 41.422688], [2.078922, 41.422712], [2.079, 41.42273], [2.079071, 41.422746], [2.079154, 41.422771], [2.079217, 41.422792], [2.079375, 41.42285], [2.07945, 41.422877], [2.07952, 41.4229], [2.079587, 41.422917], [2.079651, 41.422931], [2.079723, 41.422948], [2.079785, 41.422967], [2.079849, 41.422994], [2.079906, 41.423028], [2.079956, 41.423061], [2.079994, 41.423099], [2.08002, 41.423139], [2.080034, 41.423187], [2.080029, 41.423242], [2.080022, 41.423312], [2.080019, 41.423377], [2.080025, 41.42345], [2.080043, 41.423518], [2.08006, 41.42358], [2.080087, 41.423687], [2.0801, 41.423758], [2.080107, 41.423814], [2.080119, 41.42387], [2.08014, 41.423923], [2.080151, 41.423985], [2.080155, 41.424029], [2.080141, 41.424224], [2.080313, 41.424251], [2.080402, 41.424272], [2.080498, 41.424299], [2.080607, 41.424333], [2.080591, 41.424422], [2.080552, 41.424444], [2.080517, 41.424447], [2.080456, 41.42445], [2.080386, 41.424451], [2.080316, 41.424451], [2.080196, 41.424446], [2.080109, 41.424449], [2.080002, 41.424456], [2.079876, 41.424468], [2.079767, 41.424477], [2.079645, 41.424488], [2.079549, 41.424493], [2.07945, 41.424507], [2.079341, 41.424517], [2.079222, 41.424532], [2.07913, 41.424554], [2.07902, 41.424585], [2.078881, 41.424625], [2.07866, 41.424683], [2.078516, 41.424725], [2.078452, 41.424743], [2.078344, 41.42477], [2.078169, 41.424821], [2.078115, 41.424833], [2.077888, 41.424897], [2.077795, 41.424917], [2.077708, 41.424958], [2.077349, 41.425012], [2.077098, 41.425049], [2.07686, 41.425033], [2.076667, 41.425052], [2.076391, 41.425033], [2.075743, 41.424935], [2.075436, 41.424972], [2.075265, 41.424996], [2.075126, 41.424994], [2.074579, 41.424813], [2.074193, 41.42482], [2.073841, 41.424867], [2.0735, 41.424946], [2.073288, 41.424968], [2.07264, 41.425095], [2.072705, 41.425515], [2.072757, 41.426072], [2.072808, 41.426129], [2.072909, 41.426226], [2.072932, 41.426287], [2.072913, 41.42644], [2.073035, 41.426904], [2.073163, 41.42724], [2.073175, 41.427411], [2.074788, 41.428138], [2.074935, 41.428202], [2.075263, 41.428291], [2.076594, 41.428669], [2.076585, 41.428689], [2.076116, 41.429016], [2.075982, 41.429137], [2.075879, 41.429216], [2.075743, 41.429349], [2.075581, 41.42949], [2.075418, 41.429587], [2.075042, 41.42974], [2.074853, 41.429814], [2.074583, 41.429922], [2.073917, 41.430359], [2.073582, 41.43045], [2.073131, 41.430671], [2.073029, 41.430783], [2.07268, 41.431284], [2.072603, 41.431465], [2.072374, 41.431835], [2.072166, 41.432038], [2.071495, 41.432888], [2.071344, 41.433164], [2.070947, 41.43437], [2.070993, 41.434998], [2.071728, 41.436302], [2.072449, 41.436792], [2.073233, 41.437164], [2.072608, 41.435324], [2.072837, 41.435082], [2.0733, 41.435159], [2.074208, 41.435371], [2.074598, 41.43551], [2.074814, 41.435382], [2.075231, 41.434386], [2.074947, 41.433639], [2.074927, 41.433442], [2.07494, 41.433342], [2.075172, 41.433059], [2.075398, 41.432927], [2.075605, 41.432891], [2.076436, 41.432911], [2.076793, 41.432819], [2.076935, 41.432758], [2.077236, 41.432502], [2.077572, 41.432287], [2.077887, 41.43212], [2.078198, 41.432045], [2.079575, 41.431927], [2.079779, 41.431905], [2.079965, 41.431879], [2.080135, 41.431789], [2.080237, 41.431613], [2.08026, 41.431413], [2.080229, 41.43125], [2.080216, 41.431193], [2.080164, 41.431021], [2.080177, 41.430908], [2.080313, 41.430793], [2.080519, 41.430707], [2.080846, 41.430635], [2.081098, 41.430659], [2.08121, 41.430695], [2.081228, 41.430766], [2.081149, 41.431041], [2.081133, 41.431238], [2.081185, 41.431361], [2.081363, 41.431467], [2.081423, 41.43157], [2.081463, 41.431674], [2.081514, 41.431747], [2.081679, 41.431855], [2.08185, 41.431918], [2.082117, 41.431979], [2.082335, 41.431979], [2.082483, 41.431914], [2.082592, 41.431824], [2.082682, 41.431658], [2.082683, 41.431589], [2.082665, 41.431556], [2.082497, 41.431319], [2.082481, 41.431212], [2.082571, 41.430871], [2.082652, 41.430766], [2.082866, 41.430762], [2.083104, 41.430791], [2.083528, 41.430906], [2.083663, 41.430922], [2.083847, 41.430904], [2.083961, 41.43087], [2.084042, 41.430809], [2.0841, 41.430768], [2.084114, 41.430727], [2.084107, 41.430677], [2.084063, 41.430612], [2.083846, 41.430425], [2.083755, 41.430311], [2.08372, 41.430186], [2.08375, 41.430112], [2.083902, 41.429986], [2.085492, 41.429231], [2.085594, 41.429163], [2.085627, 41.429132], [2.085684, 41.428999], [2.085754, 41.428929], [2.085832, 41.428904], [2.086266, 41.428926], [2.086755, 41.428919], [2.086857, 41.428907], [2.087132, 41.428817], [2.087486, 41.428768], [2.08755, 41.428737], [2.087587, 41.428706], [2.087634, 41.428612], [2.087943, 41.428299], [2.088137, 41.428204], [2.088313, 41.428169], [2.08877, 41.428514], [2.088826, 41.428587], [2.088846, 41.428631], [2.088968, 41.42874], [2.089274, 41.429172], [2.089556, 41.42906], [2.089667, 41.429045], [2.089967, 41.428895], [2.090131, 41.428778], [2.090535, 41.4286], [2.090964, 41.428948], [2.090969, 41.428934], [2.090985, 41.428953], [2.091028, 41.429066], [2.091041, 41.429126], [2.09109, 41.429167], [2.091236, 41.429202], [2.091249, 41.42919], [2.091412, 41.429222], [2.091482, 41.429357], [2.091747, 41.429469], [2.092016, 41.429522], [2.092272, 41.429594], [2.092316, 41.429723], [2.092437, 41.43008], [2.092516, 41.4302], [2.092655, 41.430271], [2.092777, 41.430423], [2.092842, 41.430485], [2.092936, 41.430687], [2.093029, 41.430736], [2.093145, 41.430831], [2.09335, 41.431015], [2.093583, 41.431212], [2.0937, 41.431408], [2.093933, 41.43168], [2.094076, 41.431935], [2.094164, 41.432114], [2.094385, 41.432404], [2.094416, 41.432461], [2.09461, 41.432599], [2.094677, 41.432713], [2.094928, 41.432773], [2.095203, 41.432831], [2.09534, 41.432863], [2.095375, 41.432924], [2.095829, 41.432988], [2.096464, 41.43293], [2.096554, 41.432848], [2.09656, 41.432803], [2.096875, 41.43252], [2.097227, 41.432396], [2.097405, 41.432311], [2.097594, 41.432193], [2.097836, 41.432131], [2.098274, 41.431972], [2.0987, 41.431803], [2.098786, 41.431753], [2.098853, 41.431682], [2.098912, 41.431627], [2.098926, 41.431569], [2.098718, 41.430894], [2.099019, 41.430302], [2.099083, 41.430206], [2.099093, 41.430117], [2.099342, 41.430167], [2.099472, 41.430187], [2.099579, 41.430174], [2.099984, 41.430079], [2.100285, 41.429967], [2.100528, 41.429915], [2.100819, 41.42984], [2.1011, 41.429745], [2.101134, 41.429731], [2.10117, 41.429697], [2.101199, 41.429636], [2.101416, 41.429373], [2.101542, 41.429273], [2.101659, 41.429168], [2.101949, 41.428819], [2.102059, 41.428639], [2.102269, 41.428557], [2.102392, 41.428483], [2.102402, 41.42849], [2.102516, 41.428436], [2.102682, 41.428435], [2.102814, 41.428376], [2.10322, 41.428075], [2.103365, 41.428099], [2.103831, 41.428286], [2.104029, 41.428422], [2.105407, 41.428803], [2.105532, 41.428787], [2.10558, 41.42878], [2.105733, 41.428782], [2.105747, 41.428765], [2.105763, 41.428746], [2.10665, 41.428623], [2.107358, 41.428623], [2.108404, 41.428719], [2.109329, 41.428614], [2.109535, 41.42859], [2.111108, 41.428291], [2.111849, 41.428344], [2.111965, 41.428392], [2.112089, 41.42853], [2.112134, 41.428573], [2.112206, 41.428589], [2.112307, 41.428617], [2.112402, 41.428603], [2.112447, 41.428597], [2.112904, 41.428359], [2.112975, 41.428368], [2.113309, 41.428485], [2.114019, 41.428225], [2.114057, 41.428216], [2.114154, 41.428167], [2.114179, 41.428154], [2.114223, 41.428131], [2.114353, 41.428089], [2.114529, 41.428042], [2.11473, 41.427969], [2.114999, 41.427946], [2.115068, 41.427922], [2.115146, 41.427893], [2.115217, 41.427828], [2.115336, 41.427681], [2.115358, 41.427634], [2.115428, 41.427536], [2.115583, 41.427182], [2.115748, 41.426921], [2.115969, 41.426749], [2.11657, 41.426504], [2.116697, 41.426461], [2.116767, 41.426407], [2.116828, 41.42638], [2.117312, 41.426245], [2.117432, 41.426242], [2.117687, 41.426268], [2.117847, 41.426258], [2.117957, 41.426226], [2.118055, 41.426214], [2.118086, 41.426203], [2.119009, 41.425883], [2.119635, 41.425651], [2.119843, 41.425625], [2.120739, 41.425682], [2.120878, 41.425714], [2.120929, 41.425739], [2.121069, 41.425754], [2.121157, 41.425803], [2.121261, 41.425739], [2.121326, 41.425656], [2.121349, 41.425563], [2.121333, 41.425463], [2.121229, 41.425273], [2.120528, 41.424127], [2.12045, 41.423889], [2.120448, 41.423664], [2.120542, 41.42308], [2.120539, 41.422961], [2.120491, 41.422875], [2.120463, 41.42276], [2.120469, 41.422668], [2.120525, 41.422565], [2.120671, 41.422318], [2.120808, 41.422008], [2.120893, 41.421872], [2.120993, 41.421769], [2.121157, 41.42164], [2.121406, 41.421379], [2.121502, 41.421228], [2.121573, 41.421025], [2.121536, 41.420903], [2.121507, 41.420866], [2.121433, 41.420828], [2.121164, 41.420714], [2.121213, 41.420694], [2.121209, 41.420692], [2.121271, 41.420666], [2.121269, 41.420662], [2.121434, 41.420591], [2.121548, 41.42054], [2.121561, 41.420563], [2.121825, 41.420449], [2.121955, 41.420394], [2.122059, 41.420349], [2.122533, 41.420147], [2.122876, 41.42], [2.12301, 41.419944], [2.12429, 41.419398], [2.124394, 41.419354], [2.124732, 41.419212], [2.124845, 41.419181], [2.124931, 41.419156], [2.125155, 41.419075], [2.125193, 41.419059], [2.125245, 41.419039], [2.125319, 41.419009], [2.125429, 41.418961], [2.125865, 41.418769], [2.126447, 41.418512], [2.126795, 41.418357], [2.128048, 41.417799], [2.12817, 41.417744], [2.128787, 41.417469], [2.1288, 41.417487], [2.12889, 41.417448], [2.128923, 41.417501], [2.12876, 41.417666], [2.128485, 41.417914], [2.128075, 41.418138], [2.127933, 41.418254], [2.127882, 41.418333], [2.127886, 41.418393], [2.12793, 41.418446], [2.128085, 41.418561], [2.128144, 41.418652], [2.128168, 41.418736], [2.128136, 41.418811], [2.127923, 41.419032], [2.127746, 41.419114], [2.127579, 41.419162], [2.127468, 41.419214], [2.127456, 41.419377], [2.127585, 41.419499], [2.12786, 41.419603], [2.128044, 41.419718], [2.128164, 41.419734], [2.128327, 41.419699], [2.128455, 41.419726], [2.128692, 41.419906], [2.128775, 41.419924], [2.128855, 41.419913], [2.128903, 41.419871], [2.129004, 41.419676], [2.129121, 41.419586], [2.129272, 41.41953], [2.129346, 41.419507], [2.129402, 41.419475], [2.129466, 41.419448], [2.129506, 41.419438], [2.12955, 41.419433], [2.129599, 41.419436], [2.12965, 41.419446], [2.129703, 41.419462], [2.129757, 41.419487], [2.129798, 41.419517], [2.129841, 41.419546], [2.129871, 41.419574], [2.129912, 41.419609], [2.129952, 41.419636], [2.129999, 41.419658], [2.130046, 41.419662], [2.13009, 41.419649], [2.130132, 41.419607], [2.130138, 41.419568], [2.130133, 41.419509], [2.130106, 41.419373], [2.130062, 41.419113], [2.130224, 41.418666], [2.130523, 41.418316], [2.131274, 41.418216], [2.132141, 41.418568], [2.132305, 41.418542], [2.134201, 41.417797], [2.135177, 41.416981], [2.13628, 41.415977], [2.136055, 41.41537], [2.136316, 41.415128], [2.137138, 41.414368], [2.137666, 41.414194], [2.137846, 41.414047], [2.137871, 41.414027], [2.139808, 41.412543], [2.139936, 41.412421], [2.140197, 41.412221], [2.140688, 41.411864], [2.140902, 41.411742], [2.140934, 41.411737], [2.140979, 41.41173], [2.141012, 41.411725], [2.141908, 41.411619], [2.142765, 41.411537], [2.143112, 41.411506], [2.144517, 41.4114], [2.144998, 41.411327], [2.145212, 41.41121], [2.145331, 41.411122], [2.145352, 41.411096], [2.145692, 41.41068], [2.145784, 41.410482], [2.145951, 41.410107], [2.146292, 41.409677], [2.146688, 41.409163], [2.147165, 41.40855], [2.147417, 41.408238], [2.147584, 41.408062], [2.14805, 41.407676], [2.148654, 41.407191], [2.148585, 41.40714], [2.148371, 41.406979], [2.148498, 41.406879], [2.148388, 41.406802], [2.148448, 41.406753], [2.148479, 41.406775], [2.148493, 41.406763], [2.148518, 41.406761], [2.148525, 41.406766], [2.148536, 41.406757], [2.148729, 41.406602], [2.148792, 41.406647], [2.148936, 41.406525], [2.149004, 41.406569], [2.148853, 41.406701], [2.14907, 41.406832], [2.149129, 41.406792], [2.149504, 41.406481], [2.149939, 41.406125], [2.150036, 41.405944], [2.150055, 41.405788], [2.149972, 41.40558], [2.149965, 41.405425], [2.150019, 41.405211], [2.150358, 41.404351], [2.150326, 41.40413], [2.15003, 41.403746], [2.14989, 41.403226], [2.149973, 41.403043], [2.150175, 41.402776], [2.150858, 41.401874], [2.15103, 41.401671], [2.151153, 41.401471], [2.15121, 41.401057], [2.151161, 41.400739], [2.151174, 41.400534], [2.151644, 41.40005], [2.152026, 41.399658]]], [[[2.074021, 41.415011], [2.072117, 41.412705], [2.0705, 41.412178], [2.070696, 41.412637], [2.070586, 41.413327], [2.070352, 41.413949], [2.070406, 41.414189], [2.071095, 41.415035], [2.072881, 41.415837], [2.073584, 41.416579], [2.073898, 41.417106], [2.073942, 41.417544], [2.073944, 41.417565], [2.073963, 41.41755], [2.074109, 41.417229], [2.074028, 41.416971], [2.075201, 41.41602], [2.075183, 41.416004], [2.074419, 41.415301], [2.074021, 41.415011]]], [[[2.067773, 41.418378], [2.067478, 41.418262], [2.067188, 41.418129], [2.066844, 41.418108], [2.064996, 41.418134], [2.064222, 41.417843], [2.064925, 41.416598], [2.064712, 41.415594], [2.064202, 41.414076], [2.062057, 41.413431], [2.058877, 41.412519], [2.059438, 41.41222], [2.059698, 41.412063], [2.059884, 41.411922], [2.060029, 41.411775], [2.060134, 41.411608], [2.060208, 41.411449], [2.060395, 41.411296], [2.058053, 41.409977], [2.054659, 41.413971], [2.055197, 41.414395], [2.055593, 41.41477], [2.056018, 41.415346], [2.056464, 41.415843], [2.056892, 41.416412], [2.056945, 41.416713], [2.057052, 41.417498], [2.05715, 41.417963], [2.05723, 41.418261], [2.057233, 41.418372], [2.057209, 41.418499], [2.056986, 41.418819], [2.056905, 41.419096], [2.056681, 41.419517], [2.056565, 41.420233], [2.056413, 41.420491], [2.056364, 41.420665], [2.056364, 41.420782], [2.056412, 41.420954], [2.056456, 41.42104], [2.056477, 41.421139], [2.056441, 41.421358], [2.056315, 41.42157], [2.056057, 41.421833], [2.055759, 41.422068], [2.055503, 41.422209], [2.055281, 41.422287], [2.054893, 41.422377], [2.054612, 41.422502], [2.054548, 41.422568], [2.054505, 41.422663], [2.054503, 41.422795], [2.053983, 41.422714], [2.053822, 41.423], [2.053594, 41.423286], [2.053379, 41.423508], [2.053182, 41.423639], [2.053093, 41.423669], [2.0529, 41.423679], [2.052833, 41.423707], [2.052681, 41.423819], [2.052453, 41.42408], [2.052537, 41.424132], [2.05286, 41.424381], [2.05312, 41.424564], [2.053478, 41.42472], [2.053906, 41.424794], [2.054434, 41.424924], [2.054926, 41.425059], [2.056537, 41.425625], [2.056881, 41.425763], [2.057269, 41.426003], [2.057537, 41.426121], [2.057698, 41.426209], [2.057798, 41.426361], [2.057872, 41.426554], [2.057843, 41.427091], [2.057902, 41.427566], [2.057967, 41.427802], [2.058294, 41.428636], [2.058325, 41.42877], [2.058327, 41.429112], [2.058285, 41.429639], [2.057562, 41.434598], [2.057608, 41.436133], [2.059718, 41.436192], [2.060039, 41.436217], [2.060098, 41.436221], [2.060133, 41.436195], [2.060163, 41.436163], [2.060164, 41.436099], [2.060102, 41.435967], [2.060042, 41.43541], [2.059983, 41.435023], [2.059981, 41.43457], [2.060128, 41.434206], [2.060204, 41.43397], [2.060286, 41.433884], [2.060404, 41.433848], [2.060699, 41.433879], [2.061142, 41.433973], [2.06264, 41.434432], [2.063179, 41.432476], [2.063117, 41.432308], [2.063935, 41.432307], [2.064367, 41.432323], [2.064824, 41.432359], [2.065873, 41.432269], [2.068579, 41.432053], [2.067884, 41.429777], [2.067818, 41.429648], [2.067748, 41.429425], [2.067778, 41.429321], [2.0678, 41.429142], [2.067526, 41.428659], [2.067369, 41.428285], [2.067113, 41.427981], [2.066896, 41.427596], [2.06682, 41.427398], [2.066871, 41.427154], [2.067008, 41.42683], [2.067178, 41.426288], [2.069718, 41.425727], [2.071288, 41.422951], [2.070508, 41.41904], [2.070481, 41.419034], [2.068093, 41.418465], [2.067773, 41.418378]]]]}}]}