{"type": "FeatureCollection", "features": [{"id": "0", "type": "Feature", "properties": {"district": "Guipúzcoa", "color": [31, 119, 180]}, "geometry": {"type": "Polygon", "coordinates": [[[-2.234346, 42.928196], [-2.235529, 42.926601], [-2.237787, 42.921448], [-2.237721, 42.895988], [-2.239886, 42.895237], [-2.248383, 42.897411], [-2.250744, 42.895725], [-2.255412, 42.898544], [-2.273137, 42.901669], [-2.289505, 42.902302], [-2.292769, 42.906113], [-2.291155, 42.908039], [-2.297678, 42.915043], [-2.302284, 42.925945], [-2.304915, 42.927429], [-2.309573, 42.926056], [-2.314223, 42.926693], [-2.316404, 42.929047], [-2.322826, 42.93111], [-2.339081, 42.936386], [-2.350867, 42.942604], [-2.351885, 42.947201], [-2.354762, 42.95002], [-2.363472, 42.946789], [-2.371089, 42.948895], [-2.376639, 42.948032], [-2.384771, 42.951038], [-2.389769, 42.952641], [-2.393698, 42.952068], [-2.399882, 42.956558], [-2.409857, 42.959492], [-2.422438, 42.955585], [-2.432993, 42.95816], [-2.442096, 42.959076], [-2.444838, 42.958099], [-2.454057, 42.956848], [-2.464958, 42.962284], [-2.478918, 42.965916], [-2.483583, 42.965191], [-2.5003, 42.959824], [-2.505923, 42.960613], [-2.535265, 42.973434], [-2.540796, 42.965099], [-2.538476, 42.95723], [-2.540046, 42.953613], [-2.542462, 42.95015], [-2.545281, 42.950447], [-2.54813, 42.953114], [-2.551118, 42.958611], [-2.566874, 42.961979], [-2.571551, 42.961113], [-2.573581, 42.96357], [-2.580982, 42.964245], [-2.587357, 42.971779], [-2.593982, 42.973064], [-2.59676, 42.975964], [-2.602643, 42.982216], [-2.59973, 42.984959], [-2.59297, 42.987045], [-2.598615, 42.99416], [-2.600899, 43.001354], [-2.596494, 43.009235], [-2.590395, 43.007439], [-2.584533, 43.008804], [-2.58185, 43.008083], [-2.563382, 43.01865], [-2.555107, 43.021008], [-2.549543, 43.019779], [-2.54078, 43.024921], [-2.540917, 43.032791], [-2.536055, 43.036114], [-2.530194, 43.04483], [-2.524808, 43.044357], [-2.528999, 43.051861], [-2.533995, 43.058453], [-2.540801, 43.063171], [-2.54217, 43.070499], [-2.548082, 43.075069], [-2.546353, 43.076542], [-2.540958, 43.076679], [-2.547225, 43.084667], [-2.545033, 43.087025], [-2.54661, 43.088165], [-2.544641, 43.091789], [-2.538866, 43.091946], [-2.525925, 43.095451], [-2.513791, 43.090096], [-2.502322, 43.09536], [-2.501107, 43.096523], [-2.505121, 43.097061], [-2.501308, 43.118729], [-2.496182, 43.123398], [-2.503509, 43.139946], [-2.500565, 43.151287], [-2.504932, 43.155739], [-2.509684, 43.16143], [-2.507851, 43.165871], [-2.502812, 43.165424], [-2.501577, 43.167385], [-2.486945, 43.169392], [-2.484836, 43.171597], [-2.490008, 43.179829], [-2.492437, 43.180706], [-2.48895, 43.18705], [-2.486849, 43.201427], [-2.491191, 43.201942], [-2.495829, 43.206646], [-2.499448, 43.209751], [-2.499245, 43.211918], [-2.497736, 43.220322], [-2.494083, 43.225681], [-2.489962, 43.223816], [-2.483184, 43.224392], [-2.473245, 43.221813], [-2.463221, 43.223454], [-2.459798, 43.226185], [-2.445111, 43.236748], [-2.442891, 43.241024], [-2.436592, 43.243675], [-2.438973, 43.251816], [-2.422757, 43.261589], [-2.418304, 43.268059], [-2.421595, 43.273701], [-2.425495, 43.275585], [-2.4297, 43.28207], [-2.440045, 43.288147], [-2.436785, 43.299587], [-2.431963, 43.302307], [-2.428596, 43.308884], [-2.419943, 43.312782], [-2.415469, 43.320026], [-2.412782, 43.321129], [-2.412362, 43.321224], [-2.412362, 43.320972], [-2.412084, 43.320972], [-2.412084, 43.320694], [-2.41125, 43.320694], [-2.41125, 43.320972], [-2.410972, 43.320972], [-2.410972, 43.321529], [-2.410694, 43.321529], [-2.410694, 43.321804], [-2.410416, 43.321804], [-2.410416, 43.32196], [-2.410416, 43.322083], [-2.410138, 43.322083], [-2.410138, 43.322361], [-2.40875, 43.322361], [-2.40875, 43.322639], [-2.407918, 43.322639], [-2.407918, 43.322361], [-2.40625, 43.322361], [-2.40625, 43.322083], [-2.401602, 43.322083], [-2.401527, 43.322083], [-2.401527, 43.321804], [-2.401249, 43.321804], [-2.401249, 43.321529], [-2.400695, 43.321529], [-2.400695, 43.321251], [-2.399861, 43.321251], [-2.399861, 43.320972], [-2.399027, 43.320972], [-2.399027, 43.320694], [-2.397803, 43.320694], [-2.397639, 43.320694], [-2.397639, 43.320415], [-2.397361, 43.320415], [-2.397361, 43.320137], [-2.396805, 43.320137], [-2.396805, 43.319862], [-2.39608, 43.319862], [-2.395695, 43.319862], [-2.395695, 43.319675], [-2.395695, 43.319584], [-2.395494, 43.319584], [-2.395139, 43.319584], [-2.395139, 43.319408], [-2.395139, 43.319305], [-2.394927, 43.319305], [-2.394583, 43.319305], [-2.394583, 43.319138], [-2.394583, 43.319027], [-2.39435, 43.319027], [-2.393751, 43.319027], [-2.393751, 43.318748], [-2.392917, 43.318748], [-2.392917, 43.318474], [-2.39236, 43.318474], [-2.39236, 43.318195], [-2.391251, 43.318195], [-2.391251, 43.317917], [-2.390694, 43.317917], [-2.390694, 43.317638], [-2.390138, 43.317638], [-2.390138, 43.31736], [-2.389582, 43.31736], [-2.389582, 43.317081], [-2.389028, 43.317081], [-2.389028, 43.316807], [-2.388194, 43.316807], [-2.388194, 43.316528], [-2.387638, 43.316528], [-2.387638, 43.31625], [-2.387084, 43.31625], [-2.387084, 43.315971], [-2.386806, 43.315971], [-2.386806, 43.315693], [-2.385972, 43.315693], [-2.385972, 43.315418], [-2.385416, 43.315418], [-2.385416, 43.31514], [-2.384862, 43.31514], [-2.384862, 43.314861], [-2.384584, 43.314861], [-2.384584, 43.314583], [-2.384028, 43.314583], [-2.384028, 43.314304], [-2.38375, 43.314304], [-2.38375, 43.314026], [-2.383194, 43.314026], [-2.383194, 43.313751], [-2.38264, 43.313751], [-2.38264, 43.313473], [-2.382084, 43.313473], [-2.382084, 43.313194], [-2.381528, 43.313194], [-2.381528, 43.312916], [-2.380972, 43.312916], [-2.380972, 43.313194], [-2.380694, 43.313194], [-2.380694, 43.313473], [-2.379862, 43.313473], [-2.379862, 43.313194], [-2.379584, 43.313194], [-2.379584, 43.310417], [-2.379862, 43.310417], [-2.379862, 43.310139], [-2.38014, 43.310139], [-2.380416, 43.310139], [-2.380416, 43.30986], [-2.380972, 43.30986], [-2.380972, 43.309582], [-2.38125, 43.309582], [-2.38125, 43.309307], [-2.381528, 43.309307], [-2.381528, 43.309029], [-2.381806, 43.309029], [-2.381806, 43.308586], [-2.381806, 43.308193], [-2.381528, 43.308193], [-2.381528, 43.308014], [-2.381528, 43.307919], [-2.379028, 43.307919], [-2.379028, 43.308193], [-2.378471, 43.308193], [-2.378471, 43.308308], [-2.378471, 43.308472], [-2.375417, 43.308472], [-2.375417, 43.30875], [-2.374583, 43.30875], [-2.374583, 43.309029], [-2.373473, 43.309029], [-2.373473, 43.309307], [-2.371805, 43.309307], [-2.371805, 43.309582], [-2.370139, 43.309582], [-2.370139, 43.309307], [-2.369861, 43.309307], [-2.369861, 43.309029], [-2.369305, 43.309029], [-2.369305, 43.30875], [-2.369029, 43.30875], [-2.369029, 43.308472], [-2.368751, 43.308472], [-2.368751, 43.307083], [-2.368473, 43.307083], [-2.368473, 43.306805], [-2.367917, 43.306805], [-2.367917, 43.306526], [-2.367361, 43.306526], [-2.367361, 43.306252], [-2.367083, 43.306252], [-2.367083, 43.305973], [-2.365973, 43.305973], [-2.365973, 43.305695], [-2.36486, 43.305695], [-2.36486, 43.305973], [-2.364582, 43.305973], [-2.364582, 43.305695], [-2.364031, 43.305695], [-2.363067, 43.305695], [-2.360694, 43.305695], [-2.360694, 43.305416], [-2.35986, 43.305416], [-2.35986, 43.305138], [-2.359306, 43.305138], [-2.359306, 43.304863], [-2.35875, 43.304863], [-2.35875, 43.304585], [-2.358194, 43.304585], [-2.358194, 43.304306], [-2.357638, 43.304306], [-2.357638, 43.304028], [-2.356806, 43.304028], [-2.356806, 43.303749], [-2.356528, 43.303749], [-2.356528, 43.303471], [-2.35625, 43.303471], [-2.35625, 43.30304], [-2.35625, 43.302917], [-2.355972, 43.302917], [-2.355972, 43.301529], [-2.355694, 43.301529], [-2.355694, 43.300972], [-2.355416, 43.300972], [-2.355416, 43.300694], [-2.35514, 43.300694], [-2.355138, 43.300415], [-2.354862, 43.300415], [-2.354862, 43.299622], [-2.354862, 43.297916], [-2.354584, 43.297916], [-2.354584, 43.297638], [-2.353472, 43.297638], [-2.353472, 43.297359], [-2.351527, 43.297359], [-2.351527, 43.297638], [-2.351249, 43.297638], [-2.351249, 43.298195], [-2.350971, 43.298195], [-2.350971, 43.298473], [-2.349861, 43.298473], [-2.349861, 43.298752], [-2.349583, 43.298752], [-2.349583, 43.298473], [-2.349027, 43.298473], [-2.349027, 43.298752], [-2.348471, 43.298752], [-2.348471, 43.299026], [-2.348195, 43.299026], [-2.348195, 43.299305], [-2.347361, 43.299305], [-2.347361, 43.299416], [-2.347361, 43.299583], [-2.347213, 43.299583], [-2.346805, 43.299583], [-2.346805, 43.299862], [-2.345973, 43.299862], [-2.345973, 43.30014], [-2.345695, 43.30014], [-2.345695, 43.302082], [-2.345417, 43.302082], [-2.345417, 43.302917], [-2.344583, 43.302975], [-2.344583, 43.303196], [-2.342639, 43.303196], [-2.342639, 43.303471], [-2.342361, 43.303471], [-2.342361, 43.303196], [-2.341527, 43.303196], [-2.341527, 43.302917], [-2.340695, 43.302917], [-2.340695, 43.302639], [-2.339583, 43.302639], [-2.339583, 43.302361], [-2.338473, 43.302361], [-2.338473, 43.302082], [-2.338195, 43.302082], [-2.338195, 43.301807], [-2.336807, 43.301807], [-2.336807, 43.301529], [-2.335138, 43.301529], [-2.335138, 43.30125], [-2.334584, 43.30125], [-2.334584, 43.300972], [-2.334306, 43.300972], [-2.334306, 43.300694], [-2.33375, 43.300694], [-2.33375, 43.300415], [-2.333194, 43.300415], [-2.333194, 43.30014], [-2.332638, 43.30014], [-2.332638, 43.299862], [-2.332362, 43.299862], [-2.332362, 43.299583], [-2.331806, 43.299583], [-2.331806, 43.299305], [-2.330694, 43.299305], [-2.330694, 43.299026], [-2.330138, 43.299026], [-2.330138, 43.298771], [-2.329584, 43.298752], [-2.329584, 43.298611], [-2.329584, 43.298473], [-2.32911, 43.298473], [-2.32764, 43.298473], [-2.32764, 43.298195], [-2.327362, 43.298195], [-2.327362, 43.297966], [-2.327193, 43.297958], [-2.325972, 43.297916], [-2.325972, 43.297638], [-2.323471, 43.297638], [-2.323471, 43.297916], [-2.321805, 43.297916], [-2.321805, 43.297638], [-2.320953, 43.297638], [-2.319091, 43.297638], [-2.317639, 43.297638], [-2.317639, 43.297359], [-2.313655, 43.297359], [-2.311529, 43.297359], [-2.311529, 43.297638], [-2.310973, 43.297638], [-2.310973, 43.297916], [-2.308689, 43.297916], [-2.308472, 43.297916], [-2.308472, 43.297638], [-2.30736, 43.297638], [-2.30736, 43.297359], [-2.305972, 43.297359], [-2.305972, 43.297085], [-2.30439, 43.297085], [-2.302916, 43.297085], [-2.302916, 43.296806], [-2.302362, 43.296806], [-2.302362, 43.296692], [-2.302362, 43.296528], [-2.301512, 43.296528], [-2.299862, 43.296528], [-2.299862, 43.296249], [-2.299028, 43.296249], [-2.299028, 43.296047], [-2.299028, 43.295971], [-2.298629, 43.295971], [-2.298193, 43.295971], [-2.298193, 43.295696], [-2.297213, 43.295696], [-2.295696, 43.295696], [-2.295693, 43.295418], [-2.295139, 43.295418], [-2.295139, 43.295296], [-2.295139, 43.295139], [-2.294335, 43.295139], [-2.292917, 43.295139], [-2.292917, 43.294861], [-2.292083, 43.294861], [-2.292083, 43.294582], [-2.288195, 43.294582], [-2.288195, 43.294861], [-2.28499, 43.294861], [-2.284603, 43.294861], [-2.284307, 43.294861], [-2.284307, 43.295139], [-2.283475, 43.295139], [-2.281528, 43.295139], [-2.281528, 43.295418], [-2.279306, 43.295418], [-2.279306, 43.295696], [-2.27875, 43.295696], [-2.27875, 43.295971], [-2.278194, 43.295971], [-2.278194, 43.296249], [-2.277916, 43.296249], [-2.277916, 43.296528], [-2.27625, 43.296528], [-2.27625, 43.296806], [-2.275694, 43.296806], [-2.275694, 43.297085], [-2.275416, 43.297131], [-2.275416, 43.297359], [-2.274497, 43.297359], [-2.27375, 43.297359], [-2.27375, 43.297638], [-2.273472, 43.297638], [-2.273472, 43.297916], [-2.272916, 43.297916], [-2.272916, 43.298195], [-2.271528, 43.298195], [-2.271528, 43.298473], [-2.270971, 43.298473], [-2.270971, 43.298752], [-2.27014, 43.298752], [-2.27014, 43.299026], [-2.269862, 43.299026], [-2.269862, 43.299305], [-2.269305, 43.299305], [-2.269305, 43.299583], [-2.268749, 43.299583], [-2.268749, 43.299862], [-2.267917, 43.299862], [-2.267917, 43.299973], [-2.267917, 43.30014], [-2.267083, 43.30014], [-2.267083, 43.300312], [-2.267083, 43.300415], [-2.266527, 43.300415], [-2.266527, 43.300694], [-2.263751, 43.300694], [-2.263751, 43.300972], [-2.262361, 43.300972], [-2.262361, 43.30125], [-2.261527, 43.30125], [-2.261527, 43.301529], [-2.260973, 43.301529], [-2.260973, 43.301807], [-2.260695, 43.301807], [-2.260695, 43.302082], [-2.260139, 43.302082], [-2.260139, 43.302361], [-2.259861, 43.302361], [-2.259861, 43.302639], [-2.259583, 43.302639], [-2.259583, 43.302917], [-2.259307, 43.302917], [-2.259307, 43.303196], [-2.259029, 43.303196], [-2.259029, 43.303299], [-2.259029, 43.303471], [-2.258473, 43.303471], [-2.258473, 43.303749], [-2.256251, 43.303749], [-2.256251, 43.303471], [-2.255972, 43.303471], [-2.255972, 43.303196], [-2.253194, 43.303196], [-2.253194, 43.302917], [-2.251806, 43.302917], [-2.251806, 43.303196], [-2.250972, 43.303196], [-2.250972, 43.303471], [-2.249306, 43.303471], [-2.249306, 43.303749], [-2.249028, 43.303749], [-2.249028, 43.304028], [-2.24875, 43.304028], [-2.24875, 43.304306], [-2.248472, 43.304306], [-2.248472, 43.304863], [-2.248194, 43.304863], [-2.248194, 43.305138], [-2.24764, 43.305138], [-2.24764, 43.305416], [-2.247084, 43.305416], [-2.247084, 43.305695], [-2.245972, 43.305695], [-2.245972, 43.305973], [-2.245694, 43.305973], [-2.245694, 43.305695], [-2.245418, 43.305695], [-2.245418, 43.305416], [-2.245694, 43.305416], [-2.245694, 43.305138], [-2.24625, 43.305138], [-2.24625, 43.303471], [-2.246806, 43.303471], [-2.246806, 43.303196], [-2.247084, 43.303196], [-2.247084, 43.302917], [-2.247362, 43.302917], [-2.247362, 43.302361], [-2.24764, 43.302361], [-2.24764, 43.302082], [-2.248194, 43.302082], [-2.248194, 43.301807], [-2.248472, 43.301807], [-2.248472, 43.301529], [-2.249028, 43.301529], [-2.249028, 43.30125], [-2.249306, 43.30125], [-2.249306, 43.300415], [-2.249028, 43.300415], [-2.249028, 43.30014], [-2.248472, 43.30014], [-2.248472, 43.300415], [-2.248194, 43.300415], [-2.248194, 43.300694], [-2.247362, 43.300694], [-2.247362, 43.300972], [-2.247084, 43.300972], [-2.247084, 43.30125], [-2.246806, 43.30125], [-2.246806, 43.301395], [-2.246806, 43.301529], [-2.246528, 43.301529], [-2.246528, 43.301807], [-2.24625, 43.301807], [-2.24625, 43.302361], [-2.245657, 43.302391], [-2.245694, 43.302639], [-2.245418, 43.302639], [-2.245418, 43.302917], [-2.24514, 43.302917], [-2.24514, 43.303471], [-2.244306, 43.303471], [-2.244306, 43.303749], [-2.241805, 43.303749], [-2.241805, 43.304028], [-2.241527, 43.304028], [-2.241527, 43.304306], [-2.240695, 43.304306], [-2.240695, 43.304585], [-2.240417, 43.304585], [-2.240417, 43.304863], [-2.240139, 43.304863], [-2.240139, 43.305416], [-2.239861, 43.305416], [-2.239861, 43.305695], [-2.239583, 43.305695], [-2.239583, 43.308193], [-2.239027, 43.308193], [-2.239027, 43.308472], [-2.237293, 43.308472], [-2.236527, 43.308472], [-2.236527, 43.30875], [-2.236167, 43.308781], [-2.235973, 43.308796], [-2.235973, 43.309029], [-2.235036, 43.309063], [-2.234861, 43.309071], [-2.234861, 43.309307], [-2.234583, 43.309307], [-2.234583, 43.309139], [-2.234583, 43.309029], [-2.233473, 43.309029], [-2.233473, 43.309307], [-2.232361, 43.309307], [-2.232361, 43.309582], [-2.231805, 43.309582], [-2.231805, 43.30986], [-2.23167, 43.309875], [-2.231529, 43.309895], [-2.231529, 43.310139], [-2.231251, 43.310139], [-2.231251, 43.310417], [-2.229411, 43.310417], [-2.229029, 43.310417], [-2.229029, 43.310696], [-2.22875, 43.310696], [-2.22875, 43.311249], [-2.22625, 43.311249], [-2.22625, 43.310974], [-2.225694, 43.31097], [-2.225694, 43.310696], [-2.222916, 43.310696], [-2.222916, 43.310417], [-2.22125, 43.310417], [-2.22125, 43.310139], [-2.220972, 43.310139], [-2.220972, 43.30986], [-2.22014, 43.30986], [-2.22014, 43.309582], [-2.218472, 43.309582], [-2.218472, 43.309307], [-2.216527, 43.309307], [-2.216527, 43.309029], [-2.215418, 43.309029], [-2.215418, 43.30875], [-2.214861, 43.30875], [-2.214861, 43.308311], [-2.214861, 43.308193], [-2.214647, 43.308193], [-2.214583, 43.307919], [-2.214305, 43.307915], [-2.214305, 43.30764], [-2.214027, 43.30764], [-2.214027, 43.307362], [-2.213168, 43.307362], [-2.211249, 43.307362], [-2.211249, 43.307083], [-2.210973, 43.307083], [-2.210973, 43.306805], [-2.210417, 43.306805], [-2.210417, 43.306526], [-2.208751, 43.306526], [-2.208751, 43.306252], [-2.209027, 43.306252], [-2.209027, 43.305416], [-2.208751, 43.305416], [-2.208751, 43.305138], [-2.208195, 43.305138], [-2.208195, 43.304863], [-2.206527, 43.304863], [-2.206527, 43.304585], [-2.205695, 43.304585], [-2.205695, 43.304863], [-2.205417, 43.304863], [-2.205417, 43.305138], [-2.205139, 43.305138], [-2.205139, 43.305695], [-2.204307, 43.305695], [-2.204304, 43.305973], [-2.204029, 43.305973], [-2.204026, 43.306252], [-2.203751, 43.306252], [-2.203751, 43.307278], [-2.203751, 43.307919], [-2.204026, 43.307919], [-2.204026, 43.309582], [-2.203751, 43.309582], [-2.203751, 43.310139], [-2.203473, 43.310139], [-2.203473, 43.310417], [-2.203195, 43.310417], [-2.203195, 43.310696], [-2.202916, 43.310696], [-2.202916, 43.31097], [-2.202638, 43.310974], [-2.202638, 43.311249], [-2.20236, 43.311249], [-2.20236, 43.311527], [-2.201528, 43.311527], [-2.201528, 43.311249], [-2.200972, 43.311249], [-2.200972, 43.310974], [-2.200683, 43.31097], [-2.200416, 43.31097], [-2.200416, 43.310696], [-2.200138, 43.310696], [-2.200138, 43.310417], [-2.19875, 43.310417], [-2.19875, 43.310139], [-2.198472, 43.310139], [-2.198472, 43.309029], [-2.19875, 43.309029], [-2.19875, 43.308193], [-2.199028, 43.308193], [-2.199028, 43.306805], [-2.19875, 43.306805], [-2.19875, 43.306526], [-2.197362, 43.306526], [-2.197362, 43.306252], [-2.197084, 43.306252], [-2.197084, 43.305973], [-2.19764, 43.305973], [-2.19764, 43.305695], [-2.197916, 43.305695], [-2.197916, 43.305416], [-2.198194, 43.305416], [-2.198194, 43.305138], [-2.198472, 43.305138], [-2.198472, 43.304306], [-2.199306, 43.304306], [-2.199306, 43.304028], [-2.199584, 43.304028], [-2.199584, 43.303471], [-2.19986, 43.303471], [-2.19986, 43.303196], [-2.201528, 43.303196], [-2.201528, 43.303471], [-2.202082, 43.303471], [-2.202082, 43.303196], [-2.20236, 43.303196], [-2.20236, 43.301807], [-2.202082, 43.301807], [-2.202082, 43.301529], [-2.201807, 43.301529], [-2.201807, 43.30125], [-2.201528, 43.30125], [-2.201528, 43.30109], [-2.201528, 43.300972], [-2.20125, 43.300972], [-2.20125, 43.300694], [-2.200694, 43.300694], [-2.200694, 43.300415], [-2.200416, 43.300415], [-2.200416, 43.30014], [-2.199584, 43.30014], [-2.199584, 43.299862], [-2.199028, 43.299862], [-2.199028, 43.299583], [-2.19764, 43.299583], [-2.19764, 43.299305], [-2.195409, 43.299305], [-2.193194, 43.299305], [-2.193194, 43.299026], [-2.192916, 43.299026], [-2.192916, 43.29858], [-2.192916, 43.298195], [-2.19264, 43.298195], [-2.19264, 43.297638], [-2.192362, 43.297638], [-2.192362, 43.297359], [-2.192084, 43.297359], [-2.192084, 43.297085], [-2.191806, 43.297085], [-2.191806, 43.295971], [-2.191528, 43.295971], [-2.191528, 43.295696], [-2.19125, 43.295696], [-2.19125, 43.294029], [-2.190972, 43.294029], [-2.190972, 43.293194], [-2.190693, 43.293194], [-2.190693, 43.292915], [-2.190418, 43.292915], [-2.190418, 43.292641], [-2.19014, 43.292641], [-2.19014, 43.292362], [-2.189862, 43.292362], [-2.189862, 43.292084], [-2.189472, 43.292084], [-2.189305, 43.292084], [-2.189305, 43.292301], [-2.189305, 43.292915], [-2.189027, 43.292915], [-2.189027, 43.293194], [-2.187917, 43.293194], [-2.187917, 43.292915], [-2.185695, 43.292915], [-2.185695, 43.293194], [-2.185417, 43.293194], [-2.185417, 43.293972], [-2.185417, 43.294304], [-2.184861, 43.294304], [-2.184861, 43.294582], [-2.183997, 43.294582], [-2.183473, 43.294582], [-2.183473, 43.294304], [-2.182917, 43.294304], [-2.182917, 43.294029], [-2.182361, 43.294029], [-2.182361, 43.293751], [-2.181805, 43.293751], [-2.181805, 43.293262], [-2.181679, 43.293232], [-2.181527, 43.293194], [-2.181527, 43.292915], [-2.181228, 43.292915], [-2.179861, 43.292915], [-2.179861, 43.292362], [-2.179583, 43.292362], [-2.179583, 43.292084], [-2.179305, 43.292084], [-2.179305, 43.291805], [-2.178473, 43.291805], [-2.178473, 43.288193], [-2.178195, 43.288193], [-2.178195, 43.287926], [-2.177917, 43.287918], [-2.177917, 43.28764], [-2.175694, 43.28764], [-2.175694, 43.287361], [-2.17375, 43.287361], [-2.17375, 43.28764], [-2.17125, 43.28764], [-2.17125, 43.287918], [-2.168194, 43.287918], [-2.168194, 43.288193], [-2.16625, 43.288193], [-2.16625, 43.288471], [-2.164306, 43.288471], [-2.164306, 43.28875], [-2.16375, 43.28875], [-2.16375, 43.289028], [-2.163193, 43.289028], [-2.163193, 43.289307], [-2.162918, 43.289307], [-2.162918, 43.289429], [-2.162918, 43.289585], [-2.16264, 43.289585], [-2.16264, 43.28986], [-2.162362, 43.28986], [-2.162362, 43.290138], [-2.161805, 43.290138], [-2.161805, 43.28986], [-2.161527, 43.28986], [-2.161527, 43.289585], [-2.161331, 43.289597], [-2.160971, 43.289619], [-2.160971, 43.28986], [-2.160695, 43.28986], [-2.160695, 43.290138], [-2.160417, 43.290138], [-2.160417, 43.290417], [-2.159861, 43.290417], [-2.159861, 43.290695], [-2.158749, 43.290695], [-2.158749, 43.290974], [-2.155973, 43.290974], [-2.155973, 43.291248], [-2.155139, 43.291248], [-2.155139, 43.291527], [-2.154861, 43.291527], [-2.154861, 43.291805], [-2.154305, 43.291805], [-2.154305, 43.292084], [-2.154027, 43.292084], [-2.154027, 43.292362], [-2.153751, 43.292362], [-2.153751, 43.292641], [-2.153473, 43.292641], [-2.153473, 43.293194], [-2.153195, 43.293194], [-2.153195, 43.293472], [-2.152639, 43.293472], [-2.152639, 43.293751], [-2.152361, 43.293751], [-2.152361, 43.294029], [-2.151805, 43.294029], [-2.151805, 43.294304], [-2.149172, 43.294304], [-2.149029, 43.294304], [-2.149029, 43.294029], [-2.148472, 43.294029], [-2.148472, 43.293751], [-2.148194, 43.293751], [-2.148194, 43.293472], [-2.147638, 43.293472], [-2.147638, 43.293194], [-2.147082, 43.293194], [-2.147082, 43.292915], [-2.146528, 43.292915], [-2.146528, 43.292641], [-2.145138, 43.292641], [-2.145138, 43.292915], [-2.144584, 43.292915], [-2.144584, 43.292641], [-2.142886, 43.292641], [-2.141366, 43.292641], [-2.14014, 43.292641], [-2.14014, 43.292362], [-2.139028, 43.292362], [-2.139028, 43.292084], [-2.138472, 43.292084], [-2.138472, 43.291805], [-2.136249, 43.291805], [-2.136249, 43.291527], [-2.134303, 43.291527], [-2.133193, 43.291527], [-2.133193, 43.290974], [-2.132917, 43.290974], [-2.132917, 43.290695], [-2.132361, 43.290695], [-2.132361, 43.290417], [-2.132083, 43.290417], [-2.132083, 43.28986], [-2.131805, 43.28986], [-2.131805, 43.289585], [-2.131527, 43.289585], [-2.131527, 43.289028], [-2.131249, 43.289028], [-2.131249, 43.28875], [-2.130695, 43.28875], [-2.130695, 43.287937], [-2.130495, 43.287922], [-2.130417, 43.287918], [-2.130417, 43.286804], [-2.130139, 43.286804], [-2.130139, 43.28653], [-2.129861, 43.28653], [-2.129861, 43.285976], [-2.129583, 43.285973], [-2.129583, 43.285694], [-2.129305, 43.285694], [-2.129305, 43.285416], [-2.129583, 43.285416], [-2.129583, 43.285137], [-2.130417, 43.285137], [-2.130417, 43.284863], [-2.130695, 43.284863], [-2.130695, 43.284584], [-2.130973, 43.284584], [-2.130973, 43.284027], [-2.13108, 43.284027], [-2.131249, 43.284027], [-2.131249, 43.2836], [-2.131249, 43.283474], [-2.131354, 43.283474], [-2.131527, 43.283474], [-2.131527, 43.283268], [-2.131527, 43.282639], [-2.131805, 43.282639], [-2.131805, 43.282082], [-2.132083, 43.282082], [-2.132083, 43.281807], [-2.132361, 43.281807], [-2.132361, 43.281528], [-2.132639, 43.281528], [-2.132639, 43.28125], [-2.132917, 43.28125], [-2.132917, 43.279305], [-2.133193, 43.279305], [-2.133193, 43.277363], [-2.132917, 43.277363], [-2.132917, 43.277084], [-2.132639, 43.277084], [-2.132639, 43.276806], [-2.132361, 43.276806], [-2.132361, 43.276527], [-2.132083, 43.276527], [-2.132083, 43.27597], [-2.131805, 43.27597], [-2.131805, 43.275417], [-2.131527, 43.275417], [-2.131527, 43.275139], [-2.131249, 43.275139], [-2.131249, 43.27486], [-2.130695, 43.27486], [-2.130695, 43.274582], [-2.129861, 43.274582], [-2.129861, 43.274307], [-2.129305, 43.274307], [-2.129305, 43.274582], [-2.129027, 43.274582], [-2.129027, 43.275139], [-2.129305, 43.275139], [-2.129305, 43.275417], [-2.129583, 43.275417], [-2.129583, 43.275696], [-2.130417, 43.275696], [-2.130417, 43.27597], [-2.130695, 43.27597], [-2.130695, 43.276249], [-2.130973, 43.276249], [-2.130973, 43.276806], [-2.131249, 43.276806], [-2.131249, 43.277363], [-2.131527, 43.277363], [-2.131527, 43.277637], [-2.131805, 43.277637], [-2.131805, 43.277916], [-2.132083, 43.277916], [-2.132083, 43.279026], [-2.131805, 43.279026], [-2.131805, 43.280693], [-2.131527, 43.280693], [-2.131527, 43.280972], [-2.130973, 43.280972], [-2.130973, 43.28125], [-2.130695, 43.28125], [-2.130695, 43.281528], [-2.130417, 43.281528], [-2.130417, 43.282082], [-2.130139, 43.282082], [-2.130139, 43.28236], [-2.129861, 43.28236], [-2.129861, 43.282917], [-2.130139, 43.282917], [-2.130139, 43.283749], [-2.129861, 43.283749], [-2.129861, 43.284027], [-2.129027, 43.284027], [-2.129027, 43.284306], [-2.128751, 43.284306], [-2.128751, 43.284584], [-2.128473, 43.284584], [-2.128473, 43.285137], [-2.128195, 43.285137], [-2.128195, 43.286251], [-2.128473, 43.286251], [-2.128473, 43.28653], [-2.128751, 43.28653], [-2.128751, 43.286804], [-2.129027, 43.286804], [-2.129027, 43.287083], [-2.129305, 43.287083], [-2.129305, 43.287918], [-2.128473, 43.287918], [-2.128473, 43.288193], [-2.128195, 43.288193], [-2.128195, 43.28764], [-2.127917, 43.28764], [-2.127917, 43.287361], [-2.127361, 43.287361], [-2.127361, 43.28764], [-2.127083, 43.28764], [-2.127083, 43.288193], [-2.126805, 43.288193], [-2.126805, 43.289028], [-2.127083, 43.289028], [-2.127083, 43.289185], [-2.127083, 43.289307], [-2.127639, 43.289307], [-2.127639, 43.290138], [-2.127361, 43.290138], [-2.127361, 43.290695], [-2.127083, 43.290695], [-2.127083, 43.290974], [-2.126527, 43.290974], [-2.126527, 43.291248], [-2.126251, 43.291248], [-2.126251, 43.291527], [-2.125695, 43.291527], [-2.125695, 43.291805], [-2.125417, 43.291805], [-2.125417, 43.292084], [-2.125139, 43.292084], [-2.125139, 43.292362], [-2.124642, 43.292362], [-2.124307, 43.292362], [-2.124307, 43.292641], [-2.124029, 43.292641], [-2.124029, 43.293163], [-2.124029, 43.293472], [-2.123751, 43.293522], [-2.123751, 43.294029], [-2.121529, 43.294029], [-2.121529, 43.294304], [-2.120694, 43.294323], [-2.120694, 43.294582], [-2.120542, 43.294582], [-2.120416, 43.294582], [-2.120416, 43.294796], [-2.120416, 43.295418], [-2.120054, 43.295418], [-2.119584, 43.295418], [-2.119584, 43.295696], [-2.119306, 43.295696], [-2.119306, 43.295971], [-2.119026, 43.295998], [-2.11875, 43.296024], [-2.11875, 43.296249], [-2.117916, 43.296249], [-2.117916, 43.296528], [-2.11625, 43.296528], [-2.11625, 43.296806], [-2.115416, 43.296806], [-2.115416, 43.297085], [-2.114862, 43.297085], [-2.114862, 43.297359], [-2.114584, 43.297359], [-2.114584, 43.297638], [-2.114306, 43.297676], [-2.114306, 43.297916], [-2.114087, 43.297916], [-2.114028, 43.298195], [-2.113852, 43.298195], [-2.113795, 43.298244], [-2.11375, 43.298752], [-2.113472, 43.298752], [-2.113472, 43.299305], [-2.113194, 43.299305], [-2.113194, 43.299583], [-2.11264, 43.299583], [-2.11264, 43.299862], [-2.112084, 43.299862], [-2.112084, 43.30014], [-2.110691, 43.30014], [-2.110418, 43.30014], [-2.110418, 43.300415], [-2.109862, 43.300415], [-2.109862, 43.300694], [-2.109027, 43.300694], [-2.109027, 43.300972], [-2.108749, 43.300972], [-2.108749, 43.30125], [-2.108471, 43.30125], [-2.108471, 43.301529], [-2.105723, 43.301529], [-2.105695, 43.30125], [-2.104583, 43.30125], [-2.104583, 43.301529], [-2.104027, 43.301529], [-2.104027, 43.301807], [-2.103751, 43.301807], [-2.103751, 43.302082], [-2.103473, 43.302082], [-2.103473, 43.302361], [-2.102917, 43.302361], [-2.102917, 43.302639], [-2.101805, 43.302639], [-2.101805, 43.302917], [-2.100695, 43.302933], [-2.100695, 43.303196], [-2.099758, 43.303238], [-2.099583, 43.303246], [-2.099583, 43.303471], [-2.098774, 43.303471], [-2.098473, 43.303471], [-2.098473, 43.303749], [-2.09778, 43.30378], [-2.097639, 43.303787], [-2.097639, 43.304028], [-2.096804, 43.304028], [-2.096804, 43.304306], [-2.095973, 43.304306], [-2.095973, 43.304585], [-2.095138, 43.304585], [-2.095138, 43.304863], [-2.094028, 43.304863], [-2.094028, 43.305138], [-2.092809, 43.305138], [-2.09236, 43.305138], [-2.09236, 43.305264], [-2.09236, 43.305416], [-2.091811, 43.305416], [-2.09125, 43.305416], [-2.09125, 43.305573], [-2.09125, 43.305695], [-2.090815, 43.305695], [-2.090138, 43.305695], [-2.090138, 43.305973], [-2.089819, 43.305973], [-2.089306, 43.305973], [-2.089306, 43.306118], [-2.089306, 43.306252], [-2.088818, 43.306271], [-2.08875, 43.306526], [-2.088194, 43.306526], [-2.088194, 43.306252], [-2.087362, 43.306252], [-2.087362, 43.306526], [-2.086528, 43.306526], [-2.086528, 43.306805], [-2.085972, 43.306805], [-2.085972, 43.307083], [-2.085846, 43.307083], [-2.085416, 43.307083], [-2.085416, 43.307205], [-2.085416, 43.307362], [-2.084862, 43.307362], [-2.084862, 43.30764], [-2.084584, 43.30764], [-2.084584, 43.307915], [-2.082918, 43.307919], [-2.082918, 43.308193], [-2.077361, 43.308193], [-2.077361, 43.307919], [-2.076805, 43.307915], [-2.076805, 43.30764], [-2.073473, 43.30764], [-2.073473, 43.307915], [-2.072926, 43.307919], [-2.072639, 43.307919], [-2.072639, 43.308056], [-2.072639, 43.308193], [-2.072361, 43.308193], [-2.072361, 43.308472], [-2.072083, 43.308472], [-2.072083, 43.30875], [-2.071805, 43.30875], [-2.071805, 43.309307], [-2.071529, 43.309307], [-2.071529, 43.309582], [-2.071251, 43.309582], [-2.071251, 43.310051], [-2.071251, 43.310696], [-2.070745, 43.310696], [-2.070695, 43.31097], [-2.070417, 43.310974], [-2.070417, 43.311249], [-2.068001, 43.311249], [-2.067082, 43.311249], [-2.067082, 43.311371], [-2.067082, 43.311527], [-2.066806, 43.311527], [-2.066806, 43.311806], [-2.066528, 43.311806], [-2.066528, 43.312084], [-2.065138, 43.312084], [-2.065138, 43.312363], [-2.06486, 43.312363], [-2.06486, 43.312084], [-2.063472, 43.312084], [-2.063472, 43.311848], [-2.060972, 43.311806], [-2.060972, 43.312084], [-2.060694, 43.312084], [-2.060694, 43.312214], [-2.060694, 43.312363], [-2.060416, 43.312363], [-2.060416, 43.312637], [-2.059028, 43.312637], [-2.059028, 43.312916], [-2.055367, 43.312916], [-2.054305, 43.312916], [-2.054305, 43.313057], [-2.054305, 43.313194], [-2.053259, 43.313194], [-2.050139, 43.313194], [-2.050139, 43.313473], [-2.049305, 43.313473], [-2.049305, 43.313751], [-2.0492, 43.313751], [-2.048749, 43.313751], [-2.048749, 43.314026], [-2.048473, 43.314026], [-2.048473, 43.314304], [-2.047917, 43.314304], [-2.047917, 43.314583], [-2.047361, 43.314583], [-2.047361, 43.314861], [-2.046805, 43.314861], [-2.046805, 43.31514], [-2.045973, 43.31514], [-2.045973, 43.315418], [-2.045695, 43.315418], [-2.045695, 43.315693], [-2.045417, 43.315693], [-2.045417, 43.315971], [-2.045139, 43.315971], [-2.045139, 43.316696], [-2.045139, 43.316807], [-2.044984, 43.316807], [-2.044861, 43.316807], [-2.044861, 43.317081], [-2.044583, 43.317097], [-2.044583, 43.31736], [-2.041529, 43.31736], [-2.041529, 43.317638], [-2.039584, 43.317638], [-2.039584, 43.31736], [-2.038315, 43.31736], [-2.038194, 43.31736], [-2.038194, 43.317638], [-2.03795, 43.317638], [-2.03736, 43.317638], [-2.03736, 43.317917], [-2.036806, 43.317917], [-2.036806, 43.318195], [-2.036528, 43.318195], [-2.036528, 43.318474], [-2.03625, 43.318474], [-2.03625, 43.318748], [-2.035972, 43.318748], [-2.035972, 43.319027], [-2.035694, 43.319027], [-2.035694, 43.319305], [-2.035416, 43.319305], [-2.035416, 43.319584], [-2.034584, 43.319584], [-2.034584, 43.319862], [-2.03375, 43.319862], [-2.03375, 43.320137], [-2.032638, 43.320137], [-2.032638, 43.320415], [-2.031528, 43.320415], [-2.031528, 43.320694], [-2.029862, 43.320694], [-2.029862, 43.320972], [-2.029306, 43.320972], [-2.029306, 43.320694], [-2.02764, 43.320694], [-2.02764, 43.320972], [-2.024583, 43.320972], [-2.024583, 43.321251], [-2.024305, 43.321251], [-2.024305, 43.321529], [-2.023749, 43.321529], [-2.023749, 43.321804], [-2.023172, 43.321804], [-2.022639, 43.321804], [-2.022639, 43.322083], [-2.021892, 43.322083], [-2.020973, 43.322083], [-2.020973, 43.32196], [-2.020973, 43.321804], [-2.020417, 43.321804], [-2.020417, 43.321529], [-2.019583, 43.321529], [-2.019583, 43.321251], [-2.019027, 43.321251], [-2.019027, 43.321529], [-2.018751, 43.321529], [-2.018751, 43.321667], [-2.018751, 43.321804], [-2.017639, 43.321804], [-2.017639, 43.321529], [-2.016805, 43.321529], [-2.016805, 43.321411], [-2.016805, 43.321251], [-2.016529, 43.321251], [-2.016529, 43.320972], [-2.013472, 43.320972], [-2.013472, 43.321251], [-2.013194, 43.321251], [-2.013194, 43.321529], [-2.012916, 43.321529], [-2.012916, 43.321804], [-2.012638, 43.321804], [-2.012638, 43.323578], [-2.012638, 43.32375], [-2.01236, 43.32375], [-2.01236, 43.324028], [-2.009306, 43.324028], [-2.009306, 43.324306], [-2.007916, 43.324306], [-2.007916, 43.324028], [-2.007638, 43.324028], [-2.007638, 43.32375], [-2.005416, 43.32375], [-2.005416, 43.323471], [-2.004862, 43.323471], [-2.004862, 43.320694], [-2.00514, 43.320694], [-2.00514, 43.320366], [-2.00514, 43.319305], [-2.005024, 43.319305], [-2.004862, 43.319305], [-2.004862, 43.318394], [-2.004862, 43.317638], [-2.004584, 43.317638], [-2.004584, 43.31736], [-2.002544, 43.31736], [-2.002084, 43.31736], [-2.002065, 43.31715], [-2.001913, 43.317108], [-2.001806, 43.317081], [-2.001806, 43.316807], [-2.001527, 43.316807], [-2.001527, 43.316528], [-2.00068, 43.316528], [-2.000418, 43.316528], [-2.000418, 43.31641], [-2.000418, 43.31625], [-2.000139, 43.31625], [-1.999583, 43.31625], [-1.999583, 43.31604], [-1.999428, 43.316032], [-1.997917, 43.315971], [-1.997917, 43.315693], [-1.997639, 43.315693], [-1.997639, 43.315418], [-1.996527, 43.315418], [-1.996527, 43.31514], [-1.996249, 43.31514], [-1.996249, 43.314861], [-1.994027, 43.314861], [-1.994027, 43.314583], [-1.992639, 43.314583], [-1.992639, 43.314861], [-1.990417, 43.314861], [-1.990417, 43.31514], [-1.990139, 43.31514], [-1.990139, 43.315418], [-1.989861, 43.315418], [-1.989861, 43.315693], [-1.989583, 43.315693], [-1.989583, 43.315971], [-1.989029, 43.315971], [-1.989029, 43.31625], [-1.988473, 43.31625], [-1.988473, 43.316528], [-1.988195, 43.316528], [-1.988195, 43.316807], [-1.987916, 43.316807], [-1.987916, 43.317081], [-1.986528, 43.317081], [-1.986528, 43.31736], [-1.98625, 43.31736], [-1.98625, 43.317638], [-1.985972, 43.317638], [-1.985972, 43.318195], [-1.985416, 43.318195], [-1.985416, 43.318474], [-1.985138, 43.318474], [-1.985138, 43.319862], [-1.985416, 43.319862], [-1.985416, 43.320137], [-1.985694, 43.320137], [-1.985694, 43.320415], [-1.985972, 43.320415], [-1.985972, 43.320587], [-1.985972, 43.320694], [-1.986098, 43.320694], [-1.986528, 43.320694], [-1.986528, 43.320972], [-1.986674, 43.321003], [-1.986807, 43.321033], [-1.986807, 43.321251], [-1.987082, 43.321251], [-1.987082, 43.321529], [-1.98736, 43.321529], [-1.98736, 43.321804], [-1.987916, 43.321804], [-1.987916, 43.322083], [-1.988195, 43.322083], [-1.988195, 43.321804], [-1.988473, 43.321804], [-1.988473, 43.322083], [-1.98901, 43.322083], [-1.990695, 43.322083], [-1.990695, 43.322361], [-1.991529, 43.322361], [-1.991529, 43.322639], [-1.992361, 43.322639], [-1.992361, 43.322918], [-1.992639, 43.322918], [-1.992639, 43.323193], [-1.992917, 43.323193], [-1.992917, 43.323471], [-1.993195, 43.323471], [-1.993195, 43.32375], [-1.993751, 43.32375], [-1.993749, 43.324028], [-1.994027, 43.324028], [-1.994027, 43.324474], [-1.994027, 43.324585], [-1.993751, 43.324585], [-1.993751, 43.32486], [-1.993473, 43.32486], [-1.993473, 43.325138], [-1.993332, 43.325138], [-1.993195, 43.325138], [-1.993195, 43.325417], [-1.992917, 43.325417], [-1.992917, 43.325695], [-1.992639, 43.325695], [-1.992639, 43.325974], [-1.992361, 43.325974], [-1.992361, 43.326248], [-1.992083, 43.326248], [-1.992083, 43.326527], [-1.991529, 43.326527], [-1.991529, 43.326805], [-1.991251, 43.326805], [-1.991251, 43.327084], [-1.990695, 43.327084], [-1.990695, 43.327362], [-1.990417, 43.327362], [-1.990417, 43.327641], [-1.989304, 43.327641], [-1.989304, 43.327915], [-1.988751, 43.327915], [-1.988751, 43.327641], [-1.988195, 43.327641], [-1.988195, 43.327362], [-1.987916, 43.327362], [-1.987916, 43.327084], [-1.987638, 43.327084], [-1.987638, 43.326805], [-1.98736, 43.326805], [-1.98736, 43.326527], [-1.986426, 43.326527], [-1.985416, 43.326527], [-1.985416, 43.326248], [-1.984028, 43.326248], [-1.984028, 43.325974], [-1.983472, 43.325974], [-1.983472, 43.325695], [-1.982916, 43.325695], [-1.982916, 43.325417], [-1.982362, 43.325417], [-1.98236, 43.325138], [-1.981528, 43.325138], [-1.981528, 43.32486], [-1.980416, 43.32486], [-1.980416, 43.325138], [-1.979962, 43.325184], [-1.979862, 43.325195], [-1.979862, 43.325417], [-1.979584, 43.325417], [-1.979584, 43.325275], [-1.979584, 43.325138], [-1.975693, 43.325138], [-1.975693, 43.325417], [-1.97514, 43.325417], [-1.97514, 43.325695], [-1.974305, 43.325695], [-1.974305, 43.325974], [-1.973471, 43.325974], [-1.973471, 43.326248], [-1.973196, 43.326248], [-1.973196, 43.326527], [-1.972361, 43.326527], [-1.972361, 43.326805], [-1.972083, 43.326805], [-1.972083, 43.327084], [-1.971805, 43.327084], [-1.971805, 43.327507], [-1.971805, 43.327641], [-1.971527, 43.327641], [-1.971527, 43.327915], [-1.971249, 43.327915], [-1.971249, 43.328056], [-1.971249, 43.328194], [-1.970971, 43.328194], [-1.970971, 43.329029], [-1.971249, 43.329029], [-1.971249, 43.329304], [-1.971527, 43.329304], [-1.971527, 43.330139], [-1.971805, 43.330139], [-1.971805, 43.331806], [-1.971527, 43.331806], [-1.971527, 43.333195], [-1.971805, 43.333195], [-1.971805, 43.333752], [-1.972083, 43.333752], [-1.972083, 43.334026], [-1.972361, 43.334026], [-1.972361, 43.335415], [-1.971874, 43.335396], [-1.971805, 43.33514], [-1.971249, 43.33514], [-1.971249, 43.335415], [-1.970973, 43.335415], [-1.970971, 43.33514], [-1.970695, 43.33514], [-1.970695, 43.334862], [-1.970139, 43.334862], [-1.970139, 43.334583], [-1.969143, 43.334583], [-1.967639, 43.334583], [-1.967639, 43.334862], [-1.967361, 43.334862], [-1.967361, 43.335011], [-1.967361, 43.33514], [-1.966805, 43.33514], [-1.966805, 43.335415], [-1.965973, 43.335415], [-1.965973, 43.335693], [-1.965139, 43.335693], [-1.965139, 43.335972], [-1.964583, 43.335972], [-1.964583, 43.33625], [-1.963131, 43.33625], [-1.962917, 43.33625], [-1.962917, 43.336655], [-1.962917, 43.337082], [-1.962639, 43.337082], [-1.962639, 43.33736], [-1.962361, 43.33736], [-1.962361, 43.337639], [-1.960973, 43.337639], [-1.960973, 43.337917], [-1.960416, 43.337917], [-1.960416, 43.337723], [-1.960416, 43.337639], [-1.960113, 43.337639], [-1.95986, 43.337639], [-1.95986, 43.33736], [-1.959133, 43.33736], [-1.959028, 43.33736], [-1.959028, 43.337082], [-1.958194, 43.337082], [-1.958194, 43.33625], [-1.957916, 43.33625], [-1.957916, 43.335972], [-1.954215, 43.335972], [-1.954028, 43.335972], [-1.954028, 43.335693], [-1.953228, 43.335693], [-1.952638, 43.335693], [-1.952638, 43.335526], [-1.952638, 43.335415], [-1.952241, 43.335415], [-1.95125, 43.335415], [-1.95125, 43.335136], [-1.95125, 43.334862], [-1.950972, 43.334862], [-1.950972, 43.334583], [-1.950694, 43.334583], [-1.950694, 43.334305], [-1.950416, 43.334305], [-1.950416, 43.334026], [-1.95014, 43.334026], [-1.95014, 43.333752], [-1.949862, 43.333752], [-1.949862, 43.332916], [-1.949584, 43.332916], [-1.949584, 43.332638], [-1.949028, 43.332638], [-1.949028, 43.332359], [-1.94875, 43.332359], [-1.94875, 43.332085], [-1.948086, 43.332085], [-1.94764, 43.332085], [-1.94764, 43.332359], [-1.947512, 43.332359], [-1.946249, 43.332359], [-1.946249, 43.332638], [-1.945971, 43.332638], [-1.945971, 43.332916], [-1.945693, 43.332916], [-1.945693, 43.333225], [-1.945693, 43.333473], [-1.945417, 43.333473], [-1.945417, 43.333752], [-1.945139, 43.333752], [-1.945139, 43.334026], [-1.944583, 43.334026], [-1.944583, 43.334305], [-1.943435, 43.334305], [-1.943195, 43.334305], [-1.943195, 43.334419], [-1.943195, 43.33514], [-1.942917, 43.33514], [-1.942917, 43.335415], [-1.941251, 43.335415], [-1.941251, 43.335693], [-1.939583, 43.335693], [-1.939583, 43.335972], [-1.939029, 43.335972], [-1.939029, 43.33625], [-1.938751, 43.33625], [-1.938751, 43.335972], [-1.938195, 43.335972], [-1.938195, 43.335693], [-1.937917, 43.335693], [-1.937917, 43.335529], [-1.937917, 43.335415], [-1.936805, 43.335415], [-1.936805, 43.33514], [-1.934582, 43.33514], [-1.934582, 43.335415], [-1.934029, 43.335415], [-1.934029, 43.335693], [-1.933158, 43.335693], [-1.932084, 43.335693], [-1.932084, 43.33514], [-1.931806, 43.33514], [-1.931806, 43.334583], [-1.931528, 43.334583], [-1.931528, 43.334026], [-1.931332, 43.334026], [-1.93125, 43.334026], [-1.931255, 43.333752], [-1.930972, 43.333752], [-1.930972, 43.333473], [-1.930694, 43.333473], [-1.930694, 43.333195], [-1.930416, 43.333195], [-1.930416, 43.332966], [-1.930416, 43.332638], [-1.930138, 43.332638], [-1.930138, 43.332359], [-1.929584, 43.332359], [-1.929584, 43.332481], [-1.929584, 43.332638], [-1.926528, 43.332638], [-1.926528, 43.332359], [-1.925416, 43.332359], [-1.925416, 43.332085], [-1.92514, 43.332085], [-1.92514, 43.33197], [-1.925138, 43.331528], [-1.924862, 43.331528], [-1.924862, 43.330696], [-1.925138, 43.330696], [-1.925138, 43.329861], [-1.924862, 43.329861], [-1.924862, 43.329582], [-1.924584, 43.329582], [-1.924584, 43.329304], [-1.924306, 43.329304], [-1.924306, 43.329029], [-1.924028, 43.329029], [-1.924028, 43.328751], [-1.922916, 43.328751], [-1.922916, 43.328472], [-1.922362, 43.328472], [-1.922362, 43.327915], [-1.922084, 43.327915], [-1.922084, 43.327362], [-1.921806, 43.327362], [-1.921806, 43.326805], [-1.921528, 43.326805], [-1.921528, 43.325417], [-1.921806, 43.325417], [-1.921806, 43.325138], [-1.922362, 43.325138], [-1.922362, 43.32486], [-1.922916, 43.32486], [-1.922916, 43.324585], [-1.923194, 43.324585], [-1.923194, 43.32486], [-1.92375, 43.32486], [-1.92375, 43.324585], [-1.924028, 43.324585], [-1.924028, 43.324306], [-1.924584, 43.324306], [-1.924584, 43.324028], [-1.924862, 43.324028], [-1.924862, 43.323471], [-1.925138, 43.323471], [-1.925138, 43.323193], [-1.924862, 43.323193], [-1.924862, 43.322918], [-1.924306, 43.322918], [-1.924306, 43.323193], [-1.923194, 43.323193], [-1.923194, 43.322918], [-1.920971, 43.322918], [-1.920971, 43.322639], [-1.920693, 43.322639], [-1.920693, 43.322361], [-1.920418, 43.322361], [-1.920418, 43.322083], [-1.919027, 43.322083], [-1.919027, 43.321804], [-1.918749, 43.321804], [-1.918749, 43.321529], [-1.917639, 43.321529], [-1.917639, 43.321251], [-1.916527, 43.321251], [-1.916527, 43.320972], [-1.915973, 43.320972], [-1.915973, 43.320694], [-1.915695, 43.320694], [-1.915695, 43.320415], [-1.914861, 43.320415], [-1.914861, 43.320137], [-1.914583, 43.320137], [-1.914583, 43.319862], [-1.914305, 43.319862], [-1.914305, 43.319584], [-1.913767, 43.319584], [-1.913473, 43.319584], [-1.913473, 43.319305], [-1.912917, 43.319305], [-1.912917, 43.319584], [-1.911805, 43.319584], [-1.911805, 43.319305], [-1.910695, 43.319305], [-1.910695, 43.319958], [-1.910695, 43.320137], [-1.911529, 43.320137], [-1.911529, 43.320415], [-1.912083, 43.320415], [-1.912083, 43.320694], [-1.913473, 43.320694], [-1.913473, 43.321529], [-1.913749, 43.321529], [-1.913751, 43.321804], [-1.914583, 43.321804], [-1.914583, 43.322083], [-1.915139, 43.322083], [-1.915139, 43.322361], [-1.915417, 43.322361], [-1.915417, 43.322639], [-1.916805, 43.322639], [-1.916805, 43.323193], [-1.917083, 43.323193], [-1.917083, 43.323471], [-1.917361, 43.323471], [-1.917361, 43.32375], [-1.917917, 43.32375], [-1.917917, 43.324028], [-1.918195, 43.324028], [-1.918195, 43.324306], [-1.918749, 43.324306], [-1.918749, 43.324585], [-1.919027, 43.324585], [-1.919027, 43.32486], [-1.919305, 43.32486], [-1.919305, 43.325138], [-1.919583, 43.325138], [-1.919583, 43.325695], [-1.919861, 43.325695], [-1.919861, 43.326248], [-1.92014, 43.326248], [-1.92014, 43.326805], [-1.920418, 43.326805], [-1.920418, 43.327084], [-1.920693, 43.327084], [-1.920693, 43.327362], [-1.921249, 43.327362], [-1.921249, 43.327641], [-1.921528, 43.327641], [-1.921528, 43.328194], [-1.921806, 43.328194], [-1.921806, 43.328751], [-1.922084, 43.328751], [-1.922084, 43.329304], [-1.92264, 43.329304], [-1.92264, 43.329582], [-1.923472, 43.329582], [-1.923472, 43.330971], [-1.92375, 43.330971], [-1.92375, 43.331249], [-1.924028, 43.331249], [-1.924028, 43.332104], [-1.924028, 43.332916], [-1.924306, 43.332916], [-1.924306, 43.333195], [-1.924584, 43.333195], [-1.924584, 43.333752], [-1.924862, 43.333752], [-1.924862, 43.334026], [-1.925138, 43.334026], [-1.925138, 43.334305], [-1.925972, 43.334305], [-1.925972, 43.334583], [-1.92625, 43.334583], [-1.92625, 43.334862], [-1.926528, 43.334862], [-1.926528, 43.33514], [-1.926676, 43.33514], [-1.927362, 43.33514], [-1.927362, 43.335415], [-1.92625, 43.335415], [-1.92625, 43.335693], [-1.925416, 43.335693], [-1.925416, 43.335972], [-1.924281, 43.335972], [-1.922916, 43.335972], [-1.922916, 43.336094], [-1.922916, 43.33625], [-1.921249, 43.33625], [-1.921249, 43.336529], [-1.92014, 43.336529], [-1.92014, 43.336807], [-1.917917, 43.336807], [-1.917917, 43.337082], [-1.916527, 43.337082], [-1.916527, 43.33736], [-1.915417, 43.33736], [-1.915417, 43.337639], [-1.914583, 43.337658], [-1.914583, 43.337917], [-1.914027, 43.337944], [-1.914027, 43.338196], [-1.913541, 43.338196], [-1.913473, 43.33847], [-1.913008, 43.33847], [-1.912639, 43.33847], [-1.912639, 43.338749], [-1.912468, 43.338749], [-1.912361, 43.338749], [-1.912361, 43.33847], [-1.911805, 43.33847], [-1.911805, 43.338749], [-1.911529, 43.338749], [-1.911529, 43.339027], [-1.911251, 43.339027], [-1.911251, 43.339306], [-1.910973, 43.339306], [-1.910973, 43.339584], [-1.910845, 43.339584], [-1.909861, 43.339584], [-1.909861, 43.339863], [-1.909029, 43.339863], [-1.909026, 43.340137], [-1.907917, 43.340137], [-1.907917, 43.340416], [-1.90736, 43.340416], [-1.90736, 43.340694], [-1.907082, 43.340694], [-1.907082, 43.340973], [-1.906529, 43.340973], [-1.906529, 43.341251], [-1.906419, 43.341251], [-1.905972, 43.341251], [-1.905972, 43.341385], [-1.905972, 43.341526], [-1.905503, 43.341526], [-1.903472, 43.341526], [-1.903472, 43.341805], [-1.902916, 43.341805], [-1.902916, 43.342083], [-1.902362, 43.342083], [-1.902362, 43.342361], [-1.902084, 43.342361], [-1.902084, 43.34264], [-1.901788, 43.34264], [-1.900972, 43.34264], [-1.900972, 43.342918], [-1.900858, 43.342918], [-1.900694, 43.342918], [-1.900694, 43.34264], [-1.900138, 43.34264], [-1.900138, 43.342918], [-1.899028, 43.342918], [-1.899028, 43.343193], [-1.89875, 43.343193], [-1.89875, 43.343472], [-1.898472, 43.343472], [-1.898472, 43.343636], [-1.898472, 43.34375], [-1.898084, 43.34375], [-1.897362, 43.34375], [-1.897362, 43.344028], [-1.897154, 43.344028], [-1.897084, 43.344307], [-1.896528, 43.344307], [-1.896528, 43.34486], [-1.89514, 43.34486], [-1.89514, 43.345139], [-1.894862, 43.345139], [-1.894862, 43.345417], [-1.894306, 43.345417], [-1.894306, 43.345139], [-1.894027, 43.345139], [-1.894027, 43.345417], [-1.893471, 43.345417], [-1.893471, 43.345695], [-1.893193, 43.345695], [-1.893193, 43.345974], [-1.892361, 43.345974], [-1.892361, 43.346249], [-1.891527, 43.346268], [-1.891527, 43.346527], [-1.891076, 43.346573], [-1.890973, 43.346584], [-1.890971, 43.346806], [-1.890579, 43.346806], [-1.890417, 43.346806], [-1.890417, 43.347084], [-1.890085, 43.347084], [-1.889861, 43.347084], [-1.889861, 43.34721], [-1.889861, 43.347363], [-1.889583, 43.347366], [-1.889583, 43.347637], [-1.889027, 43.347637], [-1.889027, 43.347916], [-1.888615, 43.347916], [-1.888195, 43.347916], [-1.888195, 43.348194], [-1.887639, 43.348194], [-1.887639, 43.348473], [-1.887083, 43.348473], [-1.887083, 43.348751], [-1.886251, 43.348751], [-1.886251, 43.34903], [-1.885695, 43.34903], [-1.885695, 43.349304], [-1.885139, 43.349304], [-1.885139, 43.349583], [-1.884583, 43.349583], [-1.884583, 43.349304], [-1.883473, 43.349304], [-1.883473, 43.349472], [-1.883473, 43.349583], [-1.883195, 43.349583], [-1.883195, 43.349735], [-1.883195, 43.35014], [-1.882917, 43.35014], [-1.882917, 43.350418], [-1.882796, 43.350418], [-1.882361, 43.350418], [-1.882361, 43.350693], [-1.882083, 43.350693], [-1.882083, 43.350971], [-1.881807, 43.350971], [-1.881807, 43.35125], [-1.881529, 43.35125], [-1.881529, 43.351807], [-1.881251, 43.351807], [-1.881251, 43.352085], [-1.880973, 43.352085], [-1.880973, 43.35236], [-1.880416, 43.35236], [-1.880416, 43.352638], [-1.880138, 43.352638], [-1.880138, 43.353474], [-1.87986, 43.353474], [-1.87986, 43.354027], [-1.879582, 43.354027], [-1.879582, 43.354305], [-1.879307, 43.354305], [-1.879304, 43.355141], [-1.879028, 43.355141], [-1.879028, 43.355415], [-1.87875, 43.355415], [-1.87875, 43.356251], [-1.878472, 43.356251], [-1.878472, 43.356804], [-1.878194, 43.356804], [-1.878194, 43.357082], [-1.877916, 43.357082], [-1.877916, 43.357639], [-1.877638, 43.357639], [-1.877638, 43.358196], [-1.87736, 43.358196], [-1.87736, 43.358749], [-1.877084, 43.358749], [-1.877084, 43.359585], [-1.876806, 43.359585], [-1.876806, 43.359859], [-1.876528, 43.359859], [-1.876528, 43.360138], [-1.87625, 43.360138], [-1.87625, 43.360973], [-1.875972, 43.360973], [-1.875972, 43.361805], [-1.875694, 43.361805], [-1.875694, 43.36264], [-1.875416, 43.36264], [-1.875416, 43.362915], [-1.874862, 43.362915], [-1.874862, 43.363194], [-1.87375, 43.363194], [-1.87375, 43.363472], [-1.873194, 43.363472], [-1.873194, 43.363628], [-1.873194, 43.36375], [-1.872638, 43.36375], [-1.872638, 43.364029], [-1.872362, 43.364029], [-1.872362, 43.364861], [-1.872084, 43.364861], [-1.872084, 43.365971], [-1.871806, 43.365971], [-1.871806, 43.366249], [-1.87164, 43.366249], [-1.871528, 43.366249], [-1.871528, 43.366611], [-1.871528, 43.367085], [-1.871384, 43.367085], [-1.87125, 43.367085], [-1.87125, 43.367523], [-1.87125, 43.368195], [-1.871143, 43.368195], [-1.870972, 43.368195], [-1.870972, 43.368752], [-1.870694, 43.368752], [-1.870694, 43.369026], [-1.869762, 43.369026], [-1.869584, 43.369026], [-1.869584, 43.369156], [-1.869584, 43.369305], [-1.869374, 43.369305], [-1.868193, 43.369305], [-1.868193, 43.369583], [-1.867918, 43.369583], [-1.867918, 43.370415], [-1.866805, 43.370419], [-1.866805, 43.370693], [-1.866527, 43.370693], [-1.866527, 43.370972], [-1.866249, 43.370972], [-1.866249, 43.371529], [-1.865417, 43.371529], [-1.865417, 43.371807], [-1.865139, 43.371807], [-1.865139, 43.372082], [-1.864861, 43.372082], [-1.864861, 43.372238], [-1.864861, 43.37236], [-1.864027, 43.37236], [-1.864027, 43.372082], [-1.863195, 43.372082], [-1.863195, 43.371807], [-1.861005, 43.371807], [-1.860695, 43.371807], [-1.860695, 43.372082], [-1.860417, 43.372082], [-1.860417, 43.37326], [-1.860417, 43.37347], [-1.859861, 43.373474], [-1.859861, 43.373749], [-1.859583, 43.373749], [-1.859583, 43.374027], [-1.858751, 43.374027], [-1.858751, 43.374306], [-1.858473, 43.374306], [-1.858473, 43.374584], [-1.857639, 43.374584], [-1.857639, 43.374863], [-1.857361, 43.374863], [-1.857361, 43.375137], [-1.856251, 43.375137], [-1.856251, 43.374863], [-1.855139, 43.374863], [-1.855139, 43.374584], [-1.854029, 43.374584], [-1.854029, 43.374863], [-1.853751, 43.374863], [-1.853751, 43.375137], [-1.853473, 43.375137], [-1.853473, 43.375416], [-1.853194, 43.375416], [-1.853194, 43.376251], [-1.852638, 43.376251], [-1.852638, 43.376526], [-1.85236, 43.376526], [-1.85236, 43.376804], [-1.852085, 43.376804], [-1.852085, 43.377083], [-1.851528, 43.377083], [-1.851528, 43.377361], [-1.851114, 43.377361], [-1.850972, 43.377361], [-1.850972, 43.377506], [-1.850972, 43.37764], [-1.85084, 43.37764], [-1.850694, 43.37764], [-1.850694, 43.377789], [-1.850694, 43.377918], [-1.850569, 43.377918], [-1.850138, 43.377918], [-1.850138, 43.378193], [-1.849862, 43.378193], [-1.849862, 43.378471], [-1.849584, 43.378471], [-1.849584, 43.37875], [-1.849028, 43.37875], [-1.849028, 43.377918], [-1.848819, 43.377918], [-1.848472, 43.377918], [-1.848472, 43.37764], [-1.84736, 43.37764], [-1.84736, 43.377361], [-1.846806, 43.377361], [-1.846806, 43.377083], [-1.84625, 43.377083], [-1.84625, 43.376526], [-1.845972, 43.376526], [-1.845972, 43.376251], [-1.84514, 43.376251], [-1.84514, 43.376804], [-1.844862, 43.376804], [-1.844862, 43.377083], [-1.844584, 43.377083], [-1.844584, 43.377361], [-1.843194, 43.377361], [-1.843194, 43.37764], [-1.842916, 43.37764], [-1.842916, 43.377918], [-1.842362, 43.377918], [-1.842362, 43.378193], [-1.842084, 43.378193], [-1.842084, 43.378471], [-1.841806, 43.378471], [-1.841806, 43.37875], [-1.841528, 43.37875], [-1.841528, 43.379028], [-1.84125, 43.379028], [-1.84125, 43.379307], [-1.840971, 43.379307], [-1.840971, 43.379581], [-1.840693, 43.379581], [-1.840693, 43.380138], [-1.840418, 43.380138], [-1.840418, 43.380417], [-1.839862, 43.380417], [-1.839862, 43.380695], [-1.839583, 43.380695], [-1.839583, 43.380974], [-1.839305, 43.380974], [-1.839305, 43.381248], [-1.838749, 43.381248], [-1.838749, 43.381527], [-1.838471, 43.381527], [-1.838471, 43.381805], [-1.835695, 43.381805], [-1.835695, 43.382084], [-1.835417, 43.382084], [-1.835417, 43.382362], [-1.835139, 43.382362], [-1.835139, 43.382637], [-1.834305, 43.382637], [-1.834305, 43.382915], [-1.834027, 43.382915], [-1.834027, 43.383472], [-1.833751, 43.383472], [-1.833751, 43.383751], [-1.830139, 43.383751], [-1.830139, 43.384029], [-1.829125, 43.384029], [-1.827917, 43.384029], [-1.827917, 43.384304], [-1.827639, 43.384304], [-1.827639, 43.38443], [-1.827639, 43.384583], [-1.825138, 43.384583], [-1.825138, 43.384861], [-1.82236, 43.384861], [-1.82236, 43.385139], [-1.822084, 43.385139], [-1.822084, 43.385418], [-1.821806, 43.385418], [-1.821806, 43.384861], [-1.821528, 43.384861], [-1.821528, 43.384583], [-1.820694, 43.384583], [-1.820694, 43.384861], [-1.820416, 43.384861], [-1.820416, 43.385139], [-1.82014, 43.385139], [-1.82014, 43.385418], [-1.819584, 43.385418], [-1.819584, 43.385693], [-1.819028, 43.385693], [-1.819028, 43.385971], [-1.81875, 43.385971], [-1.81875, 43.38625], [-1.815418, 43.38625], [-1.815418, 43.386528], [-1.81514, 43.386528], [-1.81514, 43.386806], [-1.814862, 43.386806], [-1.814862, 43.387085], [-1.814584, 43.387085], [-1.814584, 43.38736], [-1.814306, 43.38736], [-1.814306, 43.387638], [-1.812361, 43.387638], [-1.812361, 43.387917], [-1.810417, 43.387917], [-1.810417, 43.388195], [-1.809027, 43.388195], [-1.809027, 43.388474], [-1.807361, 43.388474], [-1.807361, 43.388748], [-1.806805, 43.388748], [-1.806805, 43.389027], [-1.805973, 43.389027], [-1.805973, 43.388748], [-1.805695, 43.388748], [-1.805695, 43.388474], [-1.803751, 43.388474], [-1.803751, 43.388748], [-1.803473, 43.388748], [-1.803473, 43.389027], [-1.802917, 43.389027], [-1.802917, 43.389305], [-1.802361, 43.389305], [-1.802361, 43.390141], [-1.802083, 43.390141], [-1.802083, 43.390415], [-1.801805, 43.390415], [-1.801805, 43.390694], [-1.800973, 43.390694], [-1.800973, 43.390972], [-1.800417, 43.390972], [-1.800417, 43.391251], [-1.79986, 43.391251], [-1.79986, 43.391529], [-1.799582, 43.391529], [-1.799582, 43.391804], [-1.799029, 43.391804], [-1.799029, 43.392082], [-1.79875, 43.392082], [-1.79875, 43.392361], [-1.796806, 43.392361], [-1.796806, 43.392639], [-1.796528, 43.392639], [-1.796528, 43.393196], [-1.79625, 43.393196], [-1.79625, 43.393471], [-1.794833, 43.393471], [-1.792084, 43.393471], [-1.792084, 43.393196], [-1.790694, 43.393196], [-1.790694, 43.392918], [-1.790416, 43.392918], [-1.790418, 43.392639], [-1.79014, 43.392639], [-1.79014, 43.392361], [-1.789862, 43.392361], [-1.789862, 43.391804], [-1.79014, 43.391804], [-1.79014, 43.391529], [-1.790418, 43.391529], [-1.790418, 43.390972], [-1.79014, 43.390972], [-1.79014, 43.390694], [-1.789862, 43.390694], [-1.789862, 43.390415], [-1.78875, 43.390415], [-1.78875, 43.389881], [-1.78875, 43.389584], [-1.789028, 43.389584], [-1.789028, 43.389027], [-1.789306, 43.389027], [-1.789306, 43.388748], [-1.789862, 43.388748], [-1.789862, 43.388474], [-1.79014, 43.388474], [-1.79014, 43.388195], [-1.790418, 43.388195], [-1.790418, 43.387085], [-1.790694, 43.387085], [-1.790694, 43.386806], [-1.790972, 43.386806], [-1.790972, 43.386528], [-1.79125, 43.386528], [-1.79125, 43.38625], [-1.791528, 43.38625], [-1.791528, 43.385971], [-1.791806, 43.385971], [-1.791806, 43.385693], [-1.792638, 43.385693], [-1.792638, 43.385418], [-1.792916, 43.385418], [-1.792916, 43.385139], [-1.793504, 43.385139], [-1.794028, 43.385139], [-1.794028, 43.384861], [-1.794306, 43.384861], [-1.794347, 43.384354], [-1.794409, 43.384304], [-1.794584, 43.384304], [-1.794584, 43.384125], [-1.794584, 43.384029], [-1.794705, 43.384029], [-1.79486, 43.384029], [-1.794862, 43.383865], [-1.794862, 43.383751], [-1.794983, 43.383751], [-1.795694, 43.383751], [-1.795694, 43.383472], [-1.795972, 43.383472], [-1.795972, 43.382915], [-1.79625, 43.382915], [-1.79625, 43.382637], [-1.796528, 43.382637], [-1.796528, 43.382362], [-1.797084, 43.382362], [-1.797084, 43.382084], [-1.79736, 43.382084], [-1.79736, 43.381805], [-1.797638, 43.381805], [-1.797638, 43.38126], [-1.797916, 43.381248], [-1.797916, 43.381001], [-1.797916, 43.380138], [-1.79736, 43.380138], [-1.79736, 43.37986], [-1.796528, 43.37986], [-1.796528, 43.379307], [-1.795972, 43.379307], [-1.795972, 43.379028], [-1.795138, 43.379028], [-1.795138, 43.37875], [-1.794584, 43.37875], [-1.794584, 43.378471], [-1.794028, 43.378471], [-1.794028, 43.378193], [-1.79375, 43.378193], [-1.79375, 43.377918], [-1.793472, 43.377918], [-1.793472, 43.37764], [-1.792084, 43.37764], [-1.792084, 43.377361], [-1.791806, 43.377361], [-1.791806, 43.377083], [-1.79125, 43.377083], [-1.79125, 43.376713], [-1.79125, 43.376251], [-1.791806, 43.376251], [-1.791806, 43.375973], [-1.792084, 43.375973], [-1.792084, 43.375694], [-1.792362, 43.375694], [-1.792362, 43.374863], [-1.792638, 43.374863], [-1.792638, 43.374306], [-1.792362, 43.374306], [-1.792362, 43.374027], [-1.792957, 43.374027], [-1.793194, 43.374027], [-1.793194, 43.373833], [-1.793194, 43.373474], [-1.793363, 43.373474], [-1.793472, 43.373474], [-1.793472, 43.373245], [-1.793472, 43.372723], [-1.793472, 43.37236], [-1.793194, 43.37236], [-1.793194, 43.370667], [-1.793194, 43.370419], [-1.792916, 43.370415], [-1.792916, 43.369926], [-1.792916, 43.369305], [-1.792683, 43.369305], [-1.792663, 43.369179], [-1.792638, 43.369026], [-1.792362, 43.369026], [-1.792362, 43.368752], [-1.792084, 43.368752], [-1.792084, 43.368473], [-1.791806, 43.368473], [-1.791806, 43.368195], [-1.79125, 43.368195], [-1.79125, 43.367085], [-1.791528, 43.367085], [-1.791528, 43.366806], [-1.79125, 43.366806], [-1.79125, 43.366528], [-1.791038, 43.366528], [-1.790972, 43.366249], [-1.790694, 43.366249], [-1.790694, 43.365696], [-1.790416, 43.365696], [-1.790418, 43.365417], [-1.79014, 43.365417], [-1.79014, 43.365139], [-1.789862, 43.365139], [-1.789862, 43.364861], [-1.789584, 43.364861], [-1.789584, 43.364582], [-1.789306, 43.364582], [-1.789306, 43.364307], [-1.789028, 43.364307], [-1.789028, 43.364029], [-1.788652, 43.364029], [-1.788472, 43.364029], [-1.788472, 43.363815], [-1.788, 43.363762], [-1.787915, 43.36375], [-1.787915, 43.363472], [-1.78764, 43.363472], [-1.78764, 43.363194], [-1.786664, 43.363194], [-1.785971, 43.363194], [-1.785971, 43.362907], [-1.785971, 43.36264], [-1.786806, 43.36264], [-1.786806, 43.362362], [-1.787084, 43.362362], [-1.787084, 43.361805], [-1.787362, 43.361805], [-1.787362, 43.361526], [-1.78764, 43.361526], [-1.78764, 43.360416], [-1.787915, 43.360416], [-1.787915, 43.359859], [-1.788194, 43.359859], [-1.788194, 43.359585], [-1.788472, 43.359585], [-1.788472, 43.359467], [-1.788472, 43.359306], [-1.78875, 43.359306], [-1.78875, 43.358749], [-1.789306, 43.358749], [-1.789306, 43.358471], [-1.789584, 43.358471], [-1.789584, 43.358196], [-1.789862, 43.358196], [-1.789862, 43.357918], [-1.79014, 43.357918], [-1.79014, 43.357639], [-1.790972, 43.357639], [-1.790972, 43.357361], [-1.791528, 43.357361], [-1.791528, 43.357082], [-1.791806, 43.357082], [-1.791806, 43.356529], [-1.792084, 43.356529], [-1.792084, 43.355972], [-1.792362, 43.355972], [-1.792362, 43.355694], [-1.792638, 43.355694], [-1.792638, 43.355415], [-1.792916, 43.355415], [-1.792916, 43.355141], [-1.793194, 43.355141], [-1.793194, 43.354862], [-1.793472, 43.354862], [-1.793472, 43.354584], [-1.79375, 43.354584], [-1.79375, 43.354305], [-1.794306, 43.354305], [-1.794306, 43.354027], [-1.79486, 43.354027], [-1.79486, 43.353909], [-1.794862, 43.353748], [-1.795138, 43.353748], [-1.795138, 43.352917], [-1.795416, 43.352917], [-1.795416, 43.352638], [-1.795694, 43.352638], [-1.795694, 43.35236], [-1.79625, 43.35236], [-1.79625, 43.352085], [-1.796528, 43.352085], [-1.796528, 43.351807], [-1.797084, 43.351807], [-1.797084, 43.351528], [-1.79736, 43.351528], [-1.79736, 43.35125], [-1.797638, 43.35125], [-1.797638, 43.350971], [-1.797916, 43.350971], [-1.797916, 43.350693], [-1.798194, 43.350693], [-1.798194, 43.348873], [-1.798194, 43.346806], [-1.797916, 43.346806], [-1.797916, 43.346527], [-1.797638, 43.346527], [-1.797638, 43.346249], [-1.79736, 43.346249], [-1.79736, 43.345974], [-1.796806, 43.345974], [-1.796806, 43.345695], [-1.796528, 43.345695], [-1.796528, 43.345417], [-1.79625, 43.345417], [-1.79625, 43.345139], [-1.795416, 43.345139], [-1.795416, 43.345417], [-1.795138, 43.345417], [-1.795138, 43.345695], [-1.79486, 43.345695], [-1.79486, 43.345974], [-1.794306, 43.345974], [-1.794306, 43.346249], [-1.79375, 43.346249], [-1.79375, 43.346527], [-1.793472, 43.346527], [-1.793472, 43.346806], [-1.793194, 43.346806], [-1.793194, 43.347084], [-1.792638, 43.347084], [-1.792638, 43.347363], [-1.792362, 43.347363], [-1.792362, 43.347637], [-1.792084, 43.347637], [-1.792084, 43.347916], [-1.791528, 43.347916], [-1.791528, 43.348194], [-1.790972, 43.348194], [-1.790972, 43.348473], [-1.790694, 43.348473], [-1.790694, 43.348751], [-1.790416, 43.348751], [-1.790416, 43.34903], [-1.79014, 43.34903], [-1.79014, 43.349304], [-1.789862, 43.349304], [-1.789862, 43.349583], [-1.789306, 43.349583], [-1.789306, 43.349861], [-1.788472, 43.349861], [-1.788472, 43.35014], [-1.787915, 43.35014], [-1.787915, 43.350418], [-1.786639, 43.350418], [-1.786265, 43.35001], [-1.784159, 43.34951], [-1.777447, 43.347923], [-1.776679, 43.345661], [-1.776167, 43.344154], [-1.77157, 43.342648], [-1.771031, 43.342754], [-1.762701, 43.344414], [-1.76228, 43.344379], [-1.761947, 43.344017], [-1.760934, 43.344162], [-1.752958, 43.340736], [-1.752422, 43.338539], [-1.751757, 43.334202], [-1.749619, 43.332001], [-1.745853, 43.331757], [-1.73882, 43.329037], [-1.7396, 43.316711], [-1.739887, 43.316433], [-1.739632, 43.316212], [-1.739695, 43.31522], [-1.737839, 43.311745], [-1.738545, 43.311008], [-1.737144, 43.310444], [-1.731045, 43.299019], [-1.730009, 43.299156], [-1.728865, 43.296131], [-1.728302, 43.295376], [-1.72959, 43.293941], [-1.737177, 43.295441], [-1.740373, 43.295322], [-1.740731, 43.294121], [-1.743522, 43.294998], [-1.75033, 43.29303], [-1.75441, 43.289471], [-1.755372, 43.290722], [-1.761309, 43.2897], [-1.761405, 43.287964], [-1.764666, 43.286423], [-1.773179, 43.289089], [-1.783207, 43.286819], [-1.786505, 43.279732], [-1.793878, 43.276459], [-1.791346, 43.269917], [-1.795168, 43.264179], [-1.792902, 43.256561], [-1.795822, 43.253483], [-1.79494, 43.246925], [-1.798083, 43.245022], [-1.80402, 43.24432], [-1.805447, 43.240051], [-1.807486, 43.239037], [-1.818795, 43.238873], [-1.821293, 43.237045], [-1.822463, 43.231384], [-1.824965, 43.228664], [-1.829637, 43.228992], [-1.832008, 43.227432], [-1.834745, 43.228546], [-1.83338, 43.224617], [-1.834804, 43.224174], [-1.835536, 43.22578], [-1.839991, 43.223927], [-1.844563, 43.225037], [-1.846339, 43.223667], [-1.849181, 43.224396], [-1.848978, 43.228008], [-1.851652, 43.226685], [-1.850295, 43.223373], [-1.852502, 43.221336], [-1.852367, 43.218704], [-1.857119, 43.218704], [-1.85438, 43.217709], [-1.854159, 43.215778], [-1.860217, 43.217663], [-1.86033, 43.212238], [-1.862208, 43.211849], [-1.864011, 43.212894], [-1.863195, 43.215759], [-1.866648, 43.218063], [-1.864492, 43.22205], [-1.866199, 43.224316], [-1.864597, 43.224434], [-1.86699, 43.226261], [-1.867492, 43.23037], [-1.872474, 43.22599], [-1.875019, 43.230843], [-1.876638, 43.231903], [-1.880697, 43.228107], [-1.877816, 43.227375], [-1.879974, 43.225174], [-1.877438, 43.223267], [-1.880624, 43.220631], [-1.873834, 43.220303], [-1.874967, 43.218296], [-1.880761, 43.217911], [-1.878915, 43.217247], [-1.879307, 43.21463], [-1.877014, 43.217491], [-1.875357, 43.215889], [-1.877668, 43.213974], [-1.87501, 43.213253], [-1.87486, 43.210762], [-1.87924, 43.21154], [-1.88133, 43.212288], [-1.88211, 43.210831], [-1.881702, 43.206821], [-1.886723, 43.214413], [-1.889487, 43.213902], [-1.888298, 43.211647], [-1.889939, 43.207359], [-1.892238, 43.210308], [-1.894798, 43.209602], [-1.902921, 43.211159], [-1.908156, 43.217178], [-1.903222, 43.21841], [-1.909514, 43.220451], [-1.909911, 43.223011], [-1.908573, 43.224113], [-1.910845, 43.227226], [-1.915932, 43.222988], [-1.912981, 43.221321], [-1.913184, 43.209278], [-1.910946, 43.204346], [-1.914642, 43.194313], [-1.922013, 43.186714], [-1.922852, 43.178986], [-1.920885, 43.172554], [-1.916823, 43.169186], [-1.915821, 43.1647], [-1.918307, 43.159645], [-1.920308, 43.156376], [-1.92037, 43.150082], [-1.911308, 43.145794], [-1.907976, 43.145859], [-1.904384, 43.143818], [-1.902816, 43.140713], [-1.902185, 43.135502], [-1.915499, 43.128624], [-1.921575, 43.122063], [-1.920577, 43.119461], [-1.923633, 43.115444], [-1.931237, 43.113697], [-1.933618, 43.110344], [-1.939366, 43.108398], [-1.937942, 43.10688], [-1.939359, 43.104553], [-1.944421, 43.103195], [-1.948781, 43.099709], [-1.947491, 43.097523], [-1.965829, 43.095169], [-1.973323, 43.091564], [-1.970964, 43.086346], [-1.973107, 43.08461], [-1.97877, 43.081707], [-1.981423, 43.081028], [-1.98368, 43.080471], [-1.988418, 43.078434], [-1.989715, 43.07951], [-2.009835, 43.073452], [-2.012321, 43.073086], [-2.014418, 43.070999], [-2.015015, 43.06604], [-2.02279, 43.065189], [-2.01804, 43.053425], [-2.020814, 43.046604], [-2.030288, 43.037575], [-2.031706, 43.031696], [-2.04136, 43.029697], [-2.038632, 43.015705], [-2.031414, 43.006458], [-2.032925, 43.000099], [-2.031409, 42.998188], [-2.028271, 42.998837], [-2.032722, 42.98719], [-2.036437, 42.985756], [-2.038304, 42.980988], [-2.044902, 42.978561], [-2.050378, 42.979687], [-2.052539, 42.976318], [-2.084385, 42.975723], [-2.0952, 42.972549], [-2.098559, 42.959934], [-2.104811, 42.953243], [-2.103692, 42.949257], [-2.107683, 42.948757], [-2.117595, 42.942242], [-2.123571, 42.941772], [-2.129464, 42.939369], [-2.133305, 42.940811], [-2.13668, 42.941307], [-2.138034, 42.940109], [-2.14257, 42.941711], [-2.151267, 42.942081], [-2.157012, 42.942287], [-2.167727, 42.935818], [-2.173828, 42.935188], [-2.180923, 42.93512], [-2.179979, 42.937958], [-2.192323, 42.949024], [-2.199099, 42.951172], [-2.203719, 42.949493], [-2.210221, 42.949905], [-2.210893, 42.945343], [-2.216195, 42.941986], [-2.215474, 42.936886], [-2.220288, 42.933182], [-2.232119, 42.931782], [-2.234346, 42.928196]]]}}, {"id": "1", "type": "Feature", "properties": {"district": "Vizcaya", "color": [174, 199, 232]}, "geometry": {"type": "MultiPolygon", "coordinates": [[[[-2.961495, 43.176323], [-2.972982, 43.18626], [-2.980004, 43.201839], [-2.981369, 43.20182], [-2.982625, 43.200481], [-3.006738, 43.196571], [-3.012165, 43.20013], [-3.014874, 43.205658], [-3.01959, 43.206558], [-3.018421, 43.209763], [-3.027214, 43.216965], [-3.033174, 43.216801], [-3.040027, 43.209866], [-3.028736, 43.205086], [-3.016461, 43.202812], [-3.021434, 43.19965], [-3.017493, 43.194164], [-3.021124, 43.192284], [-3.018574, 43.182182], [-3.027722, 43.169079], [-3.026858, 43.161354], [-3.06587, 43.155762], [-3.074665, 43.146339], [-3.081626, 43.147774], [-3.088003, 43.151154], [-3.093562, 43.151466], [-3.108736, 43.143635], [-3.111293, 43.143482], [-3.116613, 43.146294], [-3.125043, 43.155659], [-3.132412, 43.156479], [-3.135049, 43.158115], [-3.138244, 43.163162], [-3.141316, 43.161518], [-3.142759, 43.168247], [-3.148247, 43.173981], [-3.157361, 43.177834], [-3.16249, 43.177044], [-3.167994, 43.178566], [-3.178849, 43.175228], [-3.185598, 43.169209], [-3.187505, 43.169216], [-3.198853, 43.170933], [-3.204733, 43.174435], [-3.207801, 43.17939], [-3.21091, 43.177837], [-3.212631, 43.174126], [-3.214007, 43.173435], [-3.21795, 43.17524], [-3.224047, 43.170113], [-3.223452, 43.17223], [-3.227773, 43.176319], [-3.230073, 43.176388], [-3.231092, 43.178864], [-3.23338, 43.178982], [-3.237455, 43.185753], [-3.25337, 43.198559], [-3.256237, 43.195251], [-3.262407, 43.196251], [-3.267863, 43.194187], [-3.278067, 43.194405], [-3.277579, 43.190022], [-3.297394, 43.182598], [-3.300478, 43.179085], [-3.305697, 43.176994], [-3.309252, 43.172482], [-3.319531, 43.171238], [-3.320176, 43.169689], [-3.33365, 43.165668], [-3.338532, 43.167519], [-3.341924, 43.166821], [-3.350587, 43.154335], [-3.359895, 43.152065], [-3.370973, 43.151424], [-3.371903, 43.148754], [-3.388819, 43.139984], [-3.4071, 43.137363], [-3.410291, 43.134514], [-3.417598, 43.133408], [-3.422354, 43.15266], [-3.425917, 43.155636], [-3.427202, 43.16016], [-3.428998, 43.160244], [-3.433406, 43.171024], [-3.434999, 43.198006], [-3.432604, 43.20549], [-3.443831, 43.221149], [-3.446682, 43.230484], [-3.448963, 43.232521], [-3.448694, 43.236088], [-3.445663, 43.237568], [-3.43808, 43.234688], [-3.430324, 43.242073], [-3.422967, 43.239922], [-3.418393, 43.241047], [-3.410503, 43.247044], [-3.413416, 43.249878], [-3.406585, 43.25066], [-3.398902, 43.2458], [-3.391643, 43.252613], [-3.388391, 43.264194], [-3.382946, 43.27047], [-3.378032, 43.270786], [-3.368603, 43.27457], [-3.358545, 43.272297], [-3.34008, 43.278011], [-3.339487, 43.282207], [-3.342908, 43.294434], [-3.334056, 43.29879], [-3.33236, 43.301857], [-3.323643, 43.292435], [-3.315347, 43.295044], [-3.313361, 43.297424], [-3.294898, 43.300735], [-3.292683, 43.296528], [-3.294565, 43.292793], [-3.291076, 43.290344], [-3.2794, 43.290031], [-3.268588, 43.295048], [-3.264449, 43.296001], [-3.261003, 43.294022], [-3.254282, 43.296646], [-3.248552, 43.303234], [-3.225184, 43.308918], [-3.224972, 43.297878], [-3.217909, 43.291718], [-3.218335, 43.286808], [-3.209463, 43.28352], [-3.205235, 43.290928], [-3.19904, 43.292839], [-3.193167, 43.298431], [-3.184178, 43.29813], [-3.18052, 43.29966], [-3.157286, 43.301304], [-3.151479, 43.306831], [-3.149624, 43.319397], [-3.154278, 43.340805], [-3.150857, 43.348846], [-3.153195, 43.353249], [-3.153195, 43.353474], [-3.152917, 43.353474], [-3.152917, 43.353748], [-3.151527, 43.353748], [-3.151527, 43.352917], [-3.151251, 43.352917], [-3.151251, 43.352802], [-3.151249, 43.352638], [-3.150973, 43.352638], [-3.150973, 43.35236], [-3.150695, 43.35236], [-3.150695, 43.352638], [-3.150535, 43.352638], [-3.150417, 43.352638], [-3.150417, 43.353195], [-3.150139, 43.353195], [-3.150139, 43.352917], [-3.149861, 43.352917], [-3.149861, 43.352638], [-3.149305, 43.352638], [-3.149305, 43.35236], [-3.148751, 43.35236], [-3.148751, 43.352226], [-3.148751, 43.352085], [-3.148195, 43.352085], [-3.148195, 43.351807], [-3.147639, 43.351807], [-3.147639, 43.351528], [-3.147083, 43.351528], [-3.147083, 43.351807], [-3.146921, 43.351807], [-3.14375, 43.351807], [-3.14375, 43.352085], [-3.143472, 43.352085], [-3.143472, 43.35236], [-3.143194, 43.35236], [-3.143194, 43.352638], [-3.142916, 43.352638], [-3.142916, 43.351807], [-3.140972, 43.351807], [-3.140972, 43.352917], [-3.140138, 43.352917], [-3.140138, 43.35236], [-3.13986, 43.35236], [-3.13986, 43.352085], [-3.139584, 43.352085], [-3.139584, 43.35236], [-3.139306, 43.35236], [-3.139306, 43.352638], [-3.138472, 43.352638], [-3.138472, 43.35236], [-3.136806, 43.35236], [-3.136806, 43.352638], [-3.136528, 43.352638], [-3.136528, 43.35236], [-3.133782, 43.35236], [-3.132918, 43.35236], [-3.132918, 43.352638], [-3.132362, 43.352638], [-3.132362, 43.352917], [-3.132084, 43.352917], [-3.132084, 43.353195], [-3.131806, 43.353195], [-3.131806, 43.353748], [-3.131527, 43.353748], [-3.131527, 43.354027], [-3.131806, 43.354027], [-3.131806, 43.354584], [-3.131527, 43.354584], [-3.131527, 43.354862], [-3.131249, 43.354862], [-3.131249, 43.355141], [-3.130139, 43.355141], [-3.130139, 43.355415], [-3.129027, 43.355415], [-3.129027, 43.355141], [-3.128749, 43.355141], [-3.128749, 43.354862], [-3.128473, 43.354862], [-3.128473, 43.354321], [-3.128195, 43.354305], [-3.128195, 43.354027], [-3.127917, 43.354027], [-3.127917, 43.353748], [-3.127639, 43.353748], [-3.127639, 43.353474], [-3.127083, 43.353474], [-3.127083, 43.353748], [-3.126249, 43.353748], [-3.126249, 43.353474], [-3.125417, 43.353474], [-3.125417, 43.353195], [-3.125139, 43.353195], [-3.125139, 43.352917], [-3.124861, 43.352917], [-3.124861, 43.352638], [-3.124583, 43.352638], [-3.124583, 43.352085], [-3.124305, 43.352085], [-3.124305, 43.351807], [-3.124027, 43.351807], [-3.124027, 43.351528], [-3.123751, 43.351528], [-3.123751, 43.35125], [-3.123473, 43.35125], [-3.123473, 43.350971], [-3.123195, 43.350971], [-3.123195, 43.350693], [-3.122917, 43.350693], [-3.122917, 43.350418], [-3.122639, 43.350418], [-3.122639, 43.35014], [-3.122361, 43.35014], [-3.122361, 43.349766], [-3.122361, 43.349583], [-3.122083, 43.349583], [-3.122083, 43.349304], [-3.121805, 43.349304], [-3.121805, 43.348194], [-3.121529, 43.348194], [-3.121529, 43.347916], [-3.121805, 43.347916], [-3.121805, 43.347637], [-3.121529, 43.347637], [-3.121527, 43.347084], [-3.121251, 43.347084], [-3.121251, 43.346527], [-3.120973, 43.346527], [-3.120973, 43.345974], [-3.121251, 43.345974], [-3.121251, 43.345695], [-3.121527, 43.345695], [-3.121527, 43.345139], [-3.121251, 43.345139], [-3.121251, 43.34486], [-3.120973, 43.34486], [-3.120973, 43.344582], [-3.120139, 43.344582], [-3.120139, 43.344307], [-3.120417, 43.344307], [-3.120417, 43.344028], [-3.120139, 43.344028], [-3.120139, 43.343472], [-3.119861, 43.343472], [-3.119861, 43.343193], [-3.119583, 43.343193], [-3.119583, 43.342918], [-3.118751, 43.342918], [-3.118751, 43.343193], [-3.118195, 43.343193], [-3.118195, 43.343472], [-3.117916, 43.343472], [-3.117916, 43.34375], [-3.117638, 43.34375], [-3.117638, 43.344028], [-3.117916, 43.344028], [-3.117916, 43.344307], [-3.118195, 43.344307], [-3.118195, 43.34486], [-3.117638, 43.34486], [-3.117638, 43.345139], [-3.117082, 43.345139], [-3.117082, 43.345417], [-3.116807, 43.345417], [-3.116807, 43.345695], [-3.115694, 43.345695], [-3.115694, 43.345974], [-3.115416, 43.345974], [-3.115416, 43.346249], [-3.115694, 43.346249], [-3.115694, 43.346527], [-3.115416, 43.346527], [-3.115416, 43.346806], [-3.115138, 43.346806], [-3.115138, 43.347084], [-3.11486, 43.347084], [-3.11486, 43.347363], [-3.114584, 43.347363], [-3.114584, 43.347637], [-3.114306, 43.347637], [-3.114306, 43.347916], [-3.114028, 43.347916], [-3.114028, 43.348194], [-3.11375, 43.348194], [-3.11375, 43.348473], [-3.113472, 43.348473], [-3.113472, 43.349583], [-3.113194, 43.349583], [-3.113194, 43.349861], [-3.112916, 43.349861], [-3.112916, 43.35014], [-3.112638, 43.35014], [-3.112638, 43.350693], [-3.112916, 43.350693], [-3.112916, 43.35125], [-3.112638, 43.35125], [-3.112638, 43.351528], [-3.112916, 43.351528], [-3.112916, 43.351807], [-3.113472, 43.351807], [-3.113472, 43.352917], [-3.11375, 43.352917], [-3.11375, 43.353748], [-3.113472, 43.353748], [-3.113472, 43.354027], [-3.113194, 43.354027], [-3.113194, 43.354305], [-3.112916, 43.354305], [-3.112916, 43.355972], [-3.113194, 43.355972], [-3.113194, 43.356529], [-3.113472, 43.356529], [-3.113472, 43.357082], [-3.11375, 43.357082], [-3.11375, 43.357918], [-3.114028, 43.357918], [-3.114028, 43.358196], [-3.113472, 43.358196], [-3.113472, 43.358471], [-3.112998, 43.358471], [-3.112638, 43.358471], [-3.112638, 43.358749], [-3.112084, 43.358749], [-3.112084, 43.359028], [-3.111806, 43.359028], [-3.111806, 43.360138], [-3.111528, 43.360138], [-3.111528, 43.360809], [-3.111528, 43.361805], [-3.11125, 43.361805], [-3.11125, 43.362083], [-3.110972, 43.362083], [-3.110972, 43.362362], [-3.110694, 43.362362], [-3.110694, 43.36264], [-3.110375, 43.36264], [-3.109584, 43.36264], [-3.109584, 43.362915], [-3.109306, 43.362915], [-3.109306, 43.36375], [-3.109584, 43.36375], [-3.109584, 43.363899], [-3.109584, 43.364582], [-3.109153, 43.364582], [-3.108702, 43.364582], [-3.108472, 43.364582], [-3.108472, 43.364361], [-3.107916, 43.364307], [-3.107916, 43.364582], [-3.10764, 43.364582], [-3.10764, 43.364861], [-3.107362, 43.364861], [-3.107362, 43.364582], [-3.107066, 43.364582], [-3.106806, 43.364582], [-3.106806, 43.364735], [-3.106806, 43.364861], [-3.106591, 43.364861], [-3.105693, 43.364861], [-3.105693, 43.365139], [-3.105418, 43.365139], [-3.105415, 43.365417], [-3.10514, 43.365417], [-3.10514, 43.365696], [-3.104584, 43.365696], [-3.104584, 43.365971], [-3.104027, 43.365971], [-3.104027, 43.366249], [-3.103474, 43.366249], [-3.103474, 43.366528], [-3.103196, 43.366528], [-3.103196, 43.366806], [-3.102917, 43.366806], [-3.102917, 43.367016], [-3.102917, 43.367363], [-3.103196, 43.367363], [-3.103196, 43.367638], [-3.102639, 43.367638], [-3.102639, 43.367916], [-3.102361, 43.367916], [-3.102361, 43.367638], [-3.10186, 43.367638], [-3.101527, 43.367638], [-3.101527, 43.367916], [-3.101386, 43.367916], [-3.101249, 43.367916], [-3.101249, 43.368195], [-3.100912, 43.368195], [-3.100695, 43.368195], [-3.100695, 43.36832], [-3.100695, 43.369026], [-3.100139, 43.369026], [-3.100139, 43.369305], [-3.099027, 43.369305], [-3.099027, 43.369583], [-3.098539, 43.369602], [-3.098473, 43.369862], [-3.09807, 43.369862], [-3.097639, 43.369862], [-3.097639, 43.370113], [-3.097639, 43.370415], [-3.097083, 43.370441], [-3.097083, 43.370693], [-3.096805, 43.370693], [-3.096805, 43.370972], [-3.096251, 43.370972], [-3.096251, 43.37125], [-3.095704, 43.37125], [-3.095139, 43.37125], [-3.095139, 43.371582], [-3.095139, 43.371807], [-3.094756, 43.371807], [-3.094305, 43.371807], [-3.094305, 43.372082], [-3.093751, 43.372082], [-3.093751, 43.37236], [-3.093473, 43.37236], [-3.093473, 43.372559], [-3.093473, 43.372917], [-3.093751, 43.372917], [-3.093751, 43.373196], [-3.093473, 43.373196], [-3.093473, 43.37347], [-3.093195, 43.37347], [-3.093195, 43.373196], [-3.092639, 43.373196], [-3.092639, 43.37347], [-3.092361, 43.373474], [-3.092361, 43.374027], [-3.091529, 43.374027], [-3.091529, 43.374306], [-3.091251, 43.374306], [-3.091251, 43.374584], [-3.090973, 43.374584], [-3.090973, 43.374863], [-3.090138, 43.374863], [-3.090138, 43.375416], [-3.089307, 43.375416], [-3.089307, 43.375694], [-3.089028, 43.375694], [-3.089028, 43.375973], [-3.088472, 43.375973], [-3.088472, 43.376251], [-3.088194, 43.376251], [-3.088194, 43.376526], [-3.08736, 43.376526], [-3.08736, 43.376804], [-3.087084, 43.376804], [-3.087084, 43.377083], [-3.086528, 43.377083], [-3.086528, 43.37764], [-3.085416, 43.37764], [-3.085416, 43.377918], [-3.08486, 43.377918], [-3.08486, 43.378193], [-3.084306, 43.378193], [-3.084306, 43.377941], [-3.083194, 43.377918], [-3.083194, 43.37764], [-3.082918, 43.37764], [-3.082918, 43.377361], [-3.083194, 43.377361], [-3.083194, 43.377083], [-3.084028, 43.377083], [-3.084028, 43.376804], [-3.08486, 43.376804], [-3.08486, 43.37653], [-3.085416, 43.376526], [-3.085416, 43.376251], [-3.08625, 43.376251], [-3.08625, 43.375973], [-3.086806, 43.375973], [-3.086806, 43.375416], [-3.087084, 43.375416], [-3.087084, 43.375137], [-3.087916, 43.375137], [-3.087916, 43.374863], [-3.088472, 43.374863], [-3.088472, 43.374584], [-3.08875, 43.374584], [-3.08875, 43.374306], [-3.089028, 43.374306], [-3.089028, 43.374027], [-3.089307, 43.374027], [-3.089307, 43.373749], [-3.08986, 43.373749], [-3.08986, 43.373474], [-3.090138, 43.373474], [-3.090138, 43.373196], [-3.090416, 43.373196], [-3.090416, 43.372917], [-3.090694, 43.372917], [-3.090694, 43.372639], [-3.090973, 43.372639], [-3.090973, 43.37236], [-3.091529, 43.37236], [-3.091529, 43.372082], [-3.091804, 43.372082], [-3.091807, 43.371807], [-3.092361, 43.371807], [-3.092361, 43.371529], [-3.092639, 43.371529], [-3.092639, 43.37125], [-3.094029, 43.37125], [-3.094029, 43.370972], [-3.094305, 43.370972], [-3.094305, 43.370693], [-3.094861, 43.370693], [-3.094861, 43.370419], [-3.095695, 43.370419], [-3.095695, 43.37014], [-3.096251, 43.37014], [-3.096251, 43.369583], [-3.096805, 43.369583], [-3.096805, 43.369305], [-3.097083, 43.369305], [-3.097083, 43.369026], [-3.097361, 43.369026], [-3.097361, 43.368752], [-3.097639, 43.368752], [-3.097639, 43.368473], [-3.098813, 43.368473], [-3.099027, 43.368473], [-3.099027, 43.368336], [-3.099027, 43.368195], [-3.099305, 43.368195], [-3.099305, 43.367916], [-3.09967, 43.367916], [-3.100139, 43.367916], [-3.100139, 43.367638], [-3.100417, 43.367638], [-3.100417, 43.367432], [-3.100527, 43.367416], [-3.100971, 43.367363], [-3.100971, 43.367085], [-3.101249, 43.367085], [-3.101249, 43.36689], [-3.101249, 43.366806], [-3.102361, 43.366806], [-3.102361, 43.366528], [-3.102639, 43.366528], [-3.102639, 43.365986], [-3.103196, 43.365971], [-3.103196, 43.365696], [-3.103474, 43.365696], [-3.103474, 43.365444], [-3.103471, 43.365139], [-3.103749, 43.365139], [-3.103749, 43.364861], [-3.104027, 43.364861], [-3.104027, 43.364452], [-3.104027, 43.364307], [-3.10387, 43.364307], [-3.103749, 43.364307], [-3.103749, 43.364197], [-3.103749, 43.364029], [-3.103567, 43.364029], [-3.102917, 43.364029], [-3.102917, 43.363911], [-3.102917, 43.36375], [-3.102639, 43.36375], [-3.102639, 43.363571], [-3.102639, 43.363472], [-3.102361, 43.363472], [-3.102361, 43.363194], [-3.101527, 43.363194], [-3.101527, 43.363472], [-3.101334, 43.363472], [-3.101249, 43.363472], [-3.101249, 43.36375], [-3.100417, 43.36375], [-3.100417, 43.364029], [-3.099583, 43.364029], [-3.099583, 43.363785], [-3.099779, 43.363762], [-3.099861, 43.36375], [-3.099861, 43.363194], [-3.099583, 43.363194], [-3.099583, 43.362915], [-3.099027, 43.362915], [-3.099027, 43.363194], [-3.098751, 43.363194], [-3.098749, 43.363472], [-3.098473, 43.363472], [-3.098473, 43.36375], [-3.098195, 43.36375], [-3.098195, 43.364029], [-3.097917, 43.364071], [-3.097917, 43.364307], [-3.097639, 43.364307], [-3.097639, 43.364029], [-3.096805, 43.364029], [-3.096805, 43.363785], [-3.096666, 43.363777], [-3.095973, 43.36375], [-3.095973, 43.363571], [-3.095973, 43.363472], [-3.094583, 43.363472], [-3.094583, 43.363216], [-3.094029, 43.363194], [-3.094029, 43.363075], [-3.094029, 43.362915], [-3.093411, 43.362915], [-3.092639, 43.362915], [-3.092639, 43.363194], [-3.092361, 43.363194], [-3.092361, 43.363472], [-3.092082, 43.363472], [-3.092082, 43.364307], [-3.090694, 43.364307], [-3.090694, 43.364582], [-3.090416, 43.364582], [-3.090416, 43.364029], [-3.090138, 43.364029], [-3.090138, 43.36264], [-3.090973, 43.36264], [-3.090973, 43.362362], [-3.091251, 43.362362], [-3.091251, 43.361805], [-3.090973, 43.361805], [-3.090973, 43.361252], [-3.090694, 43.361252], [-3.090694, 43.360973], [-3.090416, 43.360973], [-3.090416, 43.360695], [-3.089028, 43.360695], [-3.089028, 43.360973], [-3.087916, 43.360973], [-3.087916, 43.360695], [-3.087084, 43.360695], [-3.087084, 43.360416], [-3.086806, 43.360416], [-3.086806, 43.360138], [-3.085694, 43.360138], [-3.085694, 43.359859], [-3.085416, 43.359859], [-3.085416, 43.359585], [-3.085138, 43.359585], [-3.085138, 43.359306], [-3.082918, 43.359306], [-3.082918, 43.359028], [-3.08264, 43.359028], [-3.08264, 43.358749], [-3.082084, 43.358749], [-3.082084, 43.358471], [-3.081528, 43.358471], [-3.081528, 43.358196], [-3.080972, 43.358196], [-3.080972, 43.356804], [-3.08125, 43.356804], [-3.08125, 43.356251], [-3.080972, 43.356251], [-3.080972, 43.355972], [-3.080416, 43.355972], [-3.080416, 43.355694], [-3.079862, 43.355694], [-3.079862, 43.355415], [-3.079306, 43.355415], [-3.079306, 43.354862], [-3.079028, 43.354862], [-3.079028, 43.354584], [-3.078471, 43.354584], [-3.078471, 43.354862], [-3.077918, 43.354862], [-3.077918, 43.354584], [-3.076805, 43.354584], [-3.076805, 43.354862], [-3.076527, 43.354862], [-3.076527, 43.355141], [-3.076249, 43.355141], [-3.076249, 43.354862], [-3.075696, 43.354862], [-3.075693, 43.355141], [-3.075417, 43.355141], [-3.075417, 43.355694], [-3.074861, 43.355694], [-3.074861, 43.355972], [-3.074583, 43.355972], [-3.074583, 43.357361], [-3.074305, 43.357361], [-3.074305, 43.357918], [-3.074027, 43.357918], [-3.074027, 43.358471], [-3.073749, 43.358471], [-3.073749, 43.359028], [-3.073473, 43.359028], [-3.073473, 43.360138], [-3.073195, 43.360138], [-3.073195, 43.360695], [-3.072917, 43.360695], [-3.072917, 43.361252], [-3.073195, 43.361252], [-3.073195, 43.361805], [-3.072917, 43.361805], [-3.072917, 43.362083], [-3.072639, 43.362083], [-3.072639, 43.36264], [-3.072361, 43.36264], [-3.072361, 43.362915], [-3.072083, 43.362915], [-3.072083, 43.36264], [-3.064582, 43.36264], [-3.064582, 43.362362], [-3.062638, 43.362362], [-3.062638, 43.36264], [-3.062363, 43.36264], [-3.06236, 43.362362], [-3.05986, 43.362362], [-3.05986, 43.362083], [-3.059584, 43.362083], [-3.059584, 43.361805], [-3.057916, 43.361805], [-3.057916, 43.361526], [-3.056528, 43.361526], [-3.056528, 43.361252], [-3.055138, 43.361252], [-3.055138, 43.360973], [-3.05375, 43.360973], [-3.05375, 43.360695], [-3.052362, 43.360695], [-3.052362, 43.360416], [-3.051249, 43.360416], [-3.051249, 43.360138], [-3.049305, 43.360138], [-3.049305, 43.359859], [-3.047639, 43.359859], [-3.047639, 43.359585], [-3.046805, 43.359585], [-3.046805, 43.359306], [-3.045417, 43.359306], [-3.045417, 43.359028], [-3.044861, 43.359028], [-3.044861, 43.358471], [-3.045139, 43.358471], [-3.045139, 43.358196], [-3.045971, 43.358196], [-3.045971, 43.358471], [-3.047083, 43.358471], [-3.047083, 43.358749], [-3.048749, 43.358749], [-3.048749, 43.359028], [-3.049583, 43.359028], [-3.049583, 43.359306], [-3.052084, 43.359306], [-3.052084, 43.359585], [-3.05264, 43.359585], [-3.05264, 43.359859], [-3.054584, 43.359859], [-3.054584, 43.360138], [-3.055694, 43.360138], [-3.055694, 43.360416], [-3.057638, 43.360416], [-3.057638, 43.360695], [-3.058194, 43.360695], [-3.058194, 43.360973], [-3.059584, 43.360973], [-3.059584, 43.361252], [-3.060416, 43.361252], [-3.060416, 43.360973], [-3.061806, 43.360973], [-3.061806, 43.360695], [-3.062085, 43.360695], [-3.062085, 43.360973], [-3.062916, 43.360973], [-3.062916, 43.361252], [-3.064582, 43.361252], [-3.064582, 43.361526], [-3.067361, 43.361526], [-3.067361, 43.361805], [-3.070695, 43.361805], [-3.070695, 43.361526], [-3.070973, 43.361526], [-3.070973, 43.361252], [-3.071805, 43.361252], [-3.071805, 43.360973], [-3.072083, 43.360973], [-3.072083, 43.360138], [-3.072361, 43.360138], [-3.072361, 43.359863], [-3.072361, 43.359585], [-3.072639, 43.359585], [-3.072639, 43.358471], [-3.072917, 43.358471], [-3.072917, 43.358196], [-3.073195, 43.358196], [-3.073195, 43.357361], [-3.073473, 43.357361], [-3.073473, 43.356529], [-3.073749, 43.356529], [-3.073749, 43.355694], [-3.074027, 43.355694], [-3.074027, 43.355415], [-3.074305, 43.355415], [-3.074305, 43.354305], [-3.074027, 43.354305], [-3.074027, 43.354027], [-3.073749, 43.354027], [-3.073749, 43.353748], [-3.073195, 43.353748], [-3.073195, 43.353474], [-3.072917, 43.353474], [-3.072917, 43.352917], [-3.072639, 43.352917], [-3.072639, 43.35236], [-3.072917, 43.35236], [-3.072917, 43.352085], [-3.072639, 43.352085], [-3.072639, 43.351807], [-3.072361, 43.351807], [-3.072361, 43.351528], [-3.072083, 43.351528], [-3.072083, 43.351807], [-3.071249, 43.351807], [-3.071249, 43.351528], [-3.070973, 43.351528], [-3.070973, 43.35125], [-3.070139, 43.35125], [-3.070139, 43.350971], [-3.069861, 43.350971], [-3.069861, 43.350418], [-3.069583, 43.350418], [-3.069583, 43.35014], [-3.069305, 43.35014], [-3.069305, 43.349861], [-3.06886, 43.349861], [-3.068473, 43.349861], [-3.068473, 43.349583], [-3.068195, 43.349583], [-3.068195, 43.349304], [-3.067917, 43.349304], [-3.067917, 43.34903], [-3.067639, 43.34903], [-3.067639, 43.348751], [-3.067361, 43.348751], [-3.067361, 43.348473], [-3.067083, 43.348473], [-3.067083, 43.348194], [-3.066805, 43.348194], [-3.066805, 43.347916], [-3.066529, 43.347916], [-3.066529, 43.347637], [-3.065973, 43.347637], [-3.065973, 43.347363], [-3.06486, 43.347363], [-3.06486, 43.347084], [-3.064029, 43.347084], [-3.064029, 43.346806], [-3.063472, 43.346806], [-3.063472, 43.346527], [-3.063194, 43.346527], [-3.063194, 43.346249], [-3.062638, 43.346249], [-3.062638, 43.345974], [-3.062082, 43.345974], [-3.062085, 43.345695], [-3.060972, 43.345695], [-3.060972, 43.345417], [-3.060694, 43.345417], [-3.060694, 43.345139], [-3.060416, 43.345139], [-3.060416, 43.34486], [-3.05986, 43.34486], [-3.05986, 43.344582], [-3.059584, 43.344582], [-3.059584, 43.344307], [-3.059306, 43.344307], [-3.059306, 43.344582], [-3.059028, 43.344582], [-3.059028, 43.344307], [-3.05875, 43.344307], [-3.05875, 43.344028], [-3.058194, 43.344028], [-3.058194, 43.34375], [-3.057084, 43.34375], [-3.057084, 43.343472], [-3.055416, 43.343472], [-3.055416, 43.343193], [-3.05264, 43.343193], [-3.05264, 43.343472], [-3.052362, 43.343472], [-3.052362, 43.34375], [-3.052084, 43.34375], [-3.052084, 43.344028], [-3.051806, 43.344028], [-3.051806, 43.344307], [-3.051528, 43.344307], [-3.051528, 43.342918], [-3.051249, 43.342918], [-3.051249, 43.34264], [-3.050971, 43.34264], [-3.050971, 43.342083], [-3.050693, 43.342083], [-3.050693, 43.341805], [-3.049583, 43.341805], [-3.049583, 43.342083], [-3.049305, 43.342083], [-3.049305, 43.342361], [-3.048749, 43.342361], [-3.048749, 43.342083], [-3.047361, 43.342083], [-3.047361, 43.342361], [-3.047083, 43.342361], [-3.047083, 43.34264], [-3.046805, 43.34264], [-3.046805, 43.342918], [-3.046527, 43.342918], [-3.046527, 43.343193], [-3.046249, 43.343193], [-3.046249, 43.343472], [-3.045971, 43.343472], [-3.045971, 43.344582], [-3.045695, 43.344582], [-3.045695, 43.34486], [-3.045417, 43.34486], [-3.045417, 43.345417], [-3.045139, 43.345417], [-3.045139, 43.345695], [-3.044861, 43.345695], [-3.044861, 43.346249], [-3.044583, 43.346249], [-3.044583, 43.346527], [-3.044305, 43.346527], [-3.044305, 43.346806], [-3.044027, 43.346806], [-3.044027, 43.347363], [-3.043751, 43.347363], [-3.043751, 43.347637], [-3.043473, 43.347637], [-3.043473, 43.347916], [-3.043195, 43.347916], [-3.043195, 43.348194], [-3.042917, 43.348194], [-3.042917, 43.348473], [-3.042639, 43.348473], [-3.042639, 43.348751], [-3.042361, 43.348751], [-3.042361, 43.349861], [-3.042083, 43.349861], [-3.042083, 43.349583], [-3.041805, 43.349583], [-3.041805, 43.349304], [-3.040973, 43.349304], [-3.040973, 43.349583], [-3.040695, 43.349583], [-3.040695, 43.349861], [-3.038751, 43.349861], [-3.038751, 43.349304], [-3.038473, 43.349304], [-3.038473, 43.348473], [-3.038751, 43.348473], [-3.038751, 43.348194], [-3.039861, 43.348194], [-3.039861, 43.347916], [-3.040139, 43.347916], [-3.040139, 43.347363], [-3.040417, 43.347363], [-3.040417, 43.347084], [-3.040695, 43.347084], [-3.040695, 43.346806], [-3.040973, 43.346806], [-3.040973, 43.346527], [-3.042083, 43.346527], [-3.042083, 43.346249], [-3.042361, 43.346249], [-3.042361, 43.345695], [-3.042639, 43.345695], [-3.042639, 43.345417], [-3.043195, 43.345417], [-3.043195, 43.345139], [-3.043473, 43.345139], [-3.043473, 43.34486], [-3.043751, 43.34486], [-3.043751, 43.344582], [-3.044027, 43.344582], [-3.044027, 43.344307], [-3.044305, 43.344307], [-3.044305, 43.344028], [-3.044583, 43.344028], [-3.044583, 43.343472], [-3.044305, 43.343472], [-3.044305, 43.343193], [-3.043195, 43.343193], [-3.043195, 43.342918], [-3.042639, 43.342918], [-3.042639, 43.34264], [-3.042361, 43.34264], [-3.042361, 43.342361], [-3.042083, 43.342361], [-3.042083, 43.342083], [-3.041805, 43.342083], [-3.041805, 43.341805], [-3.041385, 43.341805], [-3.041251, 43.341805], [-3.041251, 43.342083], [-3.040973, 43.342083], [-3.040973, 43.342361], [-3.040695, 43.342361], [-3.040695, 43.34264], [-3.040417, 43.34264], [-3.040417, 43.342918], [-3.039861, 43.342918], [-3.039861, 43.343193], [-3.039583, 43.343193], [-3.039583, 43.343472], [-3.039305, 43.343472], [-3.039305, 43.34375], [-3.039029, 43.34375], [-3.039029, 43.34486], [-3.038751, 43.34486], [-3.038751, 43.345139], [-3.037917, 43.345139], [-3.037917, 43.345417], [-3.03736, 43.345417], [-3.03736, 43.345695], [-3.036529, 43.345695], [-3.036529, 43.345974], [-3.035694, 43.345974], [-3.035694, 43.345695], [-3.035416, 43.345695], [-3.035416, 43.345417], [-3.034958, 43.345417], [-3.034306, 43.345417], [-3.034306, 43.345695], [-3.03375, 43.345695], [-3.03375, 43.345974], [-3.033472, 43.345974], [-3.033472, 43.346249], [-3.032759, 43.346249], [-3.032638, 43.346249], [-3.032638, 43.345974], [-3.032084, 43.345974], [-3.032084, 43.345695], [-3.03236, 43.345695], [-3.03236, 43.345417], [-3.032638, 43.345417], [-3.032638, 43.34375], [-3.03236, 43.34375], [-3.03236, 43.343189], [-3.03236, 43.342361], [-3.032084, 43.342361], [-3.032084, 43.341526], [-3.031806, 43.341526], [-3.031806, 43.340973], [-3.03236, 43.340973], [-3.03236, 43.341251], [-3.032916, 43.341251], [-3.032916, 43.341526], [-3.034028, 43.341526], [-3.034028, 43.341805], [-3.03486, 43.341805], [-3.03486, 43.342083], [-3.035972, 43.342083], [-3.035972, 43.342361], [-3.037082, 43.342361], [-3.037082, 43.34264], [-3.037638, 43.34264], [-3.037638, 43.342361], [-3.038473, 43.342361], [-3.038473, 43.342083], [-3.038751, 43.342083], [-3.038751, 43.341805], [-3.039029, 43.341805], [-3.039029, 43.341526], [-3.039305, 43.341526], [-3.039305, 43.340973], [-3.039029, 43.340973], [-3.039029, 43.340729], [-3.038703, 43.34071], [-3.038473, 43.340694], [-3.038473, 43.340416], [-3.03736, 43.340416], [-3.03736, 43.340137], [-3.034028, 43.340137], [-3.034028, 43.339863], [-3.032955, 43.339863], [-3.032916, 43.339306], [-3.032638, 43.339306], [-3.032638, 43.339027], [-3.031528, 43.339027], [-3.031528, 43.339306], [-3.030694, 43.339306], [-3.030694, 43.339027], [-3.030972, 43.339027], [-3.030972, 43.338196], [-3.03125, 43.338196], [-3.03125, 43.337917], [-3.031528, 43.337917], [-3.031528, 43.337639], [-3.03125, 43.337639], [-3.03125, 43.33736], [-3.030972, 43.33736], [-3.030972, 43.337082], [-3.030694, 43.337082], [-3.030694, 43.336807], [-3.03236, 43.336807], [-3.03236, 43.337082], [-3.033472, 43.337082], [-3.033472, 43.33736], [-3.03375, 43.33736], [-3.03375, 43.337639], [-3.034306, 43.337639], [-3.034306, 43.33736], [-3.037917, 43.33736], [-3.037917, 43.337639], [-3.038473, 43.337639], [-3.038473, 43.337917], [-3.039029, 43.337917], [-3.039029, 43.338196], [-3.039583, 43.338196], [-3.039583, 43.33847], [-3.040417, 43.33847], [-3.040417, 43.338749], [-3.041251, 43.338749], [-3.041251, 43.339027], [-3.042083, 43.339027], [-3.042083, 43.339306], [-3.042361, 43.339306], [-3.042361, 43.339027], [-3.042639, 43.339027], [-3.042639, 43.338749], [-3.042361, 43.338749], [-3.042361, 43.338577], [-3.042361, 43.33847], [-3.042106, 43.33847], [-3.042083, 43.338196], [-3.041805, 43.338196], [-3.041805, 43.337917], [-3.041527, 43.337917], [-3.041529, 43.337639], [-3.040695, 43.337639], [-3.040695, 43.33736], [-3.039861, 43.33736], [-3.039861, 43.337082], [-3.039307, 43.337082], [-3.039305, 43.336807], [-3.038751, 43.336807], [-3.038751, 43.336529], [-3.03755, 43.336529], [-3.036807, 43.336529], [-3.036807, 43.33625], [-3.032916, 43.33625], [-3.032916, 43.335972], [-3.032084, 43.335972], [-3.032084, 43.335693], [-3.03125, 43.335693], [-3.03125, 43.335972], [-3.029584, 43.335972], [-3.029584, 43.335693], [-3.029028, 43.335693], [-3.029028, 43.334862], [-3.02875, 43.334862], [-3.02875, 43.333473], [-3.028472, 43.333473], [-3.028472, 43.332085], [-3.02875, 43.332085], [-3.02875, 43.331806], [-3.028472, 43.331806], [-3.028472, 43.331528], [-3.028194, 43.331528], [-3.028194, 43.331249], [-3.027916, 43.331249], [-3.027916, 43.330971], [-3.02764, 43.330971], [-3.02764, 43.330418], [-3.027362, 43.330418], [-3.027362, 43.329861], [-3.027084, 43.329861], [-3.027084, 43.329304], [-3.026806, 43.329304], [-3.026806, 43.329029], [-3.025694, 43.329029], [-3.025694, 43.329304], [-3.02514, 43.329304], [-3.02514, 43.329029], [-3.024862, 43.329029], [-3.024862, 43.328751], [-3.024584, 43.328751], [-3.024584, 43.328472], [-3.024306, 43.328472], [-3.024306, 43.328194], [-3.023606, 43.328194], [-3.023107, 43.328194], [-3.022918, 43.328194], [-3.022918, 43.327972], [-3.02264, 43.327915], [-3.02264, 43.327652], [-3.022083, 43.327641], [-3.022083, 43.327362], [-3.021805, 43.327362], [-3.021805, 43.327084], [-3.021527, 43.327084], [-3.021527, 43.326942], [-3.021527, 43.326805], [-3.021249, 43.326805], [-3.021249, 43.326248], [-3.020971, 43.326248], [-3.020971, 43.326004], [-3.020695, 43.325974], [-3.020659, 43.325745], [-3.020591, 43.325699], [-3.020458, 43.325703], [-3.020417, 43.325974], [-3.018929, 43.325974], [-3.018749, 43.325974], [-3.018749, 43.326248], [-3.018195, 43.326248], [-3.018195, 43.326527], [-3.017917, 43.326527], [-3.017917, 43.326805], [-3.017361, 43.326805], [-3.017361, 43.327084], [-3.017083, 43.327084], [-3.017083, 43.327641], [-3.017211, 43.327663], [-3.017361, 43.327686], [-3.017361, 43.327915], [-3.017639, 43.327915], [-3.017639, 43.328259], [-3.017639, 43.328472], [-3.017917, 43.328472], [-3.017917, 43.328751], [-3.018195, 43.328751], [-3.018195, 43.329029], [-3.017917, 43.329029], [-3.017917, 43.329304], [-3.017639, 43.329315], [-3.017639, 43.329582], [-3.017361, 43.329605], [-3.017361, 43.329861], [-3.017117, 43.329861], [-3.016805, 43.329861], [-3.016805, 43.330139], [-3.016251, 43.330139], [-3.016249, 43.329304], [-3.015973, 43.329304], [-3.015973, 43.329029], [-3.015139, 43.329029], [-3.015139, 43.329304], [-3.014861, 43.329304], [-3.014861, 43.329582], [-3.014583, 43.329586], [-3.014583, 43.329861], [-3.014446, 43.329861], [-3.014305, 43.329861], [-3.014305, 43.330139], [-3.014305, 43.330418], [-3.014168, 43.330418], [-3.014029, 43.330418], [-3.014029, 43.330696], [-3.014029, 43.330971], [-3.013892, 43.330971], [-3.013751, 43.330971], [-3.013751, 43.331249], [-3.013473, 43.331249], [-3.013473, 43.331806], [-3.013195, 43.331806], [-3.013195, 43.332085], [-3.012917, 43.332085], [-3.012917, 43.332638], [-3.012639, 43.332638], [-3.012639, 43.332916], [-3.012361, 43.332916], [-3.012361, 43.333195], [-3.012083, 43.333195], [-3.012083, 43.334026], [-3.011804, 43.334026], [-3.011804, 43.334583], [-3.011529, 43.334583], [-3.011529, 43.334862], [-3.011251, 43.334862], [-3.011251, 43.33514], [-3.010973, 43.33514], [-3.010973, 43.335415], [-3.010695, 43.335415], [-3.010695, 43.335972], [-3.010417, 43.335972], [-3.010417, 43.336529], [-3.010138, 43.336529], [-3.010138, 43.337082], [-3.010417, 43.337082], [-3.010417, 43.337639], [-3.010565, 43.337639], [-3.010695, 43.337639], [-3.010695, 43.337917], [-3.010973, 43.337917], [-3.010973, 43.338093], [-3.010973, 43.338196], [-3.011171, 43.338196], [-3.012361, 43.338196], [-3.012361, 43.33847], [-3.012639, 43.33847], [-3.012639, 43.338749], [-3.013751, 43.338749], [-3.013751, 43.338196], [-3.014029, 43.338196], [-3.014029, 43.337917], [-3.014583, 43.337917], [-3.014583, 43.337639], [-3.014861, 43.337639], [-3.014861, 43.33736], [-3.015695, 43.33736], [-3.015695, 43.337082], [-3.016805, 43.337082], [-3.016805, 43.33736], [-3.017917, 43.33736], [-3.017917, 43.337639], [-3.018473, 43.337639], [-3.018473, 43.337917], [-3.018749, 43.337917], [-3.018749, 43.338196], [-3.019305, 43.338196], [-3.019305, 43.33847], [-3.019861, 43.33847], [-3.019861, 43.339306], [-3.020139, 43.339306], [-3.020139, 43.339584], [-3.020695, 43.339584], [-3.020695, 43.339863], [-3.021527, 43.339863], [-3.021527, 43.340416], [-3.021805, 43.340416], [-3.021805, 43.340973], [-3.019305, 43.340973], [-3.019305, 43.340694], [-3.019027, 43.340694], [-3.019027, 43.340973], [-3.018829, 43.340973], [-3.017361, 43.340973], [-3.017361, 43.340843], [-3.017361, 43.340694], [-3.016051, 43.340694], [-3.015417, 43.340694], [-3.015417, 43.340973], [-3.014861, 43.340973], [-3.014861, 43.340694], [-3.014305, 43.340694], [-3.014305, 43.340973], [-3.014029, 43.340973], [-3.014029, 43.341251], [-3.013195, 43.341251], [-3.013195, 43.341526], [-3.012917, 43.341526], [-3.012917, 43.341805], [-3.012639, 43.341805], [-3.012639, 43.342083], [-3.012361, 43.342083], [-3.012361, 43.346527], [-3.012639, 43.346527], [-3.012639, 43.346806], [-3.012917, 43.346806], [-3.012917, 43.347637], [-3.013069, 43.347637], [-3.013195, 43.347637], [-3.013195, 43.347916], [-3.013751, 43.347916], [-3.013751, 43.348194], [-3.014583, 43.348194], [-3.014583, 43.348473], [-3.015417, 43.348473], [-3.015417, 43.348751], [-3.015973, 43.348751], [-3.015973, 43.34903], [-3.016249, 43.34903], [-3.016249, 43.349304], [-3.017361, 43.349304], [-3.017361, 43.349583], [-3.017639, 43.349583], [-3.017639, 43.349861], [-3.017917, 43.349861], [-3.017917, 43.350418], [-3.018195, 43.350418], [-3.018195, 43.350693], [-3.018473, 43.350693], [-3.018473, 43.350971], [-3.019027, 43.350971], [-3.019027, 43.35125], [-3.019583, 43.35125], [-3.019583, 43.351528], [-3.019861, 43.351528], [-3.019861, 43.352196], [-3.019861, 43.35236], [-3.020139, 43.352367], [-3.020139, 43.352638], [-3.020417, 43.352638], [-3.020417, 43.353748], [-3.019861, 43.353748], [-3.019861, 43.354027], [-3.019583, 43.354027], [-3.019583, 43.354305], [-3.019305, 43.354305], [-3.019305, 43.355694], [-3.019583, 43.355694], [-3.019583, 43.356529], [-3.019305, 43.356529], [-3.019305, 43.357082], [-3.019027, 43.357082], [-3.019027, 43.357918], [-3.019421, 43.357918], [-3.019583, 43.357918], [-3.019583, 43.358196], [-3.019861, 43.358196], [-3.019861, 43.358471], [-3.020139, 43.358471], [-3.020139, 43.358749], [-3.020695, 43.358749], [-3.020695, 43.359028], [-3.021249, 43.359028], [-3.021249, 43.359306], [-3.021805, 43.359306], [-3.021805, 43.359585], [-3.022083, 43.359585], [-3.022083, 43.359859], [-3.022361, 43.359859], [-3.022361, 43.360138], [-3.02264, 43.360138], [-3.022685, 43.360416], [-3.022918, 43.360416], [-3.022918, 43.360561], [-3.022918, 43.360695], [-3.02313, 43.360695], [-3.023196, 43.360973], [-3.023574, 43.360973], [-3.024027, 43.360973], [-3.024027, 43.361256], [-3.024027, 43.361526], [-3.024306, 43.361526], [-3.024306, 43.361805], [-3.024584, 43.361805], [-3.024584, 43.362083], [-3.025349, 43.362083], [-3.025415, 43.362362], [-3.025694, 43.362362], [-3.025694, 43.36264], [-3.02625, 43.362648], [-3.02625, 43.362915], [-3.026678, 43.362915], [-3.026806, 43.362915], [-3.026806, 43.363194], [-3.027084, 43.363194], [-3.027084, 43.363472], [-3.027567, 43.363472], [-3.027916, 43.363472], [-3.027916, 43.36375], [-3.028194, 43.36375], [-3.028194, 43.363865], [-3.028194, 43.364029], [-3.028472, 43.364037], [-3.028472, 43.364307], [-3.028903, 43.364307], [-3.029028, 43.364307], [-3.029028, 43.364582], [-3.02934, 43.364582], [-3.029584, 43.364582], [-3.029584, 43.364735], [-3.029584, 43.364861], [-3.029787, 43.364861], [-3.030138, 43.364861], [-3.030138, 43.365139], [-3.030416, 43.365139], [-3.030416, 43.365257], [-3.030416, 43.365417], [-3.030676, 43.365417], [-3.030972, 43.365417], [-3.030972, 43.365696], [-3.03112, 43.365696], [-3.031528, 43.365696], [-3.03156, 43.365971], [-3.031806, 43.365971], [-3.031806, 43.366123], [-3.031806, 43.366528], [-3.032084, 43.366528], [-3.032084, 43.366806], [-3.032536, 43.366806], [-3.032638, 43.366806], [-3.032638, 43.36694], [-3.032638, 43.367085], [-3.03275, 43.367085], [-3.033194, 43.367085], [-3.033194, 43.367363], [-3.03375, 43.367363], [-3.03375, 43.367638], [-3.034028, 43.367638], [-3.034028, 43.368195], [-3.034306, 43.368195], [-3.034306, 43.368752], [-3.034584, 43.368752], [-3.034584, 43.369026], [-3.03486, 43.369026], [-3.03486, 43.369305], [-3.035416, 43.369305], [-3.035416, 43.369583], [-3.035694, 43.369583], [-3.035694, 43.37014], [-3.035972, 43.37014], [-3.035972, 43.370419], [-3.037082, 43.370419], [-3.037082, 43.372742], [-3.037082, 43.373196], [-3.036807, 43.373196], [-3.036807, 43.37347], [-3.036529, 43.373474], [-3.036529, 43.373749], [-3.036251, 43.373749], [-3.036251, 43.374027], [-3.035972, 43.374027], [-3.035972, 43.374741], [-3.035972, 43.374863], [-3.035831, 43.374863], [-3.03486, 43.374863], [-3.03486, 43.375137], [-3.034306, 43.375137], [-3.034306, 43.374863], [-3.034028, 43.374863], [-3.034028, 43.375137], [-3.033194, 43.375137], [-3.033194, 43.376526], [-3.032916, 43.376526], [-3.032916, 43.377083], [-3.032638, 43.377083], [-3.032638, 43.377361], [-3.03125, 43.377361], [-3.03125, 43.37764], [-3.030416, 43.37764], [-3.030416, 43.377918], [-3.030138, 43.377918], [-3.030138, 43.378193], [-3.029862, 43.378193], [-3.029862, 43.377918], [-3.029584, 43.377918], [-3.029584, 43.378193], [-3.027916, 43.378193], [-3.027916, 43.378471], [-3.024306, 43.378471], [-3.024306, 43.378193], [-3.020971, 43.378193], [-3.020971, 43.378471], [-3.020417, 43.378471], [-3.020417, 43.37875], [-3.019861, 43.37875], [-3.019861, 43.379028], [-3.018749, 43.379028], [-3.018749, 43.379307], [-3.018473, 43.379307], [-3.018473, 43.379581], [-3.016249, 43.379581], [-3.016249, 43.37986], [-3.015417, 43.37986], [-3.015417, 43.380138], [-3.015139, 43.380138], [-3.015139, 43.380417], [-3.014861, 43.380417], [-3.014861, 43.380695], [-3.014305, 43.380695], [-3.014305, 43.381527], [-3.014029, 43.381527], [-3.014029, 43.382362], [-3.013751, 43.382362], [-3.013751, 43.382637], [-3.013195, 43.382637], [-3.013195, 43.382362], [-3.012083, 43.382362], [-3.012083, 43.382084], [-3.010138, 43.382084], [-3.010138, 43.381805], [-3.006806, 43.381805], [-3.006806, 43.382084], [-3.005138, 43.382084], [-3.005138, 43.382362], [-3.004862, 43.382362], [-3.004862, 43.382637], [-3.004584, 43.382637], [-3.004584, 43.382915], [-3.004306, 43.382915], [-3.004306, 43.383194], [-3.00375, 43.383194], [-3.00375, 43.383751], [-3.003472, 43.383751], [-3.003472, 43.385693], [-3.002638, 43.385693], [-3.002638, 43.385971], [-3.002084, 43.385971], [-3.002084, 43.38625], [-3.001806, 43.38625], [-3.001806, 43.386528], [-3.000418, 43.386528], [-3.000418, 43.38625], [-3.00014, 43.38625], [-2.999862, 43.38625], [-2.999584, 43.38625], [-2.999584, 43.386528], [-2.999306, 43.386528], [-2.999306, 43.386806], [-2.998193, 43.386806], [-2.998193, 43.387085], [-2.99764, 43.387085], [-2.99764, 43.38736], [-2.997084, 43.38736], [-2.997084, 43.387638], [-2.996527, 43.387638], [-2.996527, 43.387917], [-2.995971, 43.387917], [-2.995971, 43.388195], [-2.995693, 43.388195], [-2.995693, 43.388474], [-2.995418, 43.388474], [-2.995418, 43.388748], [-2.995139, 43.388748], [-2.995139, 43.389027], [-2.994305, 43.389027], [-2.994305, 43.389305], [-2.994027, 43.389305], [-2.994027, 43.389584], [-2.993749, 43.389584], [-2.993749, 43.389862], [-2.993473, 43.389862], [-2.993471, 43.390141], [-2.992917, 43.390141], [-2.992917, 43.390415], [-2.992083, 43.390415], [-2.992083, 43.390694], [-2.991805, 43.390694], [-2.991805, 43.390972], [-2.991527, 43.390972], [-2.991527, 43.391529], [-2.991358, 43.39156], [-2.991249, 43.391579], [-2.991249, 43.391804], [-2.990973, 43.391804], [-2.990973, 43.392082], [-2.990695, 43.392082], [-2.990695, 43.3923], [-2.990695, 43.392918], [-2.990417, 43.392918], [-2.990417, 43.393196], [-2.990139, 43.393196], [-2.990139, 43.394585], [-2.989861, 43.394585], [-2.989861, 43.394859], [-2.989583, 43.394859], [-2.989583, 43.395138], [-2.987917, 43.395138], [-2.987917, 43.394859], [-2.986251, 43.394859], [-2.986251, 43.395138], [-2.985973, 43.395138], [-2.985973, 43.395569], [-2.985973, 43.396778], [-2.985973, 43.397785], [-2.985973, 43.398472], [-2.985695, 43.398472], [-2.985695, 43.39875], [-2.985139, 43.39875], [-2.985139, 43.399029], [-2.984888, 43.399029], [-2.984307, 43.399029], [-2.984307, 43.399307], [-2.983195, 43.399307], [-2.983195, 43.399582], [-2.982638, 43.399582], [-2.982638, 43.39986], [-2.98236, 43.39986], [-2.98236, 43.400139], [-2.982082, 43.400139], [-2.982082, 43.400417], [-2.981807, 43.400417], [-2.981807, 43.400696], [-2.981658, 43.400726], [-2.981528, 43.400757], [-2.981528, 43.40097], [-2.9811, 43.401016], [-2.980972, 43.401031], [-2.980972, 43.401249], [-2.98053, 43.401249], [-2.980138, 43.401249], [-2.980138, 43.401527], [-2.979965, 43.401527], [-2.979306, 43.401527], [-2.979306, 43.401806], [-2.97875, 43.401806], [-2.97875, 43.402084], [-2.977638, 43.402084], [-2.977638, 43.402363], [-2.977362, 43.402363], [-2.977362, 43.402637], [-2.97625, 43.402637], [-2.97625, 43.402916], [-2.975694, 43.402916], [-2.975694, 43.403194], [-2.97514, 43.403194], [-2.97514, 43.403473], [-2.974862, 43.403473], [-2.974862, 43.403751], [-2.974584, 43.403751], [-2.974584, 43.404026], [-2.974306, 43.404026], [-2.974306, 43.404305], [-2.974028, 43.404305], [-2.974028, 43.404453], [-2.974028, 43.404861], [-2.97375, 43.404861], [-2.97375, 43.40514], [-2.973624, 43.40514], [-2.973472, 43.40514], [-2.973472, 43.405586], [-2.973472, 43.405693], [-2.973194, 43.405693], [-2.973194, 43.405972], [-2.972918, 43.405972], [-2.972918, 43.407082], [-2.97264, 43.407082], [-2.97264, 43.407917], [-2.972362, 43.407917], [-2.972362, 43.408749], [-2.972084, 43.408749], [-2.972084, 43.409676], [-2.972084, 43.410416], [-2.971806, 43.410416], [-2.971806, 43.410973], [-2.971642, 43.410973], [-2.971528, 43.410973], [-2.971528, 43.411251], [-2.97125, 43.411251], [-2.97125, 43.412083], [-2.970971, 43.412083], [-2.970971, 43.41264], [-2.970693, 43.41264], [-2.970693, 43.412918], [-2.968528, 43.412918], [-2.967639, 43.412918], [-2.967639, 43.413193], [-2.967083, 43.413193], [-2.967083, 43.413471], [-2.966805, 43.413471], [-2.966805, 43.41375], [-2.966527, 43.41375], [-2.966527, 43.414028], [-2.965971, 43.414028], [-2.965971, 43.414307], [-2.965695, 43.414307], [-2.965695, 43.414585], [-2.964583, 43.414585], [-2.964583, 43.414307], [-2.963325, 43.414356], [-2.963195, 43.41436], [-2.963195, 43.414585], [-2.962673, 43.414585], [-2.962361, 43.414585], [-2.962361, 43.414719], [-2.962361, 43.41486], [-2.962083, 43.41486], [-2.962083, 43.415138], [-2.961385, 43.415188], [-2.961251, 43.415195], [-2.961251, 43.415417], [-2.960734, 43.415417], [-2.959861, 43.415417], [-2.959861, 43.415138], [-2.959583, 43.415138], [-2.959583, 43.41486], [-2.959482, 43.41486], [-2.959305, 43.41486], [-2.959305, 43.414307], [-2.959029, 43.414307], [-2.959029, 43.41309], [-2.959029, 43.412918], [-2.958751, 43.412918], [-2.958751, 43.41264], [-2.957898, 43.41264], [-2.957639, 43.41264], [-2.957639, 43.412537], [-2.957639, 43.412361], [-2.957201, 43.412361], [-2.954028, 43.412361], [-2.954028, 43.412083], [-2.952638, 43.412083], [-2.952638, 43.411804], [-2.952084, 43.411804], [-2.952084, 43.412083], [-2.951528, 43.412083], [-2.950416, 43.412083], [-2.950416, 43.412361], [-2.950138, 43.412361], [-2.950138, 43.412083], [-2.949584, 43.412083], [-2.949584, 43.411804], [-2.949862, 43.411804], [-2.949862, 43.410973], [-2.949584, 43.410973], [-2.949584, 43.410694], [-2.949028, 43.410694], [-2.949028, 43.410416], [-2.948472, 43.410416], [-2.948472, 43.409863], [-2.948194, 43.409863], [-2.948194, 43.409584], [-2.947916, 43.409584], [-2.947916, 43.409306], [-2.947344, 43.409306], [-2.946806, 43.409306], [-2.946806, 43.409027], [-2.945694, 43.409027], [-2.945694, 43.409306], [-2.945416, 43.409306], [-2.945416, 43.411804], [-2.94514, 43.411804], [-2.94514, 43.412163], [-2.94514, 43.412361], [-2.944862, 43.412361], [-2.944862, 43.412918], [-2.944584, 43.412918], [-2.944584, 43.413193], [-2.944306, 43.413193], [-2.944306, 43.415417], [-2.944584, 43.415417], [-2.944584, 43.415695], [-2.944862, 43.415695], [-2.944862, 43.415974], [-2.944584, 43.415974], [-2.944584, 43.417641], [-2.944862, 43.417641], [-2.944862, 43.417915], [-2.94514, 43.417915], [-2.94514, 43.418194], [-2.945416, 43.418194], [-2.945416, 43.418472], [-2.945694, 43.418472], [-2.945694, 43.418751], [-2.947362, 43.418751], [-2.947362, 43.41861], [-2.947362, 43.418472], [-2.948472, 43.418472], [-2.948472, 43.418354], [-2.948472, 43.418194], [-2.94875, 43.418194], [-2.94875, 43.417915], [-2.949028, 43.417915], [-2.949028, 43.417641], [-2.953194, 43.417641], [-2.953194, 43.417915], [-2.953472, 43.417915], [-2.953472, 43.418194], [-2.953194, 43.418194], [-2.953194, 43.419029], [-2.952916, 43.419029], [-2.952916, 43.420696], [-2.953194, 43.420696], [-2.953242, 43.420971], [-2.954028, 43.420971], [-2.954028, 43.421249], [-2.954306, 43.421249], [-2.954306, 43.421528], [-2.955694, 43.421528], [-2.955694, 43.422916], [-2.955416, 43.422916], [-2.955416, 43.423195], [-2.955138, 43.423195], [-2.955138, 43.423473], [-2.95486, 43.423473], [-2.95486, 43.424026], [-2.953472, 43.424026], [-2.953472, 43.424305], [-2.953194, 43.424374], [-2.953194, 43.424583], [-2.952916, 43.424583], [-2.952916, 43.42514], [-2.953194, 43.42514], [-2.953194, 43.425415], [-2.953472, 43.425415], [-2.953472, 43.42625], [-2.95375, 43.42625], [-2.95375, 43.427639], [-2.953194, 43.427639], [-2.953194, 43.427917], [-2.952916, 43.427917], [-2.952916, 43.428749], [-2.952784, 43.428749], [-2.952638, 43.428749], [-2.952638, 43.428852], [-2.952638, 43.429028], [-2.95236, 43.42905], [-2.95236, 43.429585], [-2.951806, 43.429585], [-2.951806, 43.429863], [-2.951125, 43.429863], [-2.94764, 43.429863], [-2.947638, 43.430138], [-2.947362, 43.430138], [-2.947362, 43.430298], [-2.947362, 43.430416], [-2.947084, 43.430416], [-2.947084, 43.430973], [-2.946806, 43.430973], [-2.946806, 43.431252], [-2.946528, 43.431252], [-2.946528, 43.431805], [-2.94625, 43.431805], [-2.94625, 43.432362], [-2.945972, 43.432362], [-2.945972, 43.433472], [-2.94625, 43.433472], [-2.94625, 43.434029], [-2.946528, 43.434029], [-2.946528, 43.434307], [-2.947362, 43.434307], [-2.947362, 43.435139], [-2.947084, 43.435139], [-2.947084, 43.43597], [-2.94625, 43.43597], [-2.94625, 43.435696], [-2.945416, 43.435696], [-2.945416, 43.435417], [-2.944306, 43.435417], [-2.944306, 43.435261], [-2.944306, 43.435139], [-2.943471, 43.435139], [-2.943471, 43.43486], [-2.941527, 43.43486], [-2.941527, 43.434582], [-2.939305, 43.434582], [-2.939305, 43.434307], [-2.935695, 43.434307], [-2.935695, 43.434582], [-2.931529, 43.434582], [-2.931529, 43.43486], [-2.930973, 43.43486], [-2.930973, 43.435139], [-2.930695, 43.435139], [-2.930695, 43.435417], [-2.930417, 43.435417], [-2.930417, 43.435696], [-2.930063, 43.435696], [-2.929582, 43.435696], [-2.929582, 43.435818], [-2.929582, 43.43597], [-2.929029, 43.435974], [-2.929029, 43.436249], [-2.9279, 43.436249], [-2.927638, 43.436249], [-2.927638, 43.436527], [-2.926813, 43.436527], [-2.92625, 43.436527], [-2.92625, 43.436672], [-2.92625, 43.436806], [-2.925694, 43.436813], [-2.925694, 43.437084], [-2.924862, 43.437084], [-2.924862, 43.437363], [-2.923545, 43.437363], [-2.922638, 43.437363], [-2.922638, 43.437084], [-2.920972, 43.437084], [-2.920972, 43.437363], [-2.920694, 43.437363], [-2.920694, 43.437637], [-2.92014, 43.437637], [-2.92014, 43.437916], [-2.919028, 43.437916], [-2.919028, 43.438194], [-2.917918, 43.438194], [-2.917916, 43.438473], [-2.91764, 43.438473], [-2.917637, 43.438194], [-2.915379, 43.438194], [-2.912361, 43.438194], [-2.912361, 43.437916], [-2.911249, 43.437916], [-2.911249, 43.438194], [-2.911039, 43.438194], [-2.909583, 43.438194], [-2.909583, 43.437916], [-2.909305, 43.437916], [-2.909305, 43.438194], [-2.907639, 43.438194], [-2.907639, 43.437916], [-2.907083, 43.437916], [-2.907083, 43.437637], [-2.905695, 43.437637], [-2.905695, 43.437916], [-2.905417, 43.437916], [-2.905417, 43.438194], [-2.905139, 43.438194], [-2.905139, 43.43832], [-2.905139, 43.438751], [-2.903751, 43.438751], [-2.903751, 43.438473], [-2.902917, 43.438473], [-2.902917, 43.438194], [-2.902638, 43.438194], [-2.902638, 43.437916], [-2.90236, 43.437916], [-2.90236, 43.437637], [-2.902085, 43.437637], [-2.902085, 43.437511], [-2.902085, 43.437363], [-2.901807, 43.437363], [-2.901807, 43.436249], [-2.901529, 43.436249], [-2.901529, 43.435974], [-2.90125, 43.43597], [-2.90125, 43.435696], [-2.900972, 43.435696], [-2.900972, 43.435139], [-2.901807, 43.435139], [-2.903195, 43.435139], [-2.903195, 43.43486], [-2.903473, 43.43486], [-2.903473, 43.434029], [-2.903195, 43.434029], [-2.903195, 43.43375], [-2.902917, 43.43375], [-2.902917, 43.433472], [-2.90236, 43.433472], [-2.90236, 43.433193], [-2.902085, 43.433193], [-2.902085, 43.432919], [-2.901807, 43.432915], [-2.901807, 43.43264], [-2.901529, 43.43264], [-2.901529, 43.432362], [-2.90125, 43.432362], [-2.90125, 43.432083], [-2.899584, 43.432121], [-2.899584, 43.432362], [-2.899466, 43.432362], [-2.899306, 43.432362], [-2.899306, 43.43264], [-2.899028, 43.43264], [-2.899028, 43.434029], [-2.898586, 43.434044], [-2.898472, 43.434048], [-2.898472, 43.434307], [-2.898194, 43.434307], [-2.898194, 43.434582], [-2.896806, 43.434582], [-2.896806, 43.43486], [-2.896528, 43.43486], [-2.896528, 43.434353], [-2.89625, 43.434307], [-2.89625, 43.434029], [-2.895972, 43.434029], [-2.895972, 43.43375], [-2.895694, 43.43375], [-2.895694, 43.433472], [-2.89514, 43.433472], [-2.89514, 43.433193], [-2.894584, 43.433193], [-2.894584, 43.432919], [-2.894028, 43.432915], [-2.894028, 43.43264], [-2.893472, 43.43264], [-2.893472, 43.432915], [-2.893194, 43.432919], [-2.893194, 43.434307], [-2.893472, 43.434307], [-2.893472, 43.434582], [-2.893194, 43.434582], [-2.893194, 43.43486], [-2.89014, 43.43486], [-2.89014, 43.435139], [-2.888196, 43.435139], [-2.888193, 43.435417], [-2.887361, 43.435417], [-2.887361, 43.435696], [-2.886527, 43.435696], [-2.886527, 43.43597], [-2.884829, 43.43597], [-2.882639, 43.435974], [-2.882639, 43.436249], [-2.882083, 43.436249], [-2.882083, 43.436527], [-2.881481, 43.436527], [-2.881251, 43.436527], [-2.881249, 43.436249], [-2.880695, 43.436249], [-2.880695, 43.435974], [-2.880417, 43.43597], [-2.880417, 43.435696], [-2.879305, 43.435696], [-2.879305, 43.435417], [-2.876804, 43.435467], [-2.876804, 43.435696], [-2.875138, 43.435696], [-2.875138, 43.435139], [-2.87486, 43.435139], [-2.87486, 43.43486], [-2.87275, 43.434879], [-2.872084, 43.434887], [-2.872082, 43.435139], [-2.870298, 43.435139], [-2.869862, 43.435139], [-2.869862, 43.434185], [-2.869862, 43.432919], [-2.869584, 43.432915], [-2.869584, 43.43264], [-2.869306, 43.43264], [-2.869306, 43.432362], [-2.869028, 43.432362], [-2.869028, 43.432083], [-2.86875, 43.432083], [-2.86875, 43.431805], [-2.868472, 43.431805], [-2.868472, 43.431526], [-2.868194, 43.431526], [-2.868194, 43.431252], [-2.867916, 43.431252], [-2.867916, 43.430973], [-2.867362, 43.430973], [-2.867362, 43.430695], [-2.865694, 43.430695], [-2.865694, 43.430416], [-2.86375, 43.430416], [-2.86375, 43.430695], [-2.858749, 43.430695], [-2.858749, 43.430973], [-2.858473, 43.430973], [-2.858471, 43.430695], [-2.857917, 43.430695], [-2.857917, 43.430416], [-2.857083, 43.430416], [-2.857083, 43.430695], [-2.855561, 43.430695], [-2.854583, 43.430695], [-2.854583, 43.430416], [-2.853751, 43.430416], [-2.853751, 43.430138], [-2.850109, 43.430138], [-2.849582, 43.430138], [-2.849582, 43.430416], [-2.849307, 43.430416], [-2.849307, 43.430973], [-2.849029, 43.430973], [-2.849029, 43.431252], [-2.848751, 43.431252], [-2.848751, 43.431526], [-2.848473, 43.431526], [-2.848473, 43.431789], [-2.848473, 43.432362], [-2.848194, 43.432362], [-2.848194, 43.43264], [-2.847916, 43.43264], [-2.847916, 43.432915], [-2.847082, 43.432919], [-2.847082, 43.433193], [-2.84625, 43.433193], [-2.84625, 43.432919], [-2.84486, 43.432915], [-2.84486, 43.43264], [-2.844582, 43.43264], [-2.844584, 43.432362], [-2.844452, 43.432362], [-2.843472, 43.432362], [-2.843472, 43.432095], [-2.842763, 43.432083], [-2.842638, 43.432083], [-2.842638, 43.432362], [-2.842362, 43.432362], [-2.84236, 43.432915], [-2.84014, 43.432915], [-2.84014, 43.43264], [-2.838472, 43.43264], [-2.838472, 43.432362], [-2.836528, 43.432362], [-2.836528, 43.432083], [-2.834583, 43.432083], [-2.834583, 43.432362], [-2.834305, 43.432362], [-2.834305, 43.43264], [-2.833195, 43.43264], [-2.833195, 43.432362], [-2.832639, 43.432362], [-2.832639, 43.432083], [-2.831805, 43.432083], [-2.831805, 43.431915], [-2.831805, 43.431805], [-2.831527, 43.431805], [-2.831527, 43.431526], [-2.829027, 43.431526], [-2.829027, 43.431805], [-2.828749, 43.43187], [-2.828749, 43.432083], [-2.826805, 43.432083], [-2.826805, 43.432362], [-2.825973, 43.432362], [-2.825973, 43.43264], [-2.825695, 43.43264], [-2.825695, 43.433472], [-2.824861, 43.433472], [-2.824861, 43.43375], [-2.824494, 43.43375], [-2.824305, 43.43375], [-2.824305, 43.434029], [-2.823751, 43.434029], [-2.823751, 43.434143], [-2.823751, 43.434307], [-2.823473, 43.434307], [-2.823473, 43.434055], [-2.823195, 43.434029], [-2.823195, 43.434307], [-2.822639, 43.434307], [-2.822639, 43.434029], [-2.821251, 43.434029], [-2.821251, 43.43375], [-2.819584, 43.43375], [-2.819584, 43.433472], [-2.819306, 43.433472], [-2.819306, 43.433193], [-2.815694, 43.433193], [-2.815694, 43.43264], [-2.815416, 43.43264], [-2.815416, 43.432503], [-2.815416, 43.432362], [-2.814306, 43.432362], [-2.814306, 43.432468], [-2.814306, 43.43264], [-2.81375, 43.43264], [-2.81375, 43.432915], [-2.812084, 43.432915], [-2.812084, 43.43264], [-2.81125, 43.43264], [-2.81125, 43.432377], [-2.810703, 43.432365], [-2.810418, 43.432362], [-2.810418, 43.432083], [-2.809916, 43.432083], [-2.809584, 43.432083], [-2.809584, 43.431873], [-2.80947, 43.431847], [-2.809306, 43.431805], [-2.809306, 43.431694], [-2.809306, 43.431526], [-2.809041, 43.431526], [-2.809028, 43.431252], [-2.80861, 43.431252], [-2.806527, 43.431252], [-2.806527, 43.431526], [-2.806249, 43.431526], [-2.806249, 43.431805], [-2.805973, 43.431805], [-2.805971, 43.432083], [-2.805695, 43.432083], [-2.805695, 43.432362], [-2.805139, 43.432362], [-2.805139, 43.43264], [-2.803749, 43.43264], [-2.803749, 43.432083], [-2.803473, 43.432083], [-2.803473, 43.431805], [-2.801527, 43.431805], [-2.801527, 43.432083], [-2.800973, 43.432083], [-2.800973, 43.432362], [-2.800695, 43.432362], [-2.800695, 43.43264], [-2.800417, 43.43264], [-2.800417, 43.433193], [-2.800139, 43.433193], [-2.800139, 43.434029], [-2.799861, 43.434029], [-2.799861, 43.434769], [-2.799861, 43.435696], [-2.799583, 43.435696], [-2.799583, 43.436249], [-2.799027, 43.436249], [-2.799027, 43.436527], [-2.798751, 43.436527], [-2.798751, 43.436806], [-2.798473, 43.436806], [-2.798473, 43.437084], [-2.797917, 43.437084], [-2.797917, 43.437363], [-2.797609, 43.437363], [-2.797361, 43.437363], [-2.797361, 43.437637], [-2.797083, 43.437637], [-2.797083, 43.437965], [-2.797083, 43.438751], [-2.796805, 43.438751], [-2.796805, 43.439583], [-2.796529, 43.439583], [-2.796529, 43.439861], [-2.795093, 43.439861], [-2.79486, 43.439861], [-2.79486, 43.439976], [-2.79486, 43.44014], [-2.794582, 43.44014], [-2.794582, 43.440971], [-2.794307, 43.440971], [-2.794307, 43.44125], [-2.792916, 43.44125], [-2.792916, 43.441528], [-2.792638, 43.441528], [-2.792638, 43.441807], [-2.79236, 43.441807], [-2.79236, 43.442081], [-2.791806, 43.442081], [-2.791806, 43.44236], [-2.790694, 43.44236], [-2.790694, 43.442638], [-2.789862, 43.442638], [-2.789862, 43.442917], [-2.788898, 43.442917], [-2.788472, 43.442917], [-2.788472, 43.443195], [-2.788342, 43.443226], [-2.788194, 43.443264], [-2.788194, 43.443474], [-2.787916, 43.443474], [-2.787916, 43.443748], [-2.787638, 43.443748], [-2.787638, 43.444027], [-2.786806, 43.444027], [-2.786806, 43.444305], [-2.786086, 43.444351], [-2.785972, 43.444359], [-2.785972, 43.444584], [-2.785518, 43.444584], [-2.78514, 43.444584], [-2.78514, 43.444862], [-2.784862, 43.444862], [-2.784862, 43.445415], [-2.78514, 43.445415], [-2.78514, 43.445694], [-2.785846, 43.445694], [-2.787084, 43.445694], [-2.787084, 43.445415], [-2.787362, 43.445415], [-2.787362, 43.447639], [-2.786806, 43.447639], [-2.786806, 43.447918], [-2.78625, 43.447918], [-2.78625, 43.448193], [-2.785694, 43.448193], [-2.785694, 43.448471], [-2.785418, 43.448471], [-2.785418, 43.44875], [-2.784306, 43.44875], [-2.784306, 43.448471], [-2.784028, 43.448471], [-2.784028, 43.447788], [-2.784028, 43.447639], [-2.78375, 43.447639], [-2.78375, 43.445972], [-2.783472, 43.445972], [-2.783472, 43.445694], [-2.783045, 43.445694], [-2.782918, 43.445694], [-2.782904, 43.445419], [-2.780575, 43.445419], [-2.777639, 43.445415], [-2.777639, 43.445694], [-2.775973, 43.445694], [-2.775973, 43.445972], [-2.775695, 43.445972], [-2.775695, 43.446251], [-2.775052, 43.446251], [-2.774861, 43.446251], [-2.774861, 43.446426], [-2.774861, 43.446529], [-2.774747, 43.446529], [-2.774583, 43.446529], [-2.774583, 43.446678], [-2.774583, 43.446804], [-2.774444, 43.446804], [-2.774305, 43.446804], [-2.774305, 43.44693], [-2.774305, 43.447361], [-2.774027, 43.447361], [-2.774027, 43.447639], [-2.773525, 43.447639], [-2.772917, 43.447639], [-2.772917, 43.447918], [-2.772361, 43.447918], [-2.772361, 43.448193], [-2.772083, 43.448193], [-2.772083, 43.448471], [-2.771529, 43.448471], [-2.771529, 43.44875], [-2.76625, 43.44875], [-2.76625, 43.449028], [-2.765972, 43.449028], [-2.765972, 43.44875], [-2.764584, 43.44875], [-2.764584, 43.449028], [-2.76375, 43.449028], [-2.76375, 43.449306], [-2.763472, 43.449306], [-2.763472, 43.449585], [-2.763278, 43.449585], [-2.761806, 43.449585], [-2.761806, 43.449699], [-2.761806, 43.44986], [-2.761528, 43.44986], [-2.761528, 43.449722], [-2.761528, 43.449585], [-2.76125, 43.449585], [-2.76125, 43.449741], [-2.76125, 43.450138], [-2.760694, 43.450138], [-2.760694, 43.450417], [-2.760416, 43.450417], [-2.760416, 43.450974], [-2.759862, 43.450974], [-2.759862, 43.451248], [-2.759584, 43.451248], [-2.759584, 43.451527], [-2.759306, 43.451527], [-2.759306, 43.452084], [-2.75875, 43.452084], [-2.75875, 43.451912], [-2.75875, 43.451805], [-2.758472, 43.451805], [-2.758472, 43.452084], [-2.75764, 43.452084], [-2.75764, 43.452362], [-2.757084, 43.452362], [-2.757084, 43.452641], [-2.756806, 43.452641], [-2.756806, 43.452915], [-2.756528, 43.452915], [-2.756528, 43.453194], [-2.75625, 43.453194], [-2.75625, 43.453472], [-2.755972, 43.453472], [-2.755972, 43.453751], [-2.755693, 43.453751], [-2.755693, 43.454029], [-2.755418, 43.454029], [-2.755418, 43.454304], [-2.75514, 43.454304], [-2.75514, 43.454582], [-2.754862, 43.454582], [-2.754862, 43.454861], [-2.754584, 43.454861], [-2.754584, 43.455418], [-2.754305, 43.455418], [-2.754305, 43.455696], [-2.754027, 43.455696], [-2.754027, 43.456249], [-2.753749, 43.456249], [-2.753749, 43.456528], [-2.752083, 43.456528], [-2.752083, 43.456806], [-2.751805, 43.456806], [-2.751805, 43.456528], [-2.751527, 43.456528], [-2.751527, 43.455971], [-2.750973, 43.455971], [-2.750973, 43.455696], [-2.750547, 43.455696], [-2.750417, 43.455696], [-2.750417, 43.455578], [-2.750417, 43.455418], [-2.750246, 43.455418], [-2.749861, 43.455418], [-2.749861, 43.455139], [-2.749583, 43.455139], [-2.749583, 43.454861], [-2.749027, 43.454861], [-2.749027, 43.454582], [-2.748749, 43.454582], [-2.748749, 43.454304], [-2.748473, 43.454304], [-2.748473, 43.454029], [-2.748195, 43.454029], [-2.748195, 43.453751], [-2.747917, 43.453751], [-2.747917, 43.453472], [-2.747361, 43.453472], [-2.747361, 43.452915], [-2.747083, 43.452915], [-2.747083, 43.452484], [-2.747083, 43.452084], [-2.746805, 43.452084], [-2.746805, 43.451805], [-2.746527, 43.451805], [-2.746527, 43.449028], [-2.746805, 43.449028], [-2.746805, 43.44875], [-2.746958, 43.44875], [-2.747083, 43.44875], [-2.747083, 43.448193], [-2.747361, 43.448193], [-2.747361, 43.445694], [-2.747639, 43.445694], [-2.747639, 43.444862], [-2.747361, 43.444862], [-2.747361, 43.444305], [-2.747233, 43.444305], [-2.747083, 43.444305], [-2.747083, 43.443748], [-2.746805, 43.443748], [-2.746805, 43.443474], [-2.746527, 43.443474], [-2.746527, 43.443195], [-2.746251, 43.443195], [-2.746251, 43.442917], [-2.745973, 43.442917], [-2.745973, 43.44236], [-2.745695, 43.44236], [-2.745695, 43.442081], [-2.745417, 43.442081], [-2.745417, 43.441807], [-2.745139, 43.441807], [-2.745139, 43.44125], [-2.744861, 43.44125], [-2.744861, 43.440971], [-2.744583, 43.440971], [-2.744583, 43.440693], [-2.744305, 43.440693], [-2.744305, 43.440418], [-2.744029, 43.440418], [-2.744029, 43.439583], [-2.743751, 43.439583], [-2.743751, 43.439304], [-2.743473, 43.439304], [-2.743473, 43.438751], [-2.743195, 43.438751], [-2.743195, 43.438473], [-2.742917, 43.438473], [-2.742917, 43.438194], [-2.742361, 43.438194], [-2.742361, 43.437916], [-2.742082, 43.437916], [-2.742082, 43.437637], [-2.741807, 43.437637], [-2.741807, 43.437363], [-2.741529, 43.437363], [-2.741529, 43.435139], [-2.741251, 43.435139], [-2.741251, 43.434181], [-2.741251, 43.43375], [-2.740982, 43.43375], [-2.740973, 43.433472], [-2.740808, 43.433472], [-2.740138, 43.433472], [-2.740138, 43.433193], [-2.73986, 43.433193], [-2.73986, 43.432362], [-2.739582, 43.432362], [-2.739582, 43.431526], [-2.739306, 43.431526], [-2.739306, 43.431053], [-2.739306, 43.430973], [-2.739028, 43.430973], [-2.739028, 43.430695], [-2.73875, 43.430695], [-2.73875, 43.430161], [-2.738472, 43.430138], [-2.738472, 43.429996], [-2.738472, 43.429585], [-2.737916, 43.429585], [-2.737916, 43.429306], [-2.737638, 43.429306], [-2.737638, 43.429028], [-2.73736, 43.429028], [-2.73736, 43.428749], [-2.736528, 43.428749], [-2.736528, 43.428471], [-2.735468, 43.428471], [-2.735138, 43.428471], [-2.735138, 43.428303], [-2.735138, 43.428196], [-2.734928, 43.428196], [-2.734584, 43.428196], [-2.734584, 43.42802], [-2.734584, 43.427917], [-2.734381, 43.427917], [-2.734028, 43.427917], [-2.734028, 43.427738], [-2.734028, 43.427639], [-2.732638, 43.427639], [-2.732638, 43.427361], [-2.730972, 43.427361], [-2.730972, 43.427082], [-2.73014, 43.427082], [-2.73014, 43.426807], [-2.727362, 43.426807], [-2.727362, 43.426529], [-2.723195, 43.426529], [-2.723195, 43.426807], [-2.722639, 43.426807], [-2.722639, 43.426529], [-2.721805, 43.426529], [-2.721805, 43.42625], [-2.721251, 43.42625], [-2.721251, 43.425972], [-2.721005, 43.425972], [-2.720973, 43.425415], [-2.720802, 43.425415], [-2.720695, 43.425415], [-2.720695, 43.425121], [-2.720695, 43.424026], [-2.720417, 43.424026], [-2.720417, 43.423473], [-2.720139, 43.423473], [-2.720139, 43.422359], [-2.719861, 43.422359], [-2.719861, 43.422085], [-2.719587, 43.422085], [-2.719583, 43.421806], [-2.719305, 43.421806], [-2.719305, 43.421318], [-2.719027, 43.421249], [-2.719027, 43.420971], [-2.718751, 43.420971], [-2.718751, 43.420776], [-2.718751, 43.420696], [-2.717639, 43.420696], [-2.717639, 43.420971], [-2.717128, 43.420994], [-2.716805, 43.421009], [-2.716805, 43.421249], [-2.715973, 43.421249], [-2.715973, 43.421528], [-2.714582, 43.421528], [-2.714582, 43.421806], [-2.713472, 43.421806], [-2.713472, 43.422085], [-2.71236, 43.422085], [-2.71236, 43.422359], [-2.710694, 43.422359], [-2.710694, 43.422638], [-2.709306, 43.422638], [-2.709306, 43.422359], [-2.709028, 43.422359], [-2.709028, 43.422085], [-2.709306, 43.422085], [-2.709306, 43.421806], [-2.710694, 43.421806], [-2.710694, 43.421528], [-2.71236, 43.421528], [-2.71236, 43.421249], [-2.713472, 43.421249], [-2.713472, 43.420971], [-2.714307, 43.420971], [-2.714307, 43.420696], [-2.714582, 43.420696], [-2.714582, 43.420418], [-2.715139, 43.420418], [-2.715139, 43.420139], [-2.715695, 43.420139], [-2.715695, 43.419861], [-2.716529, 43.419861], [-2.716529, 43.419582], [-2.716805, 43.419582], [-2.716805, 43.418751], [-2.716251, 43.418751], [-2.716251, 43.418472], [-2.715973, 43.418472], [-2.715973, 43.418194], [-2.715139, 43.418194], [-2.715139, 43.417915], [-2.714029, 43.417915], [-2.714029, 43.418194], [-2.713751, 43.418194], [-2.713751, 43.419582], [-2.714029, 43.419582], [-2.714029, 43.420139], [-2.713751, 43.420139], [-2.713751, 43.420418], [-2.713194, 43.420418], [-2.713194, 43.420696], [-2.712916, 43.420696], [-2.712916, 43.420971], [-2.71236, 43.420971], [-2.71236, 43.420696], [-2.712082, 43.420696], [-2.712082, 43.419304], [-2.711806, 43.419304], [-2.711806, 43.419029], [-2.710972, 43.419029], [-2.710972, 43.418751], [-2.708907, 43.418751], [-2.708652, 43.418751], [-2.708194, 43.418751], [-2.708194, 43.418568], [-2.708194, 43.418472], [-2.707955, 43.418472], [-2.707638, 43.418472], [-2.707638, 43.418343], [-2.707638, 43.418194], [-2.707273, 43.418194], [-2.706806, 43.418194], [-2.706806, 43.418007], [-2.706806, 43.417915], [-2.706583, 43.417915], [-2.706528, 43.417641], [-2.705972, 43.417641], [-2.705972, 43.417362], [-2.705416, 43.417362], [-2.705416, 43.417084], [-2.704862, 43.417084], [-2.704862, 43.416805], [-2.704028, 43.416805], [-2.704028, 43.416527], [-2.703472, 43.416527], [-2.703472, 43.416248], [-2.702451, 43.416248], [-2.702362, 43.416248], [-2.702362, 43.415974], [-2.701806, 43.415974], [-2.701806, 43.415695], [-2.701249, 43.415695], [-2.701249, 43.415417], [-2.700971, 43.415417], [-2.700971, 43.415138], [-2.700696, 43.415138], [-2.700696, 43.41486], [-2.700418, 43.41486], [-2.700418, 43.414307], [-2.700696, 43.414307], [-2.700696, 43.412361], [-2.700418, 43.412361], [-2.700418, 43.412083], [-2.699861, 43.412083], [-2.699861, 43.411804], [-2.699704, 43.411804], [-2.699305, 43.411804], [-2.699305, 43.41153], [-2.698749, 43.41153], [-2.698749, 43.411251], [-2.698195, 43.411251], [-2.698195, 43.410973], [-2.697639, 43.410973], [-2.697639, 43.410694], [-2.697361, 43.410694], [-2.697361, 43.410431], [-2.697252, 43.410423], [-2.697083, 43.410416], [-2.697083, 43.410114], [-2.697083, 43.409584], [-2.696805, 43.409584], [-2.696805, 43.409306], [-2.696527, 43.409306], [-2.696527, 43.408474], [-2.696249, 43.408474], [-2.696249, 43.408195], [-2.695973, 43.408195], [-2.695973, 43.407639], [-2.695695, 43.407639], [-2.695695, 43.40736], [-2.695973, 43.40736], [-2.695973, 43.40625], [-2.695695, 43.40625], [-2.695695, 43.405941], [-2.695695, 43.405418], [-2.696527, 43.405418], [-2.696527, 43.40514], [-2.696805, 43.40514], [-2.696805, 43.404861], [-2.699583, 43.404861], [-2.699583, 43.404583], [-2.699305, 43.404583], [-2.699305, 43.404305], [-2.695973, 43.404305], [-2.695973, 43.403473], [-2.695695, 43.403473], [-2.695695, 43.403194], [-2.695417, 43.403194], [-2.695417, 43.402916], [-2.695139, 43.402916], [-2.695139, 43.402637], [-2.694861, 43.402637], [-2.694861, 43.402363], [-2.694583, 43.402363], [-2.694583, 43.401806], [-2.694305, 43.401806], [-2.694305, 43.400696], [-2.694027, 43.400696], [-2.694027, 43.400417], [-2.693849, 43.400417], [-2.693751, 43.400417], [-2.693751, 43.400002], [-2.693749, 43.399307], [-2.693585, 43.399307], [-2.693473, 43.399307], [-2.693473, 43.398834], [-2.693473, 43.397457], [-2.693473, 43.396805], [-2.694583, 43.396805], [-2.694583, 43.396252], [-2.694305, 43.396252], [-2.694305, 43.395695], [-2.694027, 43.395695], [-2.694027, 43.395416], [-2.693751, 43.395416], [-2.693749, 43.394028], [-2.693195, 43.394028], [-2.693195, 43.394306], [-2.692917, 43.394306], [-2.692917, 43.394585], [-2.692639, 43.394585], [-2.692639, 43.394859], [-2.692361, 43.394859], [-2.692361, 43.395138], [-2.692083, 43.395138], [-2.692083, 43.395416], [-2.691805, 43.395416], [-2.691805, 43.394859], [-2.691529, 43.394859], [-2.691529, 43.393471], [-2.692083, 43.393471], [-2.692083, 43.393196], [-2.692361, 43.393196], [-2.692361, 43.392639], [-2.691805, 43.392639], [-2.691805, 43.391251], [-2.691529, 43.391251], [-2.691529, 43.389027], [-2.690695, 43.389027], [-2.690695, 43.388748], [-2.690417, 43.388748], [-2.690417, 43.388474], [-2.690139, 43.388474], [-2.690139, 43.387638], [-2.689861, 43.387638], [-2.689861, 43.38625], [-2.689583, 43.38625], [-2.689583, 43.385971], [-2.689029, 43.385971], [-2.689029, 43.385693], [-2.688751, 43.385693], [-2.688751, 43.385418], [-2.687917, 43.385418], [-2.687917, 43.385139], [-2.687638, 43.385139], [-2.687638, 43.383621], [-2.687638, 43.382915], [-2.68736, 43.382915], [-2.68736, 43.382362], [-2.687082, 43.382362], [-2.687082, 43.380417], [-2.68736, 43.380417], [-2.68736, 43.380138], [-2.687638, 43.380138], [-2.687638, 43.37986], [-2.687917, 43.37986], [-2.687917, 43.379028], [-2.688195, 43.379028], [-2.688195, 43.375694], [-2.687917, 43.375694], [-2.687917, 43.375137], [-2.687638, 43.375137], [-2.687638, 43.374584], [-2.68736, 43.374584], [-2.68736, 43.374306], [-2.687082, 43.374306], [-2.687082, 43.374027], [-2.686807, 43.374027], [-2.686807, 43.373474], [-2.686529, 43.37347], [-2.686529, 43.372917], [-2.68625, 43.372917], [-2.68625, 43.372639], [-2.685972, 43.372639], [-2.685972, 43.372082], [-2.685694, 43.372082], [-2.685694, 43.371529], [-2.685416, 43.371529], [-2.685416, 43.370972], [-2.685138, 43.370972], [-2.685138, 43.370419], [-2.68486, 43.370415], [-2.68486, 43.369862], [-2.684306, 43.369862], [-2.684306, 43.369583], [-2.684028, 43.369583], [-2.684028, 43.369305], [-2.68375, 43.369305], [-2.68375, 43.369026], [-2.683194, 43.369026], [-2.683194, 43.368752], [-2.682916, 43.368752], [-2.682916, 43.368473], [-2.682638, 43.368473], [-2.682638, 43.368195], [-2.68236, 43.368195], [-2.68236, 43.367916], [-2.682084, 43.367916], [-2.682084, 43.367626], [-2.681708, 43.367634], [-2.681528, 43.367638], [-2.681528, 43.367085], [-2.68125, 43.367085], [-2.68125, 43.366806], [-2.681528, 43.366806], [-2.681528, 43.366249], [-2.682084, 43.366249], [-2.682084, 43.365971], [-2.682638, 43.365971], [-2.682638, 43.365696], [-2.683472, 43.365696], [-2.683472, 43.364307], [-2.681528, 43.364307], [-2.681528, 43.364582], [-2.680972, 43.364582], [-2.680972, 43.364861], [-2.680416, 43.364861], [-2.680416, 43.365696], [-2.680138, 43.365696], [-2.680138, 43.366249], [-2.679862, 43.366249], [-2.679862, 43.366528], [-2.679584, 43.366528], [-2.679584, 43.367085], [-2.679306, 43.367085], [-2.679306, 43.368195], [-2.679028, 43.368195], [-2.679028, 43.370266], [-2.679028, 43.372639], [-2.679306, 43.372639], [-2.679306, 43.37347], [-2.679028, 43.373474], [-2.679028, 43.374584], [-2.67875, 43.374584], [-2.67875, 43.375416], [-2.678472, 43.375416], [-2.678472, 43.375973], [-2.677916, 43.375973], [-2.677916, 43.376526], [-2.67764, 43.376526], [-2.67764, 43.376804], [-2.67764, 43.377083], [-2.677362, 43.377083], [-2.677362, 43.377361], [-2.677084, 43.377361], [-2.677084, 43.377918], [-2.677362, 43.377918], [-2.677362, 43.378471], [-2.677638, 43.378471], [-2.67764, 43.379028], [-2.677916, 43.379028], [-2.677916, 43.37986], [-2.678194, 43.37986], [-2.678194, 43.380695], [-2.678472, 43.380695], [-2.678472, 43.380974], [-2.67875, 43.380974], [-2.67875, 43.381248], [-2.679028, 43.381248], [-2.679028, 43.381527], [-2.679306, 43.381527], [-2.679306, 43.381805], [-2.679584, 43.381805], [-2.679584, 43.382084], [-2.679862, 43.382084], [-2.679862, 43.382637], [-2.680138, 43.382637], [-2.680138, 43.383194], [-2.680416, 43.383194], [-2.680416, 43.383472], [-2.680694, 43.383472], [-2.680694, 43.383751], [-2.680972, 43.383751], [-2.680972, 43.384304], [-2.68125, 43.384304], [-2.68125, 43.384583], [-2.681528, 43.384583], [-2.681528, 43.385139], [-2.681806, 43.385139], [-2.681806, 43.385418], [-2.682084, 43.385418], [-2.682084, 43.385693], [-2.68236, 43.385693], [-2.68236, 43.38625], [-2.682638, 43.38625], [-2.682638, 43.386528], [-2.682916, 43.386528], [-2.682916, 43.386806], [-2.683194, 43.386806], [-2.683194, 43.38736], [-2.683472, 43.38736], [-2.683472, 43.387638], [-2.68375, 43.387638], [-2.68375, 43.388195], [-2.684028, 43.388195], [-2.684028, 43.388474], [-2.682638, 43.388474], [-2.682638, 43.390972], [-2.682916, 43.390972], [-2.682916, 43.392361], [-2.683194, 43.392361], [-2.683194, 43.394028], [-2.682916, 43.394028], [-2.682916, 43.394306], [-2.68236, 43.394306], [-2.68236, 43.394585], [-2.682084, 43.394585], [-2.682084, 43.394665], [-2.682084, 43.395138], [-2.682638, 43.395138], [-2.682638, 43.395416], [-2.683194, 43.395416], [-2.683194, 43.395695], [-2.683472, 43.395695], [-2.683472, 43.395973], [-2.684028, 43.395973], [-2.684028, 43.396252], [-2.684306, 43.396252], [-2.684306, 43.397083], [-2.684582, 43.397083], [-2.684584, 43.39764], [-2.68486, 43.39764], [-2.68486, 43.399029], [-2.685138, 43.399029], [-2.685138, 43.402363], [-2.68486, 43.402363], [-2.68486, 43.404305], [-2.684584, 43.404305], [-2.684582, 43.404583], [-2.684028, 43.404583], [-2.684028, 43.404861], [-2.68375, 43.404861], [-2.68375, 43.405693], [-2.683472, 43.405693], [-2.683472, 43.406807], [-2.683194, 43.406807], [-2.683194, 43.407265], [-2.683194, 43.407639], [-2.682916, 43.407639], [-2.682916, 43.407917], [-2.682638, 43.407917], [-2.682638, 43.408195], [-2.68236, 43.408195], [-2.68236, 43.408474], [-2.682084, 43.408474], [-2.682084, 43.409027], [-2.681806, 43.409027], [-2.681806, 43.409584], [-2.681528, 43.409584], [-2.681528, 43.410137], [-2.68125, 43.410137], [-2.68125, 43.410416], [-2.680972, 43.410416], [-2.680972, 43.410694], [-2.680416, 43.410694], [-2.680416, 43.410973], [-2.680138, 43.410973], [-2.680138, 43.411251], [-2.679862, 43.411251], [-2.679862, 43.41153], [-2.679584, 43.41153], [-2.679584, 43.411804], [-2.678994, 43.411804], [-2.67875, 43.411804], [-2.67875, 43.412083], [-2.678194, 43.412083], [-2.678194, 43.412361], [-2.67625, 43.412361], [-2.67625, 43.41264], [-2.671805, 43.41264], [-2.671805, 43.412918], [-2.669861, 43.412918], [-2.669861, 43.41264], [-2.669027, 43.41264], [-2.669027, 43.412514], [-2.669027, 43.412361], [-2.668473, 43.412361], [-2.668473, 43.412083], [-2.666805, 43.412083], [-2.666805, 43.411804], [-2.666249, 43.411804], [-2.664861, 43.411804], [-2.664861, 43.41153], [-2.664305, 43.41153], [-2.664305, 43.411251], [-2.663751, 43.411251], [-2.663751, 43.410973], [-2.663473, 43.410973], [-2.663473, 43.410416], [-2.663751, 43.410416], [-2.663751, 43.409863], [-2.663473, 43.409863], [-2.663473, 43.409584], [-2.662639, 43.409584], [-2.662639, 43.409863], [-2.656806, 43.409863], [-2.656806, 43.410137], [-2.65625, 43.410137], [-2.65625, 43.410416], [-2.655694, 43.410416], [-2.655694, 43.410694], [-2.655416, 43.410694], [-2.655416, 43.411404], [-2.655416, 43.412918], [-2.654584, 43.412918], [-2.654582, 43.412735], [-2.654582, 43.41264], [-2.654306, 43.41264], [-2.654306, 43.412361], [-2.652916, 43.412361], [-2.652916, 43.41264], [-2.652638, 43.41264], [-2.652638, 43.412918], [-2.652362, 43.412918], [-2.652362, 43.413471], [-2.652084, 43.413471], [-2.652084, 43.41375], [-2.651806, 43.41375], [-2.651806, 43.414028], [-2.65125, 43.414028], [-2.65125, 43.414307], [-2.650694, 43.414307], [-2.650694, 43.414585], [-2.65014, 43.414585], [-2.65014, 43.41486], [-2.649584, 43.41486], [-2.649584, 43.415138], [-2.649306, 43.415138], [-2.649306, 43.415417], [-2.649028, 43.415417], [-2.649028, 43.415695], [-2.648193, 43.415695], [-2.648193, 43.415417], [-2.64764, 43.415417], [-2.64764, 43.415695], [-2.647362, 43.415695], [-2.647362, 43.415417], [-2.646805, 43.415417], [-2.646805, 43.415695], [-2.646249, 43.415695], [-2.646249, 43.415417], [-2.645696, 43.415417], [-2.645696, 43.415695], [-2.645417, 43.415695], [-2.645417, 43.415417], [-2.644342, 43.415417], [-2.644027, 43.415417], [-2.644027, 43.415295], [-2.644027, 43.415138], [-2.643749, 43.415188], [-2.643749, 43.415417], [-2.643195, 43.415417], [-2.643195, 43.415138], [-2.642639, 43.415138], [-2.642639, 43.41486], [-2.641251, 43.41486], [-2.641249, 43.414585], [-2.640417, 43.414585], [-2.640417, 43.414307], [-2.640139, 43.414307], [-2.640139, 43.414028], [-2.639029, 43.414028], [-2.639029, 43.41375], [-2.638473, 43.41375], [-2.638473, 43.413471], [-2.637917, 43.413471], [-2.637917, 43.413193], [-2.637361, 43.413193], [-2.637361, 43.413471], [-2.637083, 43.413471], [-2.637083, 43.413193], [-2.636805, 43.413193], [-2.636805, 43.412918], [-2.636527, 43.412918], [-2.636529, 43.412361], [-2.636251, 43.412361], [-2.636251, 43.412083], [-2.635973, 43.412083], [-2.635973, 43.41153], [-2.635695, 43.41153], [-2.635695, 43.410973], [-2.635417, 43.410973], [-2.635417, 43.407917], [-2.635695, 43.407917], [-2.635695, 43.407082], [-2.635973, 43.407082], [-2.635973, 43.406807], [-2.636251, 43.406807], [-2.636251, 43.405418], [-2.636529, 43.405418], [-2.636529, 43.404861], [-2.636251, 43.404861], [-2.636251, 43.402916], [-2.635973, 43.402916], [-2.635973, 43.402576], [-2.635973, 43.402363], [-2.635695, 43.402363], [-2.635695, 43.402084], [-2.635417, 43.402084], [-2.635417, 43.401806], [-2.634968, 43.401806], [-2.634861, 43.401806], [-2.634861, 43.401527], [-2.634605, 43.401527], [-2.634582, 43.401249], [-2.634241, 43.401249], [-2.634029, 43.401249], [-2.634029, 43.401085], [-2.634029, 43.40097], [-2.633878, 43.40097], [-2.633751, 43.40097], [-2.633751, 43.400417], [-2.633473, 43.400417], [-2.633473, 43.400139], [-2.633194, 43.400139], [-2.633194, 43.39986], [-2.632916, 43.39986], [-2.632916, 43.399582], [-2.632638, 43.399582], [-2.632638, 43.399307], [-2.63236, 43.399307], [-2.63236, 43.399029], [-2.631806, 43.399029], [-2.631806, 43.39875], [-2.631528, 43.39875], [-2.631528, 43.398609], [-2.631528, 43.398472], [-2.630972, 43.398472], [-2.630972, 43.398193], [-2.630694, 43.398193], [-2.630694, 43.397915], [-2.630416, 43.397915], [-2.630416, 43.39764], [-2.630138, 43.39764], [-2.630138, 43.397362], [-2.62986, 43.397362], [-2.62986, 43.397083], [-2.629584, 43.397083], [-2.629584, 43.396805], [-2.629192, 43.396805], [-2.629028, 43.396805], [-2.629028, 43.396629], [-2.629028, 43.396526], [-2.62875, 43.396526], [-2.62875, 43.396252], [-2.628668, 43.396252], [-2.628194, 43.396252], [-2.628194, 43.395973], [-2.627916, 43.395973], [-2.627916, 43.395695], [-2.627638, 43.395695], [-2.627638, 43.395416], [-2.627362, 43.395416], [-2.627362, 43.395138], [-2.627084, 43.395138], [-2.627084, 43.394859], [-2.626528, 43.394859], [-2.626528, 43.394585], [-2.62625, 43.394585], [-2.62625, 43.394306], [-2.624862, 43.394306], [-2.624862, 43.394585], [-2.624579, 43.394585], [-2.624306, 43.394585], [-2.624306, 43.394306], [-2.623194, 43.394306], [-2.623194, 43.394028], [-2.622916, 43.394028], [-2.622916, 43.393749], [-2.621806, 43.393749], [-2.621806, 43.393471], [-2.620971, 43.393471], [-2.620971, 43.393196], [-2.620693, 43.393196], [-2.620693, 43.392918], [-2.62014, 43.392918], [-2.62014, 43.392639], [-2.619862, 43.392639], [-2.619862, 43.392361], [-2.619583, 43.392361], [-2.619583, 43.392082], [-2.619046, 43.392082], [-2.614583, 43.392082], [-2.614583, 43.392361], [-2.614027, 43.392361], [-2.614027, 43.392639], [-2.612361, 43.392639], [-2.612361, 43.392918], [-2.610905, 43.392918], [-2.608473, 43.392918], [-2.608473, 43.393196], [-2.607082, 43.393196], [-2.607082, 43.393471], [-2.606529, 43.393471], [-2.606529, 43.393749], [-2.605416, 43.393749], [-2.605416, 43.394028], [-2.604028, 43.394028], [-2.604028, 43.394306], [-2.602638, 43.394306], [-2.602638, 43.394585], [-2.602084, 43.394585], [-2.602084, 43.394306], [-2.601872, 43.394306], [-2.601806, 43.393749], [-2.601528, 43.393749], [-2.601528, 43.393471], [-2.60125, 43.393471], [-2.60125, 43.393196], [-2.600972, 43.393196], [-2.600972, 43.392918], [-2.600694, 43.392918], [-2.600694, 43.392639], [-2.59929, 43.392639], [-2.59875, 43.392639], [-2.59875, 43.392361], [-2.598472, 43.392361], [-2.598472, 43.392082], [-2.598194, 43.392082], [-2.598194, 43.391804], [-2.597916, 43.391804], [-2.597916, 43.391529], [-2.594306, 43.391529], [-2.594306, 43.391804], [-2.592918, 43.391804], [-2.592918, 43.391529], [-2.592361, 43.391529], [-2.592361, 43.391251], [-2.592083, 43.391251], [-2.592083, 43.390694], [-2.591805, 43.390694], [-2.591805, 43.390415], [-2.591527, 43.390415], [-2.591527, 43.390141], [-2.591249, 43.390141], [-2.591249, 43.389584], [-2.590971, 43.389584], [-2.590971, 43.389027], [-2.590695, 43.389027], [-2.590695, 43.388748], [-2.589305, 43.388748], [-2.589305, 43.388474], [-2.589027, 43.388474], [-2.589027, 43.388195], [-2.588473, 43.388195], [-2.588473, 43.387917], [-2.586527, 43.387917], [-2.586527, 43.388195], [-2.586251, 43.388195], [-2.586251, 43.388474], [-2.584861, 43.388474], [-2.584861, 43.388748], [-2.584569, 43.388748], [-2.584305, 43.388748], [-2.584305, 43.389027], [-2.583195, 43.389027], [-2.583195, 43.388748], [-2.582639, 43.388748], [-2.582639, 43.388474], [-2.582083, 43.388474], [-2.582083, 43.388195], [-2.581251, 43.388195], [-2.581251, 43.387638], [-2.580973, 43.387638], [-2.580973, 43.38736], [-2.57901, 43.38736], [-2.578194, 43.38736], [-2.578194, 43.387085], [-2.57736, 43.387085], [-2.57736, 43.38736], [-2.577084, 43.38736], [-2.577084, 43.387917], [-2.576528, 43.387917], [-2.576528, 43.388195], [-2.57625, 43.388195], [-2.57625, 43.388474], [-2.575972, 43.388474], [-2.575972, 43.388748], [-2.575826, 43.388748], [-2.575416, 43.388748], [-2.575416, 43.389027], [-2.57496, 43.389027], [-2.574306, 43.389027], [-2.574306, 43.389305], [-2.574028, 43.389305], [-2.574028, 43.389584], [-2.57264, 43.389584], [-2.572638, 43.389862], [-2.572362, 43.389862], [-2.572362, 43.390141], [-2.569584, 43.390141], [-2.569584, 43.390415], [-2.56875, 43.390415], [-2.56875, 43.390694], [-2.565693, 43.390694], [-2.565693, 43.390972], [-2.564027, 43.390972], [-2.564027, 43.391251], [-2.563749, 43.391251], [-2.563749, 43.390972], [-2.563195, 43.390972], [-2.563195, 43.390743], [-2.562361, 43.390694], [-2.562361, 43.390415], [-2.562083, 43.390415], [-2.562083, 43.390141], [-2.561805, 43.390141], [-2.561805, 43.389862], [-2.561249, 43.389862], [-2.561249, 43.389584], [-2.560973, 43.389584], [-2.560973, 43.389305], [-2.560417, 43.389305], [-2.560417, 43.389027], [-2.559861, 43.389027], [-2.559861, 43.388748], [-2.559305, 43.388748], [-2.559305, 43.388474], [-2.558749, 43.388474], [-2.558749, 43.388195], [-2.558473, 43.388195], [-2.558473, 43.387638], [-2.558195, 43.387638], [-2.558195, 43.386806], [-2.557953, 43.386806], [-2.557942, 43.386555], [-2.557917, 43.385971], [-2.558195, 43.385971], [-2.558195, 43.385693], [-2.558473, 43.385693], [-2.558473, 43.384861], [-2.558195, 43.384861], [-2.558195, 43.384583], [-2.557361, 43.384583], [-2.557361, 43.384304], [-2.557083, 43.384304], [-2.557083, 43.384029], [-2.556805, 43.384029], [-2.556805, 43.383751], [-2.556251, 43.383751], [-2.556251, 43.383472], [-2.555756, 43.383472], [-2.555695, 43.383194], [-2.55536, 43.383194], [-2.555139, 43.383194], [-2.555139, 43.383038], [-2.555139, 43.382915], [-2.554963, 43.382915], [-2.554304, 43.382915], [-2.554304, 43.382637], [-2.553751, 43.382637], [-2.553751, 43.382084], [-2.553473, 43.382084], [-2.553473, 43.381805], [-2.553195, 43.381805], [-2.553195, 43.381672], [-2.553195, 43.381527], [-2.552987, 43.381527], [-2.552916, 43.380695], [-2.552638, 43.380695], [-2.552638, 43.380417], [-2.552082, 43.380417], [-2.552082, 43.379581], [-2.551807, 43.379581], [-2.551807, 43.377384], [-2.551807, 43.375416], [-2.551528, 43.375416], [-2.551528, 43.375137], [-2.55125, 43.375137], [-2.55125, 43.374863], [-2.550972, 43.374863], [-2.550972, 43.374584], [-2.550694, 43.374584], [-2.550694, 43.374306], [-2.54875, 43.374306], [-2.54875, 43.374027], [-2.547638, 43.374027], [-2.547638, 43.373749], [-2.547084, 43.373749], [-2.547084, 43.373474], [-2.545138, 43.37347], [-2.545138, 43.373196], [-2.540972, 43.373196], [-2.540972, 43.37347], [-2.540693, 43.373474], [-2.540693, 43.373749], [-2.540418, 43.373749], [-2.540418, 43.374306], [-2.54014, 43.374306], [-2.54014, 43.374645], [-2.54014, 43.374863], [-2.539584, 43.374878], [-2.539584, 43.375137], [-2.539305, 43.375137], [-2.539305, 43.375416], [-2.539027, 43.375416], [-2.539027, 43.375694], [-2.538749, 43.375694], [-2.538749, 43.375416], [-2.538307, 43.375416], [-2.537917, 43.375416], [-2.537917, 43.37558], [-2.537917, 43.375694], [-2.537646, 43.375694], [-2.537361, 43.375694], [-2.537361, 43.375813], [-2.537361, 43.375973], [-2.536985, 43.375973], [-2.535139, 43.375973], [-2.535139, 43.376251], [-2.534583, 43.376251], [-2.534583, 43.376526], [-2.534305, 43.376526], [-2.534305, 43.376804], [-2.533361, 43.376804], [-2.532917, 43.376804], [-2.532917, 43.377083], [-2.530973, 43.377083], [-2.530973, 43.376804], [-2.529583, 43.376804], [-2.529583, 43.376526], [-2.528751, 43.376526], [-2.528751, 43.376251], [-2.52486, 43.376251], [-2.52486, 43.375973], [-2.524582, 43.375973], [-2.524582, 43.375694], [-2.522084, 43.375694], [-2.522084, 43.375416], [-2.520017, 43.375416], [-2.517362, 43.375416], [-2.517362, 43.375694], [-2.516806, 43.375694], [-2.516806, 43.375973], [-2.51625, 43.375973], [-2.51625, 43.376251], [-2.515694, 43.376251], [-2.515694, 43.376526], [-2.51514, 43.376526], [-2.51514, 43.376804], [-2.514962, 43.37682], [-2.514862, 43.376831], [-2.514862, 43.377083], [-2.514028, 43.377083], [-2.514028, 43.377361], [-2.513642, 43.377361], [-2.511883, 43.377361], [-2.510139, 43.377361], [-2.510139, 43.377083], [-2.509861, 43.377083], [-2.509861, 43.376804], [-2.509583, 43.376804], [-2.509583, 43.376526], [-2.509027, 43.376526], [-2.509027, 43.376251], [-2.508749, 43.376251], [-2.508749, 43.375973], [-2.508482, 43.375973], [-2.508195, 43.375973], [-2.508195, 43.375694], [-2.507917, 43.375694], [-2.507917, 43.375416], [-2.507639, 43.375416], [-2.507639, 43.375137], [-2.507361, 43.375137], [-2.507361, 43.374863], [-2.505973, 43.374863], [-2.505973, 43.374584], [-2.505695, 43.374584], [-2.505695, 43.374027], [-2.505973, 43.374027], [-2.505973, 43.373749], [-2.506249, 43.373749], [-2.506249, 43.373196], [-2.505973, 43.373196], [-2.505973, 43.372917], [-2.505695, 43.372917], [-2.505695, 43.372639], [-2.505417, 43.372639], [-2.505417, 43.37236], [-2.505139, 43.37236], [-2.505139, 43.372082], [-2.504583, 43.372082], [-2.504583, 43.371807], [-2.504305, 43.371807], [-2.504305, 43.371529], [-2.503751, 43.371529], [-2.503751, 43.370419], [-2.503473, 43.370415], [-2.503473, 43.369305], [-2.503195, 43.369305], [-2.503195, 43.36795], [-2.502917, 43.367916], [-2.502917, 43.367668], [-2.502917, 43.367085], [-2.502639, 43.367085], [-2.502639, 43.366806], [-2.501529, 43.366806], [-2.501529, 43.367085], [-2.499127, 43.367085], [-2.498751, 43.367085], [-2.498751, 43.366249], [-2.499029, 43.366249], [-2.499029, 43.365971], [-2.499304, 43.365971], [-2.499304, 43.365417], [-2.49986, 43.365417], [-2.49986, 43.365139], [-2.500139, 43.365139], [-2.500139, 43.364861], [-2.500417, 43.364861], [-2.500417, 43.364582], [-2.500695, 43.364582], [-2.500695, 43.364029], [-2.500945, 43.364029], [-2.501251, 43.364029], [-2.501251, 43.363194], [-2.500973, 43.363194], [-2.500973, 43.362915], [-2.500139, 43.362915], [-2.500139, 43.36264], [-2.498413, 43.36264], [-2.497916, 43.36264], [-2.497916, 43.363194], [-2.495694, 43.363194], [-2.495694, 43.363472], [-2.49486, 43.363472], [-2.49486, 43.363194], [-2.49375, 43.363194], [-2.49375, 43.362915], [-2.491806, 43.362915], [-2.491806, 43.363194], [-2.49125, 43.363194], [-2.49125, 43.363472], [-2.490972, 43.363472], [-2.490972, 43.364109], [-2.490972, 43.364861], [-2.490694, 43.364861], [-2.490694, 43.365139], [-2.489862, 43.365139], [-2.489862, 43.364861], [-2.489584, 43.364861], [-2.489584, 43.364582], [-2.489028, 43.364582], [-2.489028, 43.364307], [-2.48875, 43.364307], [-2.48875, 43.364029], [-2.488472, 43.364029], [-2.488472, 43.36375], [-2.487918, 43.36375], [-2.487918, 43.363472], [-2.487558, 43.363472], [-2.487362, 43.363472], [-2.487362, 43.363201], [-2.487084, 43.363194], [-2.487084, 43.362915], [-2.486806, 43.362915], [-2.486806, 43.36264], [-2.486528, 43.36264], [-2.486528, 43.362362], [-2.486249, 43.362362], [-2.486249, 43.362083], [-2.485971, 43.362083], [-2.485971, 43.361526], [-2.485693, 43.361526], [-2.485693, 43.360973], [-2.485418, 43.360973], [-2.485418, 43.360546], [-2.485418, 43.360416], [-2.48514, 43.360416], [-2.48514, 43.360165], [-2.48514, 43.357639], [-2.484861, 43.357639], [-2.484861, 43.357361], [-2.484305, 43.357361], [-2.484305, 43.357082], [-2.483471, 43.357082], [-2.483471, 43.356804], [-2.483195, 43.356804], [-2.483195, 43.356251], [-2.482917, 43.356251], [-2.482917, 43.355972], [-2.48207, 43.355972], [-2.480422, 43.355972], [-2.478195, 43.355972], [-2.478195, 43.355694], [-2.477917, 43.355694], [-2.477917, 43.354862], [-2.477639, 43.354862], [-2.477639, 43.354305], [-2.477361, 43.354305], [-2.477361, 43.353474], [-2.477083, 43.353474], [-2.477083, 43.353195], [-2.476805, 43.353195], [-2.476805, 43.352917], [-2.476527, 43.352917], [-2.476527, 43.352638], [-2.476251, 43.352638], [-2.476251, 43.35236], [-2.475811, 43.35236], [-2.475695, 43.35236], [-2.475695, 43.352161], [-2.475695, 43.352085], [-2.475417, 43.352085], [-2.475417, 43.351807], [-2.474861, 43.351807], [-2.474861, 43.351528], [-2.474305, 43.351528], [-2.474305, 43.351807], [-2.474029, 43.351807], [-2.474029, 43.352085], [-2.472638, 43.352085], [-2.472638, 43.351807], [-2.47236, 43.351807], [-2.47236, 43.351528], [-2.472253, 43.351528], [-2.472082, 43.351528], [-2.472082, 43.35125], [-2.471807, 43.35125], [-2.471807, 43.350971], [-2.471529, 43.350971], [-2.471529, 43.350693], [-2.47125, 43.350693], [-2.47125, 43.350418], [-2.470972, 43.350418], [-2.470972, 43.35014], [-2.470742, 43.35014], [-2.470694, 43.349861], [-2.470576, 43.349861], [-2.470138, 43.349861], [-2.470138, 43.349304], [-2.46986, 43.349304], [-2.46986, 43.34866], [-2.46986, 43.348473], [-2.469749, 43.348473], [-2.469582, 43.348473], [-2.469582, 43.348194], [-2.469582, 43.347084], [-2.469306, 43.347084], [-2.469306, 43.346527], [-2.469028, 43.346527], [-2.469028, 43.346249], [-2.46875, 43.346249], [-2.46875, 43.345974], [-2.468472, 43.345974], [-2.468472, 43.345417], [-2.468194, 43.345417], [-2.468194, 43.345139], [-2.467916, 43.345139], [-2.467916, 43.34486], [-2.467638, 43.34486], [-2.467638, 43.344582], [-2.467428, 43.344582], [-2.467399, 43.344463], [-2.467362, 43.344307], [-2.467084, 43.344307], [-2.467082, 43.344028], [-2.466806, 43.344028], [-2.466806, 43.34375], [-2.466528, 43.34375], [-2.466528, 43.343472], [-2.46625, 43.343472], [-2.46625, 43.343193], [-2.465694, 43.343193], [-2.465694, 43.342361], [-2.465416, 43.342361], [-2.465416, 43.341251], [-2.465138, 43.341251], [-2.465138, 43.340973], [-2.464862, 43.340973], [-2.464862, 43.340694], [-2.464584, 43.340694], [-2.464584, 43.340416], [-2.464306, 43.340416], [-2.464306, 43.339863], [-2.46375, 43.339863], [-2.46375, 43.339584], [-2.463472, 43.339584], [-2.463472, 43.339306], [-2.463194, 43.339306], [-2.463194, 43.339027], [-2.46264, 43.339027], [-2.46264, 43.338497], [-2.46264, 43.338196], [-2.462362, 43.338196], [-2.462362, 43.337917], [-2.462084, 43.337917], [-2.462084, 43.337639], [-2.461806, 43.337639], [-2.461806, 43.33736], [-2.46125, 43.33736], [-2.46125, 43.337082], [-2.460972, 43.337082], [-2.460972, 43.336807], [-2.460694, 43.336807], [-2.460694, 43.336529], [-2.460418, 43.336529], [-2.460415, 43.33625], [-2.46014, 43.33625], [-2.46014, 43.335972], [-2.459878, 43.335972], [-2.458749, 43.335972], [-2.458749, 43.33625], [-2.458471, 43.33625], [-2.458471, 43.336529], [-2.457918, 43.336529], [-2.457918, 43.336807], [-2.457083, 43.336807], [-2.457083, 43.337082], [-2.456131, 43.337086], [-2.455139, 43.33709], [-2.455139, 43.33736], [-2.454305, 43.33736], [-2.454305, 43.337082], [-2.453749, 43.337082], [-2.453749, 43.336807], [-2.453473, 43.336807], [-2.453473, 43.336529], [-2.453195, 43.336529], [-2.453195, 43.33625], [-2.45265, 43.33625], [-2.452639, 43.335972], [-2.451823, 43.335972], [-2.451251, 43.335972], [-2.451251, 43.335777], [-2.451251, 43.335693], [-2.449027, 43.335693], [-2.449027, 43.335415], [-2.448473, 43.335415], [-2.448473, 43.33514], [-2.448195, 43.33514], [-2.448195, 43.334862], [-2.447917, 43.334862], [-2.447894, 43.334648], [-2.447698, 43.334583], [-2.447361, 43.334583], [-2.447361, 43.334469], [-2.447361, 43.334305], [-2.447083, 43.334305], [-2.447083, 43.333752], [-2.446804, 43.333752], [-2.446804, 43.333473], [-2.444409, 43.333473], [-2.442916, 43.333473], [-2.442916, 43.333195], [-2.44125, 43.333195], [-2.44125, 43.333473], [-2.43986, 43.333473], [-2.43986, 43.333752], [-2.439584, 43.333752], [-2.439584, 43.334026], [-2.439028, 43.334026], [-2.439028, 43.334305], [-2.438212, 43.334305], [-2.43764, 43.334305], [-2.437638, 43.334583], [-2.436528, 43.334583], [-2.436528, 43.334305], [-2.43514, 43.334305], [-2.43514, 43.334026], [-2.434028, 43.334026], [-2.434028, 43.333752], [-2.433193, 43.333752], [-2.433193, 43.333519], [-2.432836, 43.3335], [-2.432362, 43.333473], [-2.432362, 43.333195], [-2.431805, 43.333195], [-2.431805, 43.332916], [-2.430999, 43.332916], [-2.429861, 43.332916], [-2.429861, 43.332638], [-2.429027, 43.332638], [-2.429027, 43.332359], [-2.427917, 43.332359], [-2.427917, 43.332085], [-2.427361, 43.332085], [-2.427361, 43.331806], [-2.426805, 43.331806], [-2.426805, 43.331528], [-2.426249, 43.331528], [-2.426249, 43.331249], [-2.425139, 43.331249], [-2.425139, 43.330971], [-2.424583, 43.330971], [-2.424583, 43.330696], [-2.424027, 43.330696], [-2.424027, 43.330418], [-2.423473, 43.330418], [-2.423473, 43.330139], [-2.423195, 43.330139], [-2.423195, 43.329891], [-2.422639, 43.329861], [-2.422639, 43.329678], [-2.422639, 43.329582], [-2.422395, 43.329582], [-2.422361, 43.329304], [-2.422083, 43.329304], [-2.422083, 43.329029], [-2.421529, 43.329029], [-2.421529, 43.328751], [-2.421251, 43.328751], [-2.421251, 43.328472], [-2.420973, 43.328472], [-2.420973, 43.328194], [-2.420695, 43.328194], [-2.420695, 43.327641], [-2.420417, 43.327641], [-2.420417, 43.327362], [-2.420139, 43.327362], [-2.420139, 43.327084], [-2.419029, 43.327084], [-2.419029, 43.326805], [-2.418751, 43.326805], [-2.418751, 43.326527], [-2.418194, 43.326527], [-2.418194, 43.326248], [-2.417748, 43.326248], [-2.417638, 43.326248], [-2.417638, 43.325974], [-2.417424, 43.325974], [-2.41736, 43.325695], [-2.417098, 43.325695], [-2.416807, 43.325695], [-2.416807, 43.325447], [-2.416807, 43.325249], [-2.416807, 43.32486], [-2.41736, 43.32486], [-2.41736, 43.325138], [-2.418286, 43.325138], [-2.419582, 43.325138], [-2.419582, 43.32486], [-2.419861, 43.32486], [-2.419861, 43.323193], [-2.419582, 43.323193], [-2.419582, 43.322979], [-2.419029, 43.322918], [-2.419029, 43.322639], [-2.418473, 43.322639], [-2.418473, 43.322918], [-2.418265, 43.322918], [-2.416528, 43.322918], [-2.416528, 43.322639], [-2.41625, 43.322639], [-2.41625, 43.322361], [-2.415694, 43.322361], [-2.415694, 43.322083], [-2.415138, 43.322083], [-2.415138, 43.321804], [-2.41375, 43.321804], [-2.41375, 43.322083], [-2.412916, 43.322083], [-2.412916, 43.321804], [-2.412638, 43.321804], [-2.412638, 43.321529], [-2.412362, 43.321529], [-2.412362, 43.321224], [-2.412782, 43.321129], [-2.415469, 43.320026], [-2.419943, 43.312782], [-2.428596, 43.308884], [-2.431963, 43.302307], [-2.436785, 43.299587], [-2.440045, 43.288147], [-2.4297, 43.28207], [-2.425495, 43.275585], [-2.421595, 43.273701], [-2.418304, 43.268059], [-2.422757, 43.261589], [-2.438973, 43.251816], [-2.436592, 43.243675], [-2.442891, 43.241024], [-2.445111, 43.236748], [-2.459798, 43.226185], [-2.463221, 43.223454], [-2.473245, 43.221813], [-2.483184, 43.224392], [-2.489962, 43.223816], [-2.494083, 43.225681], [-2.497736, 43.220322], [-2.499245, 43.211918], [-2.499448, 43.209751], [-2.495829, 43.206646], [-2.491191, 43.201942], [-2.486849, 43.201427], [-2.48895, 43.18705], [-2.492437, 43.180706], [-2.490008, 43.179829], [-2.484836, 43.171597], [-2.486945, 43.169392], [-2.501577, 43.167385], [-2.502812, 43.165424], [-2.507851, 43.165871], [-2.509684, 43.16143], [-2.504932, 43.155739], [-2.500565, 43.151287], [-2.503509, 43.139946], [-2.496182, 43.123398], [-2.501308, 43.118729], [-2.505121, 43.097061], [-2.501107, 43.096523], [-2.502322, 43.09536], [-2.513791, 43.090096], [-2.525925, 43.095451], [-2.538866, 43.091946], [-2.544641, 43.091789], [-2.54661, 43.088165], [-2.547902, 43.087856], [-2.560037, 43.085094], [-2.592434, 43.081188], [-2.606485, 43.083488], [-2.611458, 43.085945], [-2.624408, 43.08556], [-2.633012, 43.087029], [-2.661636, 43.074253], [-2.661205, 43.065323], [-2.657071, 43.064491], [-2.65264, 43.059715], [-2.648155, 43.058033], [-2.637345, 43.046284], [-2.633657, 43.044804], [-2.633835, 43.033611], [-2.630548, 43.028694], [-2.633584, 43.019897], [-2.643259, 43.021358], [-2.653401, 43.027119], [-2.653212, 43.030014], [-2.656658, 43.026333], [-2.666841, 43.031414], [-2.673929, 43.025936], [-2.67648, 43.026367], [-2.686973, 43.02161], [-2.687686, 43.023666], [-2.692078, 43.02169], [-2.698692, 43.026901], [-2.702125, 43.027794], [-2.70395, 43.031094], [-2.708228, 43.0299], [-2.715257, 43.030754], [-2.729684, 43.023937], [-2.733668, 43.025345], [-2.734917, 43.029137], [-2.739842, 43.034119], [-2.745588, 43.033428], [-2.749038, 43.027267], [-2.751153, 43.026508], [-2.757822, 43.028252], [-2.76971, 43.026844], [-2.773888, 43.029057], [-2.774676, 43.031128], [-2.781135, 43.033978], [-2.789568, 43.034473], [-2.8219, 43.03503], [-2.836696, 43.041943], [-2.848083, 43.044533], [-2.863759, 43.051937], [-2.883738, 43.050426], [-2.888161, 43.048847], [-2.890242, 43.045834], [-2.894121, 43.046406], [-2.906559, 43.055222], [-2.918706, 43.06031], [-2.930175, 43.073166], [-2.942491, 43.076504], [-2.940917, 43.07888], [-2.960747, 43.093056], [-2.972886, 43.095436], [-2.975441, 43.099453], [-2.964845, 43.104279], [-2.957661, 43.115181], [-2.956025, 43.115154], [-2.94852, 43.124756], [-2.942738, 43.128906], [-2.941258, 43.132626], [-2.935773, 43.136196], [-2.93915, 43.138756], [-2.937498, 43.142662], [-2.938813, 43.145275], [-2.939782, 43.146214], [-2.949575, 43.15704], [-2.954124, 43.159691], [-2.946352, 43.170853], [-2.961495, 43.176323]], [[-3.296446, 43.243427], [-3.292665, 43.241085], [-3.296822, 43.229889], [-3.296375, 43.221367], [-3.292473, 43.21909], [-3.294563, 43.210709], [-3.297854, 43.206657], [-3.291033, 43.203625], [-3.284998, 43.197674], [-3.283655, 43.200027], [-3.269696, 43.202118], [-3.265046, 43.206181], [-3.271277, 43.217503], [-3.266313, 43.222828], [-3.270211, 43.229542], [-3.268923, 43.2341], [-3.257324, 43.240093], [-3.251453, 43.247467], [-3.249372, 43.25964], [-3.266899, 43.266903], [-3.271273, 43.266335], [-3.279421, 43.261948], [-3.288624, 43.261879], [-3.304553, 43.258667], [-3.303208, 43.256233], [-3.305569, 43.252552], [-3.299698, 43.248875], [-3.296446, 43.243427]]], [[[-2.68486, 43.42625], [-2.68375, 43.42625], [-2.68375, 43.425972], [-2.682638, 43.425972], [-2.682638, 43.425694], [-2.682084, 43.425694], [-2.682084, 43.425415], [-2.681806, 43.425415], [-2.681806, 43.424305], [-2.681608, 43.424305], [-2.681528, 43.424305], [-2.681528, 43.423752], [-2.681806, 43.423752], [-2.681806, 43.423473], [-2.682504, 43.423473], [-2.682638, 43.423473], [-2.682638, 43.423592], [-2.682638, 43.423752], [-2.682829, 43.423752], [-2.683194, 43.423752], [-2.683194, 43.424026], [-2.68375, 43.424026], [-2.68375, 43.424305], [-2.684306, 43.424305], [-2.684306, 43.424583], [-2.68486, 43.424583], [-2.68486, 43.424862], [-2.685138, 43.424862], [-2.685138, 43.42514], [-2.685416, 43.42514], [-2.685416, 43.425415], [-2.685694, 43.425415], [-2.685694, 43.425972], [-2.685972, 43.425972], [-2.685972, 43.42625], [-2.68625, 43.42625], [-2.68625, 43.426529], [-2.686807, 43.426529], [-2.686807, 43.426807], [-2.68736, 43.426807], [-2.68736, 43.427361], [-2.687053, 43.427361], [-2.686706, 43.427361], [-2.686529, 43.427361], [-2.686529, 43.427082], [-2.685972, 43.427082], [-2.685972, 43.426807], [-2.685694, 43.426807], [-2.685694, 43.426529], [-2.68486, 43.426529], [-2.68486, 43.42625]]], [[[-2.49375, 43.366528], [-2.494584, 43.366528], [-2.494584, 43.365417], [-2.49486, 43.365417], [-2.49486, 43.365139], [-2.495138, 43.365139], [-2.495138, 43.364861], [-2.49625, 43.364861], [-2.49625, 43.365139], [-2.49736, 43.365139], [-2.49736, 43.365417], [-2.497638, 43.365417], [-2.497638, 43.365971], [-2.49736, 43.365971], [-2.49736, 43.366249], [-2.497084, 43.366249], [-2.497084, 43.366528], [-2.496806, 43.366528], [-2.496806, 43.366806], [-2.496528, 43.366806], [-2.496528, 43.367085], [-2.49625, 43.367085], [-2.49625, 43.367363], [-2.495972, 43.367363], [-2.495972, 43.367638], [-2.495694, 43.367638], [-2.495694, 43.368195], [-2.494584, 43.368195], [-2.494584, 43.367916], [-2.494028, 43.367916], [-2.494028, 43.367638], [-2.493472, 43.367638], [-2.493472, 43.366806], [-2.49375, 43.366806], [-2.49375, 43.366528]]]]}}, {"id": "2", "type": "Feature", "properties": {"district": "Álava", "color": [255, 127, 14]}, "geometry": {"type": "Polygon", "coordinates": [[[-2.828448, 42.563686], [-2.837615, 42.571117], [-2.840719, 42.581608], [-2.822297, 42.589046], [-2.819423, 42.592133], [-2.818937, 42.59964], [-2.823591, 42.601448], [-2.819386, 42.609108], [-2.819847, 42.614491], [-2.834296, 42.609173], [-2.841747, 42.608589], [-2.844379, 42.614311], [-2.84803, 42.617172], [-2.843028, 42.623447], [-2.842841, 42.629593], [-2.85804, 42.638191], [-2.85887, 42.638798], [-2.868016, 42.63871], [-2.871663, 42.640156], [-2.874425, 42.643021], [-2.889075, 42.649212], [-2.896006, 42.655022], [-2.900649, 42.667797], [-2.897241, 42.669384], [-2.899847, 42.672935], [-2.896836, 42.677376], [-2.895003, 42.679298], [-2.897989, 42.682293], [-2.901344, 42.682564], [-2.90373, 42.686413], [-2.902449, 42.693588], [-2.918449, 42.697906], [-2.921608, 42.701176], [-2.930266, 42.69965], [-2.927976, 42.704746], [-2.930524, 42.708206], [-2.946959, 42.709637], [-2.956312, 42.710373], [-2.963396, 42.708004], [-2.973934, 42.708668], [-2.980578, 42.703804], [-2.986951, 42.708839], [-2.989319, 42.719257], [-2.994264, 42.721527], [-3.007406, 42.723202], [-3.010729, 42.728443], [-3.005794, 42.732445], [-3.007089, 42.733639], [-3.016265, 42.733871], [-3.016278, 42.740475], [-3.017769, 42.741211], [-3.033, 42.737057], [-3.040711, 42.73848], [-3.043013, 42.743748], [-3.048708, 42.748615], [-3.05034, 42.755924], [-3.047448, 42.760864], [-3.048515, 42.764751], [-3.049602, 42.765591], [-3.057802, 42.763454], [-3.060391, 42.761982], [-3.06414, 42.760075], [-3.06853, 42.760971], [-3.080796, 42.767239], [-3.082273, 42.766148], [-3.081277, 42.761887], [-3.084388, 42.757076], [-3.089085, 42.760208], [-3.090961, 42.764198], [-3.100595, 42.767151], [-3.109671, 42.763462], [-3.115371, 42.759266], [-3.131158, 42.758068], [-3.14786, 42.75668], [-3.141984, 42.762886], [-3.136587, 42.765465], [-3.128179, 42.784279], [-3.123202, 42.78931], [-3.130686, 42.789631], [-3.140029, 42.7957], [-3.159176, 42.804573], [-3.148083, 42.814457], [-3.148808, 42.820511], [-3.140867, 42.83625], [-3.13289, 42.837334], [-3.13006, 42.840523], [-3.131341, 42.844639], [-3.127863, 42.849556], [-3.122867, 42.848862], [-3.120788, 42.854977], [-3.113098, 42.861046], [-3.113693, 42.864044], [-3.108196, 42.871166], [-3.105137, 42.880154], [-3.113272, 42.881847], [-3.112522, 42.886711], [-3.11489, 42.889229], [-3.11891, 42.891254], [-3.125647, 42.8913], [-3.138032, 42.876148], [-3.138668, 42.871277], [-3.144687, 42.868675], [-3.149836, 42.861301], [-3.160694, 42.856316], [-3.173008, 42.857189], [-3.190635, 42.869446], [-3.200419, 42.855045], [-3.206944, 42.851334], [-3.209392, 42.844208], [-3.222123, 42.838615], [-3.205481, 42.827381], [-3.216918, 42.826496], [-3.225788, 42.830097], [-3.282557, 42.875492], [-3.286714, 42.885132], [-3.276351, 42.887001], [-3.277187, 42.901562], [-3.248495, 42.912125], [-3.245673, 42.92382], [-3.239896, 42.931534], [-3.235317, 42.933052], [-3.235506, 42.943844], [-3.22468, 42.949673], [-3.219935, 42.949467], [-3.216594, 42.94788], [-3.216599, 42.945538], [-3.213695, 42.946018], [-3.211568, 42.944286], [-3.209743, 42.94455], [-3.209677, 42.94672], [-3.20644, 42.946922], [-3.202536, 42.94495], [-3.196487, 42.946407], [-3.180704, 42.944511], [-3.169343, 42.940186], [-3.144683, 42.934666], [-3.147705, 42.932671], [-3.150773, 42.919483], [-3.149505, 42.917305], [-3.141544, 42.913216], [-3.131828, 42.912724], [-3.126481, 42.904041], [-3.108367, 42.906139], [-3.104613, 42.910141], [-3.098469, 42.906086], [-3.092789, 42.900253], [-3.09373, 42.899227], [-3.089468, 42.898979], [-3.075128, 42.900986], [-3.06892, 42.9039], [-3.060001, 42.901699], [-3.028656, 42.906521], [-3.018858, 42.908497], [-3.016089, 42.910538], [-3.014341, 42.918941], [-3.004844, 42.926983], [-3.002248, 42.927822], [-2.997592, 42.926228], [-2.991315, 42.934532], [-2.984906, 42.935528], [-2.981424, 42.938786], [-2.984769, 42.94421], [-2.990663, 42.946911], [-2.996033, 42.952854], [-3.011577, 42.952431], [-3.019583, 42.955006], [-3.021338, 42.957687], [-3.020333, 42.960968], [-3.024736, 42.96191], [-3.037748, 42.969391], [-3.040569, 42.969418], [-3.044838, 42.97337], [-3.038846, 42.97826], [-3.036909, 42.982216], [-3.041116, 42.982304], [-3.052865, 42.994392], [-3.058584, 42.996822], [-3.061077, 42.999134], [-3.060211, 43.003494], [-3.071721, 43.005596], [-3.077049, 43.008507], [-3.079253, 43.004787], [-3.088942, 43.001621], [-3.106063, 43.005386], [-3.120346, 43.005924], [-3.124337, 43.007744], [-3.129577, 43.007847], [-3.14474, 43.006821], [-3.169229, 43.015244], [-3.177753, 43.021965], [-3.170916, 43.025513], [-3.1702, 43.029057], [-3.152803, 43.026955], [-3.143413, 43.027382], [-3.141811, 43.029797], [-3.147422, 43.034904], [-3.144334, 43.038067], [-3.145025, 43.049316], [-3.14172, 43.048996], [-3.143573, 43.053612], [-3.140578, 43.059299], [-3.140263, 43.067135], [-3.140993, 43.06868], [-3.147418, 43.068871], [-3.158141, 43.073997], [-3.15152, 43.078941], [-3.147554, 43.085712], [-3.133893, 43.097218], [-3.141446, 43.110626], [-3.147928, 43.108238], [-3.15201, 43.104099], [-3.162458, 43.108902], [-3.169612, 43.10957], [-3.180385, 43.116299], [-3.181739, 43.120861], [-3.16143, 43.143169], [-3.166726, 43.146927], [-3.161804, 43.154243], [-3.148377, 43.16106], [-3.141316, 43.161518], [-3.138244, 43.163162], [-3.135049, 43.158115], [-3.132412, 43.156479], [-3.125043, 43.155659], [-3.116613, 43.146294], [-3.111293, 43.143482], [-3.108736, 43.143635], [-3.093562, 43.151466], [-3.088003, 43.151154], [-3.081626, 43.147774], [-3.074665, 43.146339], [-3.06587, 43.155762], [-3.026858, 43.161354], [-3.027722, 43.169079], [-3.018574, 43.182182], [-3.021124, 43.192284], [-3.017493, 43.194164], [-3.021434, 43.19965], [-3.016461, 43.202812], [-3.028736, 43.205086], [-3.040027, 43.209866], [-3.033174, 43.216801], [-3.027214, 43.216965], [-3.018421, 43.209763], [-3.01959, 43.206558], [-3.014874, 43.205658], [-3.012165, 43.20013], [-3.006738, 43.196571], [-2.982625, 43.200481], [-2.981369, 43.20182], [-2.980004, 43.201839], [-2.972982, 43.18626], [-2.961495, 43.176323], [-2.946352, 43.170853], [-2.954124, 43.159691], [-2.949575, 43.15704], [-2.939782, 43.146214], [-2.938813, 43.145275], [-2.937498, 43.142662], [-2.93915, 43.138756], [-2.935773, 43.136196], [-2.941258, 43.132626], [-2.942738, 43.128906], [-2.94852, 43.124756], [-2.956025, 43.115154], [-2.957661, 43.115181], [-2.964845, 43.104279], [-2.975441, 43.099453], [-2.972886, 43.095436], [-2.960747, 43.093056], [-2.940917, 43.07888], [-2.942491, 43.076504], [-2.930175, 43.073166], [-2.918706, 43.06031], [-2.906559, 43.055222], [-2.894121, 43.046406], [-2.890242, 43.045834], [-2.888161, 43.048847], [-2.883738, 43.050426], [-2.863759, 43.051937], [-2.848083, 43.044533], [-2.836696, 43.041943], [-2.8219, 43.03503], [-2.789568, 43.034473], [-2.781135, 43.033978], [-2.774676, 43.031128], [-2.773888, 43.029057], [-2.76971, 43.026844], [-2.757822, 43.028252], [-2.751153, 43.026508], [-2.749038, 43.027267], [-2.745588, 43.033428], [-2.739842, 43.034119], [-2.734917, 43.029137], [-2.733668, 43.025345], [-2.729684, 43.023937], [-2.715257, 43.030754], [-2.708228, 43.0299], [-2.70395, 43.031094], [-2.702125, 43.027794], [-2.698692, 43.026901], [-2.692078, 43.02169], [-2.687686, 43.023666], [-2.686973, 43.02161], [-2.67648, 43.026367], [-2.673929, 43.025936], [-2.666841, 43.031414], [-2.656658, 43.026333], [-2.653212, 43.030014], [-2.653401, 43.027119], [-2.643259, 43.021358], [-2.633584, 43.019897], [-2.630548, 43.028694], [-2.633835, 43.033611], [-2.633657, 43.044804], [-2.637345, 43.046284], [-2.648155, 43.058033], [-2.65264, 43.059715], [-2.657071, 43.064491], [-2.661205, 43.065323], [-2.661636, 43.074253], [-2.633012, 43.087029], [-2.624408, 43.08556], [-2.611458, 43.085945], [-2.606485, 43.083488], [-2.592434, 43.081188], [-2.560037, 43.085094], [-2.547902, 43.087856], [-2.54661, 43.088165], [-2.545033, 43.087025], [-2.547225, 43.084667], [-2.540958, 43.076679], [-2.546353, 43.076542], [-2.548082, 43.075069], [-2.54217, 43.070499], [-2.540801, 43.063171], [-2.533995, 43.058453], [-2.528999, 43.051861], [-2.524808, 43.044357], [-2.530194, 43.04483], [-2.536055, 43.036114], [-2.540917, 43.032791], [-2.54078, 43.024921], [-2.549543, 43.019779], [-2.555107, 43.021008], [-2.563382, 43.01865], [-2.58185, 43.008083], [-2.584533, 43.008804], [-2.590395, 43.007439], [-2.596494, 43.009235], [-2.600899, 43.001354], [-2.598615, 42.99416], [-2.59297, 42.987045], [-2.59973, 42.984959], [-2.602643, 42.982216], [-2.59676, 42.975964], [-2.593982, 42.973064], [-2.587357, 42.971779], [-2.580982, 42.964245], [-2.573581, 42.96357], [-2.571551, 42.961113], [-2.566874, 42.961979], [-2.551118, 42.958611], [-2.54813, 42.953114], [-2.545281, 42.950447], [-2.542462, 42.95015], [-2.540046, 42.953613], [-2.538476, 42.95723], [-2.540796, 42.965099], [-2.535265, 42.973434], [-2.505923, 42.960613], [-2.5003, 42.959824], [-2.483583, 42.965191], [-2.478918, 42.965916], [-2.464958, 42.962284], [-2.454057, 42.956848], [-2.444838, 42.958099], [-2.442096, 42.959076], [-2.432993, 42.95816], [-2.422438, 42.955585], [-2.409857, 42.959492], [-2.399882, 42.956558], [-2.393698, 42.952068], [-2.389769, 42.952641], [-2.384771, 42.951038], [-2.376639, 42.948032], [-2.371089, 42.948895], [-2.363472, 42.946789], [-2.354762, 42.95002], [-2.351885, 42.947201], [-2.350867, 42.942604], [-2.339081, 42.936386], [-2.322826, 42.93111], [-2.316404, 42.929047], [-2.314223, 42.926693], [-2.309573, 42.926056], [-2.304915, 42.927429], [-2.302284, 42.925945], [-2.297678, 42.915043], [-2.291155, 42.908039], [-2.292769, 42.906113], [-2.289505, 42.902302], [-2.273137, 42.901669], [-2.255412, 42.898544], [-2.250744, 42.895725], [-2.253032, 42.892765], [-2.240946, 42.885628], [-2.242088, 42.879494], [-2.240465, 42.865028], [-2.2359, 42.85096], [-2.232648, 42.843815], [-2.235772, 42.83448], [-2.252909, 42.820671], [-2.267651, 42.8134], [-2.27037, 42.808918], [-2.268551, 42.795097], [-2.273734, 42.79118], [-2.280968, 42.78513], [-2.275425, 42.779278], [-2.273239, 42.76857], [-2.270762, 42.765862], [-2.268499, 42.759678], [-2.267509, 42.756977], [-2.264884, 42.752544], [-2.264624, 42.752407], [-2.262393, 42.748222], [-2.265055, 42.748039], [-2.267617, 42.74786], [-2.272296, 42.743], [-2.273392, 42.741863], [-2.274566, 42.742062], [-2.279703, 42.742928], [-2.286476, 42.742989], [-2.287181, 42.742035], [-2.288699, 42.739979], [-2.303859, 42.736069], [-2.305589, 42.736111], [-2.311087, 42.736252], [-2.316805, 42.739338], [-2.319718, 42.728729], [-2.323702, 42.724075], [-2.322414, 42.717949], [-2.320871, 42.717022], [-2.318487, 42.718811], [-2.312819, 42.708698], [-2.315661, 42.70332], [-2.312497, 42.688015], [-2.316819, 42.682499], [-2.311481, 42.680473], [-2.309254, 42.67115], [-2.30488, 42.670456], [-2.293517, 42.67786], [-2.289309, 42.668282], [-2.288434, 42.655064], [-2.293289, 42.650852], [-2.295224, 42.651299], [-2.297861, 42.651466], [-2.310398, 42.652279], [-2.313986, 42.651039], [-2.323186, 42.647854], [-2.332134, 42.646179], [-2.336305, 42.640537], [-2.34724, 42.634064], [-2.365895, 42.637032], [-2.369243, 42.63541], [-2.369508, 42.635422], [-2.381902, 42.634293], [-2.382492, 42.636131], [-2.376005, 42.637257], [-2.372076, 42.643379], [-2.381612, 42.647366], [-2.376213, 42.650703], [-2.394548, 42.660809], [-2.403458, 42.659344], [-2.415749, 42.662674], [-2.417249, 42.66135], [-2.429565, 42.658306], [-2.429943, 42.654243], [-2.450025, 42.647247], [-2.454948, 42.639587], [-2.454538, 42.634857], [-2.455046, 42.634686], [-2.456912, 42.634048], [-2.459192, 42.633934], [-2.46447, 42.627316], [-2.471007, 42.627254], [-2.479854, 42.615356], [-2.479923, 42.615265], [-2.483022, 42.612152], [-2.500031, 42.616467], [-2.499302, 42.611549], [-2.494254, 42.601215], [-2.49058, 42.58535], [-2.488877, 42.587738], [-2.483663, 42.589153], [-2.472461, 42.589355], [-2.462154, 42.587379], [-2.459962, 42.578842], [-2.453191, 42.567104], [-2.443744, 42.574677], [-2.433526, 42.590809], [-2.432596, 42.592278], [-2.429524, 42.597271], [-2.424891, 42.600231], [-2.424788, 42.604565], [-2.422384, 42.606216], [-2.421071, 42.607121], [-2.418498, 42.607143], [-2.411931, 42.600281], [-2.399278, 42.597874], [-2.396705, 42.599094], [-2.399984, 42.589096], [-2.398147, 42.586178], [-2.393042, 42.564594], [-2.39051, 42.560734], [-2.389904, 42.549061], [-2.395977, 42.546848], [-2.400144, 42.543163], [-2.401003, 42.538502], [-2.398352, 42.534184], [-2.398193, 42.529381], [-2.393249, 42.523113], [-2.392153, 42.516949], [-2.409253, 42.516022], [-2.422014, 42.511719], [-2.423701, 42.509628], [-2.423268, 42.499638], [-2.420651, 42.489296], [-2.438549, 42.489429], [-2.449129, 42.496883], [-2.47252, 42.492493], [-2.477046, 42.486828], [-2.514668, 42.490112], [-2.517114, 42.491642], [-2.519115, 42.495701], [-2.518039, 42.499626], [-2.510087, 42.504978], [-2.505321, 42.513451], [-2.507204, 42.518742], [-2.509688, 42.52005], [-2.513877, 42.518261], [-2.519459, 42.50795], [-2.537845, 42.494041], [-2.537678, 42.49007], [-2.529293, 42.485378], [-2.529767, 42.483932], [-2.537193, 42.48336], [-2.548878, 42.484444], [-2.556841, 42.48513], [-2.567512, 42.494087], [-2.57447, 42.491005], [-2.577992, 42.482967], [-2.591413, 42.482594], [-2.592074, 42.480263], [-2.587199, 42.474102], [-2.592845, 42.472248], [-2.596938, 42.472931], [-2.600523, 42.475464], [-2.602385, 42.479481], [-2.600856, 42.484554], [-2.598228, 42.488327], [-2.593715, 42.489708], [-2.592229, 42.491817], [-2.605371, 42.503517], [-2.608493, 42.498699], [-2.610118, 42.495869], [-2.628531, 42.495598], [-2.630913, 42.490192], [-2.639473, 42.48452], [-2.644643, 42.483112], [-2.647694, 42.483257], [-2.6498, 42.485451], [-2.653894, 42.495525], [-2.656487, 42.504044], [-2.665743, 42.509842], [-2.668348, 42.509758], [-2.675655, 42.509014], [-2.677293, 42.510109], [-2.675728, 42.525723], [-2.681508, 42.52372], [-2.685252, 42.520233], [-2.694428, 42.518433], [-2.705441, 42.516758], [-2.699059, 42.527489], [-2.691374, 42.542755], [-2.687025, 42.559704], [-2.686007, 42.583096], [-2.680489, 42.594509], [-2.681717, 42.595387], [-2.685022, 42.594955], [-2.706268, 42.599823], [-2.718929, 42.606247], [-2.728114, 42.613598], [-2.730523, 42.617611], [-2.736831, 42.619518], [-2.74072, 42.622543], [-2.749373, 42.623714], [-2.756562, 42.618996], [-2.763668, 42.622829], [-2.765824, 42.620148], [-2.773749, 42.607059], [-2.771814, 42.596268], [-2.778813, 42.58482], [-2.777619, 42.581844], [-2.780429, 42.579597], [-2.789318, 42.578236], [-2.798275, 42.573776], [-2.800198, 42.566513], [-2.803435, 42.56459], [-2.812982, 42.569576], [-2.815765, 42.567837], [-2.817381, 42.557652], [-2.820043, 42.554962], [-2.82494, 42.554935], [-2.828448, 42.563686]], [[-2.793725, 42.793152], [-2.810299, 42.791515], [-2.817834, 42.789978], [-2.826764, 42.784435], [-2.830472, 42.792122], [-2.835424, 42.796253], [-2.841799, 42.77618], [-2.845241, 42.778042], [-2.85371, 42.768219], [-2.853787, 42.766624], [-2.84832, 42.763279], [-2.852283, 42.762138], [-2.85322, 42.758602], [-2.851242, 42.752769], [-2.85585, 42.752487], [-2.854152, 42.746964], [-2.861878, 42.74551], [-2.868413, 42.739906], [-2.864875, 42.737125], [-2.854152, 42.736385], [-2.84669, 42.730747], [-2.855173, 42.728741], [-2.851552, 42.725086], [-2.84419, 42.724483], [-2.838335, 42.721478], [-2.828936, 42.718998], [-2.825253, 42.708923], [-2.81096, 42.70673], [-2.806675, 42.702316], [-2.795444, 42.697941], [-2.784454, 42.698929], [-2.778309, 42.685715], [-2.770458, 42.676624], [-2.77074, 42.672688], [-2.775693, 42.670238], [-2.770549, 42.66869], [-2.767848, 42.666], [-2.748863, 42.665936], [-2.737636, 42.663105], [-2.734992, 42.662083], [-2.726468, 42.663666], [-2.717958, 42.662006], [-2.714484, 42.663872], [-2.714703, 42.669563], [-2.705311, 42.673809], [-2.699155, 42.674828], [-2.679814, 42.671604], [-2.677827, 42.669159], [-2.670622, 42.669804], [-2.666347, 42.666183], [-2.659124, 42.672443], [-2.653878, 42.669979], [-2.651671, 42.660976], [-2.637559, 42.649612], [-2.634801, 42.647785], [-2.631765, 42.649189], [-2.618631, 42.648617], [-2.613286, 42.64679], [-2.603889, 42.649586], [-2.601132, 42.64782], [-2.59983, 42.650696], [-2.584795, 42.65155], [-2.564873, 42.644543], [-2.560157, 42.647251], [-2.560711, 42.648228], [-2.556812, 42.649593], [-2.551884, 42.649246], [-2.547791, 42.645081], [-2.551542, 42.640736], [-2.549115, 42.637566], [-2.538202, 42.638702], [-2.523871, 42.644966], [-2.517346, 42.646324], [-2.517346, 42.65424], [-2.523169, 42.664955], [-2.521975, 42.684021], [-2.535436, 42.687511], [-2.539349, 42.686569], [-2.548329, 42.668793], [-2.567596, 42.670483], [-2.573203, 42.66806], [-2.577716, 42.668201], [-2.579421, 42.668922], [-2.578069, 42.673977], [-2.594087, 42.690029], [-2.603766, 42.69561], [-2.608929, 42.695953], [-2.608053, 42.707123], [-2.603012, 42.708675], [-2.600259, 42.715256], [-2.592352, 42.710617], [-2.589932, 42.710754], [-2.572579, 42.725163], [-2.570233, 42.73254], [-2.566963, 42.737331], [-2.564583, 42.736893], [-2.562523, 42.741268], [-2.564121, 42.747032], [-2.558933, 42.753208], [-2.557819, 42.760288], [-2.558254, 42.762722], [-2.564768, 42.762928], [-2.566958, 42.759026], [-2.574967, 42.754711], [-2.589319, 42.750313], [-2.591669, 42.751652], [-2.592339, 42.759285], [-2.602353, 42.765938], [-2.602299, 42.770622], [-2.609008, 42.770752], [-2.614266, 42.768391], [-2.617822, 42.770824], [-2.620703, 42.769386], [-2.624044, 42.770531], [-2.632691, 42.765579], [-2.635127, 42.764877], [-2.640057, 42.766289], [-2.64366, 42.764702], [-2.645527, 42.767151], [-2.651528, 42.767475], [-2.653335, 42.772182], [-2.66706, 42.774521], [-2.667794, 42.772415], [-2.678903, 42.779755], [-2.693553, 42.779049], [-2.694809, 42.781906], [-2.701999, 42.784351], [-2.710731, 42.783634], [-2.718667, 42.788696], [-2.728107, 42.791229], [-2.731505, 42.794498], [-2.743621, 42.792179], [-2.758164, 42.793884], [-2.767376, 42.792397], [-2.772947, 42.794041], [-2.779128, 42.792736], [-2.793725, 42.793152]]]}}]}